id,name,active,plan_id/id,company_id/id,partner_id/id
account_analytic_account_mrg_s00007_prj,MRG%: S00007_PRJ,1,analytic.analytic_plan_projects,base.main_company,Jinasena_MasterData_Common.res_partner_janitha_chamath_ranasinghe
account_analytic_account_s00006_prj,S00006_PRJ,1,analytic.analytic_plan_projects,base.main_company,Jinasena_MasterData_Common.res_partner_janitha_chamath_ranasinghe
account_analytic_account_s00008_prj,S00008_PRJ,1,analytic.analytic_plan_projects,base.main_company,base.default_user_res_partner
account_analytic_account_s00021_prj,S00021_PRJ,1,analytic.analytic_plan_projects,base.main_company,Jinasena_MasterData_Common.res_partner_rubber_development_department
account_analytic_account_s00023_prj,S00023_PRJ,1,analytic.analytic_plan_projects,base.main_company,Jinasena_MasterData_Common.res_partner_rubber_development_department
account_analytic_account_automobile,AUTOMOBILE,1,Jinasena_MasterData_Accounting.account_analytic_plan_department,base.main_company,
account_analytic_account_d_1,D-1,1,Jinasena_MasterData_Accounting.account_analytic_plan_department,base.main_company,
account_analytic_account_d_2,D-2,1,Jinasena_MasterData_Accounting.account_analytic_plan_department,base.main_company,
account_analytic_account_d_3,D-3,1,Jinasena_MasterData_Accounting.account_analytic_plan_department,base.main_company,
account_analytic_account_dir_nsbu1,Dir-NSBU1,1,Jinasena_MasterData_Accounting.account_analytic_plan_department,base.main_company,
account_analytic_account_dir_sbu1,Dir-SBU1,1,Jinasena_MasterData_Accounting.account_analytic_plan_department,base.main_company,
account_analytic_account_engineerin,ENGINEERIN,1,Jinasena_MasterData_Accounting.account_analytic_plan_department,base.main_company,
account_analytic_account_gen,GEN,1,Jinasena_MasterData_Accounting.account_analytic_plan_department,base.main_company,
account_analytic_account_it,IT,1,Jinasena_MasterData_Accounting.account_analytic_plan_department,base.main_company,
account_analytic_account_jem,JEM,1,Jinasena_MasterData_Accounting.account_analytic_plan_department,base.main_company,
account_analytic_account_non_sbu1,Non-SBU1,1,Jinasena_MasterData_Accounting.account_analytic_plan_department,base.main_company,
account_analytic_account_oth_comp,OTH-COMP,1,Jinasena_MasterData_Accounting.account_analytic_plan_department,base.main_company,
account_analytic_account_oth_sbu_1,OTH-SBU-1,1,Jinasena_MasterData_Accounting.account_analytic_plan_department,base.main_company,
account_analytic_account_r_d,R & D,1,Jinasena_MasterData_Accounting.account_analytic_plan_department,base.main_company,
account_analytic_account_sp_proj,SP-PROJ,1,Jinasena_MasterData_Accounting.account_analytic_plan_department,base.main_company,
account_analytic_account_training,TRAINING,1,Jinasena_MasterData_Accounting.account_analytic_plan_department,base.main_company,
account_analytic_account_transport,TRANSPORT,1,Jinasena_MasterData_Accounting.account_analytic_plan_department,base.main_company,
account_analytic_account_welfare_sp,WELFARE-SP,1,Jinasena_MasterData_Accounting.account_analytic_plan_department,base.main_company,
account_analytic_account_col_sl_bhs,COL-SL-BHS,1,Jinasena_MasterData_Accounting.account_analytic_plan_cost_center,base.main_company,
account_analytic_account_col_sl_col,COL-SL-COL,1,Jinasena_MasterData_Accounting.account_analytic_plan_cost_center,base.main_company,
account_analytic_account_col_sl_ip,COL-SL-IP,1,Jinasena_MasterData_Accounting.account_analytic_plan_cost_center,base.main_company,
account_analytic_account_col_sl_tch,COL-SL-TCH,1,Jinasena_MasterData_Accounting.account_analytic_plan_cost_center,base.main_company,
account_analytic_account_dir_nsbu1_2010,DIR-NSBU1,1,Jinasena_MasterData_Accounting.account_analytic_plan_cost_center,base.main_company,
account_analytic_account_dir_sbu1_2011,DIR-SBU1,1,Jinasena_MasterData_Accounting.account_analytic_plan_cost_center,base.main_company,
account_analytic_account_energy_sec,ENERGY-SEC,1,Jinasena_MasterData_Accounting.account_analytic_plan_cost_center,base.main_company,
account_analytic_account_eng_eka,ENG-EKA,1,Jinasena_MasterData_Accounting.account_analytic_plan_cost_center,base.main_company,
account_analytic_account_exp_botswn,EXP-BOTSWN,1,Jinasena_MasterData_Accounting.account_analytic_plan_cost_center,base.main_company,
account_analytic_account_exp_male,EXP-MALE,1,Jinasena_MasterData_Accounting.account_analytic_plan_cost_center,base.main_company,
account_analytic_account_exp_promo,EXP-PROMO,1,Jinasena_MasterData_Accounting.account_analytic_plan_cost_center,base.main_company,
account_analytic_account_fin_jcl,FIN-JCL,1,Jinasena_MasterData_Accounting.account_analytic_plan_cost_center,base.main_company,
account_analytic_account_fin_jem,FIN-JEM,1,Jinasena_MasterData_Accounting.account_analytic_plan_cost_center,base.main_company,
account_analytic_account_fin_jltd,FIN-JLTD,1,Jinasena_MasterData_Accounting.account_analytic_plan_cost_center,base.main_company,
account_analytic_account_fin_jpl,FIN-JPL,1,Jinasena_MasterData_Accounting.account_analytic_plan_cost_center,base.main_company,
account_analytic_account_fin_jsl,FIN-JSL,1,Jinasena_MasterData_Accounting.account_analytic_plan_cost_center,base.main_company,
account_analytic_account_fin_sbu1,FIN-SBU1,1,Jinasena_MasterData_Accounting.account_analytic_plan_cost_center,base.main_company,
account_analytic_account_gen_2024,GEN,1,Jinasena_MasterData_Accounting.account_analytic_plan_cost_center,base.main_company,
account_analytic_account_gen_col,GEN-COL,1,Jinasena_MasterData_Accounting.account_analytic_plan_cost_center,base.main_company,
account_analytic_account_gen_ekl,GEN-EKL,1,Jinasena_MasterData_Accounting.account_analytic_plan_cost_center,base.main_company,
account_analytic_account_gen_jem,GEN-JEM,1,Jinasena_MasterData_Accounting.account_analytic_plan_cost_center,base.main_company,
account_analytic_account_heal_saft,HEAL-SAFT,1,Jinasena_MasterData_Accounting.account_analytic_plan_cost_center,base.main_company,
account_analytic_account_imp_col,IMP-COL,1,Jinasena_MasterData_Accounting.account_analytic_plan_cost_center,base.main_company,
account_analytic_account_imp_jem,IMP-JEM,1,Jinasena_MasterData_Accounting.account_analytic_plan_cost_center,base.main_company,
account_analytic_account_int_audit,INT-AUDIT,1,Jinasena_MasterData_Accounting.account_analytic_plan_cost_center,base.main_company,
account_analytic_account_it_hw,IT-HW,1,Jinasena_MasterData_Accounting.account_analytic_plan_cost_center,base.main_company,
account_analytic_account_it_sw,IT-SW,1,Jinasena_MasterData_Accounting.account_analytic_plan_cost_center,base.main_company,
account_analytic_account_man_gen,MAN-GEN,1,Jinasena_MasterData_Accounting.account_analytic_plan_cost_center,base.main_company,
account_analytic_account_mnt_col,MNT-COL,1,Jinasena_MasterData_Accounting.account_analytic_plan_cost_center,base.main_company,
account_analytic_account_mnt_eka,MNT-EKA,1,Jinasena_MasterData_Accounting.account_analytic_plan_cost_center,base.main_company,
account_analytic_account_mnt_jem,MNT-JEM,1,Jinasena_MasterData_Accounting.account_analytic_plan_cost_center,base.main_company,
account_analytic_account_non_sbu1_2038,NON-SBU1,1,Jinasena_MasterData_Accounting.account_analytic_plan_cost_center,base.main_company,
account_analytic_account_oc_alme,OC-ALME,1,Jinasena_MasterData_Accounting.account_analytic_plan_cost_center,base.main_company,
account_analytic_account_oc_cmsc,OC-CMSC,1,Jinasena_MasterData_Accounting.account_analytic_plan_cost_center,base.main_company,
account_analytic_account_oc_cmyc,OC-CMYC,1,Jinasena_MasterData_Accounting.account_analytic_plan_cost_center,base.main_company,
account_analytic_account_oc_dphl,OC-DPHL,1,Jinasena_MasterData_Accounting.account_analytic_plan_cost_center,base.main_company,
account_analytic_account_oc_jet,OC-JET,1,Jinasena_MasterData_Accounting.account_analytic_plan_cost_center,base.main_company,
account_analytic_account_oc_jip,OC-JIP,1,Jinasena_MasterData_Accounting.account_analytic_plan_cost_center,base.main_company,
account_analytic_account_oc_jms,OC-JMS,1,Jinasena_MasterData_Accounting.account_analytic_plan_cost_center,base.main_company,
account_analytic_account_oc_jn_it,OC-JN-IT,1,Jinasena_MasterData_Accounting.account_analytic_plan_cost_center,base.main_company,
account_analytic_account_oc_rdc,OC-RDC,1,Jinasena_MasterData_Accounting.account_analytic_plan_cost_center,base.main_company,
account_analytic_account_oc_rlh,OC-RLH,1,Jinasena_MasterData_Accounting.account_analytic_plan_cost_center,base.main_company,
account_analytic_account_oc_slams,OC-SLAMS,1,Jinasena_MasterData_Accounting.account_analytic_plan_cost_center,base.main_company,
account_analytic_account_per_col,PER-COL,1,Jinasena_MasterData_Accounting.account_analytic_plan_cost_center,base.main_company,
account_analytic_account_per_eka,PER-EKA,1,Jinasena_MasterData_Accounting.account_analytic_plan_cost_center,base.main_company,
account_analytic_account_per_jem,PER-JEM,1,Jinasena_MasterData_Accounting.account_analytic_plan_cost_center,base.main_company,
account_analytic_account_plst_div,PLST-DIV,1,Jinasena_MasterData_Accounting.account_analytic_plan_cost_center,base.main_company,
account_analytic_account_prd_agr_pr,PRD-AGR-PR,1,Jinasena_MasterData_Accounting.account_analytic_plan_cost_center,base.main_company,
account_analytic_account_prd_as_jem,PRD-AS-JEM,1,Jinasena_MasterData_Accounting.account_analytic_plan_cost_center,base.main_company,
account_analytic_account_prd_castin,PRD-CASTIN,1,Jinasena_MasterData_Accounting.account_analytic_plan_cost_center,base.main_company,
account_analytic_account_prd_die_ml,PRD-DIE-ML,1,Jinasena_MasterData_Accounting.account_analytic_plan_cost_center,base.main_company,
account_analytic_account_prd_eng_as,PRD-ENG-AS,1,Jinasena_MasterData_Accounting.account_analytic_plan_cost_center,base.main_company,
account_analytic_account_prd_gen,PRD-GEN,1,Jinasena_MasterData_Accounting.account_analytic_plan_cost_center,base.main_company,
account_analytic_account_prd_hvst_a,PRD-HVST-A,1,Jinasena_MasterData_Accounting.account_analytic_plan_cost_center,base.main_company,
account_analytic_account_prd_mch_sp,PRD-MCH-SP,1,Jinasena_MasterData_Accounting.account_analytic_plan_cost_center,base.main_company,
account_analytic_account_prd_mng,PRD-MNG,1,Jinasena_MasterData_Accounting.account_analytic_plan_cost_center,base.main_company,
account_analytic_account_prd_mntnce,PRD-MNTNCE,1,Jinasena_MasterData_Accounting.account_analytic_plan_cost_center,base.main_company,
account_analytic_account_prd_mot_as,PRD-MOT-AS,1,Jinasena_MasterData_Accounting.account_analytic_plan_cost_center,base.main_company,
account_analytic_account_prd_mot_cy,PRD-MOT-CY,1,Jinasena_MasterData_Accounting.account_analytic_plan_cost_center,base.main_company,
account_analytic_account_prd_mot_wn,PRD-MOT-WN,1,Jinasena_MasterData_Accounting.account_analytic_plan_cost_center,base.main_company,
account_analytic_account_prd_oth,PRD-OTH,1,Jinasena_MasterData_Accounting.account_analytic_plan_cost_center,base.main_company,
account_analytic_account_prd_pdsv,PRD-PDSV,1,Jinasena_MasterData_Accounting.account_analytic_plan_cost_center,base.main_company,
account_analytic_account_prd_plst,PRD-PLST,1,Jinasena_MasterData_Accounting.account_analytic_plan_cost_center,base.main_company,
account_analytic_account_prd_pmp_as,PRD-PMP-AS,1,Jinasena_MasterData_Accounting.account_analytic_plan_cost_center,base.main_company,
account_analytic_account_prd_pnt_sp,PRD-PNT-SP,1,Jinasena_MasterData_Accounting.account_analytic_plan_cost_center,base.main_company,
account_analytic_account_prd_qty_cn,PRD-QTY-CN,1,Jinasena_MasterData_Accounting.account_analytic_plan_cost_center,base.main_company,
account_analytic_account_prd_trctor,PRD-TRCTOR,1,Jinasena_MasterData_Accounting.account_analytic_plan_cost_center,base.main_company,
account_analytic_account_prd_trnspt,PRD-TRNSPT,1,Jinasena_MasterData_Accounting.account_analytic_plan_cost_center,base.main_company,
account_analytic_account_prd_wn_jem,PRD-WN-JEM,1,Jinasena_MasterData_Accounting.account_analytic_plan_cost_center,base.main_company,
account_analytic_account_proc_col,PROC-COL,1,Jinasena_MasterData_Accounting.account_analytic_plan_cost_center,base.main_company,
account_analytic_account_r_d_2078,R-D,1,Jinasena_MasterData_Accounting.account_analytic_plan_cost_center,base.main_company,
account_analytic_account_r_d_agr,R-D-AGR,1,Jinasena_MasterData_Accounting.account_analytic_plan_cost_center,base.main_company,
account_analytic_account_r_d_jem,R-D-JEM,1,Jinasena_MasterData_Accounting.account_analytic_plan_cost_center,base.main_company,
account_analytic_account_r_d_sp,R-D-SP,1,Jinasena_MasterData_Accounting.account_analytic_plan_cost_center,base.main_company,
account_analytic_account_rd_agr,RD-AGR,1,Jinasena_MasterData_Accounting.account_analytic_plan_cost_center,base.main_company,
account_analytic_account_rd_pumps,RD-PUMPS,1,Jinasena_MasterData_Accounting.account_analytic_plan_cost_center,base.main_company,
account_analytic_account_rd_sp,RD-SP,1,Jinasena_MasterData_Accounting.account_analytic_plan_cost_center,base.main_company,
account_analytic_account_rep_col,REP-COL,1,Jinasena_MasterData_Accounting.account_analytic_plan_cost_center,base.main_company,
account_analytic_account_rep_d_m,REP-D-&-M,1,Jinasena_MasterData_Accounting.account_analytic_plan_cost_center,base.main_company,
account_analytic_account_rep_ekl,REP-EKL,1,Jinasena_MasterData_Accounting.account_analytic_plan_cost_center,base.main_company,
account_analytic_account_rep_eng_gn,REP-ENG-GN,1,Jinasena_MasterData_Accounting.account_analytic_plan_cost_center,base.main_company,
account_analytic_account_rep_est,REP-EST,1,Jinasena_MasterData_Accounting.account_analytic_plan_cost_center,base.main_company,
account_analytic_account_rep_mot_cy,REP-MOT-CY,1,Jinasena_MasterData_Accounting.account_analytic_plan_cost_center,base.main_company,
account_analytic_account_rep_pmp_pg,REP-PMP-PG,1,Jinasena_MasterData_Accounting.account_analytic_plan_cost_center,base.main_company,
account_analytic_account_rep_quick,REP-QUICK,1,Jinasena_MasterData_Accounting.account_analytic_plan_cost_center,base.main_company,
account_analytic_account_rep_trctor,REP-TRCTOR,1,Jinasena_MasterData_Accounting.account_analytic_plan_cost_center,base.main_company,
account_analytic_account_rep_windng,REP-WINDNG,1,Jinasena_MasterData_Accounting.account_analytic_plan_cost_center,base.main_company,
account_analytic_account_sls_adm_bd,SLS-ADM-BD,1,Jinasena_MasterData_Accounting.account_analytic_plan_cost_center,base.main_company,
account_analytic_account_sls_adm_ca,SLS-ADM-CA,1,Jinasena_MasterData_Accounting.account_analytic_plan_cost_center,base.main_company,
account_analytic_account_sls_jem,SLS-JEM,1,Jinasena_MasterData_Accounting.account_analytic_plan_cost_center,base.main_company,
account_analytic_account_sp_bhs,SP-BHS,1,Jinasena_MasterData_Accounting.account_analytic_plan_cost_center,base.main_company,
account_analytic_account_sp_boost,SP-BOOST,1,Jinasena_MasterData_Accounting.account_analytic_plan_cost_center,base.main_company,
account_analytic_account_sp_drip_ir,SP-DRIP-IR,1,Jinasena_MasterData_Accounting.account_analytic_plan_cost_center,base.main_company,
account_analytic_account_sp_fil_ins,SP-FIL-INS,1,Jinasena_MasterData_Accounting.account_analytic_plan_cost_center,base.main_company,
account_analytic_account_sp_fil_rep,SP-FIL-REP,1,Jinasena_MasterData_Accounting.account_analytic_plan_cost_center,base.main_company,
account_analytic_account_sp_fil_sls,SP-FIL-SLS,1,Jinasena_MasterData_Accounting.account_analytic_plan_cost_center,base.main_company,
account_analytic_account_sp_gen,SP-GEN,1,Jinasena_MasterData_Accounting.account_analytic_plan_cost_center,base.main_company,
account_analytic_account_sp_grsp,SP-GRSP,1,Jinasena_MasterData_Accounting.account_analytic_plan_cost_center,base.main_company,
account_analytic_account_sp_pla_ins,SP-PLA-INS,1,Jinasena_MasterData_Accounting.account_analytic_plan_cost_center,base.main_company,
account_analytic_account_sp_solar,SP-SOLAR,1,Jinasena_MasterData_Accounting.account_analytic_plan_cost_center,base.main_company,
account_analytic_account_sp_spr_agr,SP-SPR-AGR,1,Jinasena_MasterData_Accounting.account_analytic_plan_cost_center,base.main_company,
account_analytic_account_sp_spr_lnd,SP-SPR-LND,1,Jinasena_MasterData_Accounting.account_analytic_plan_cost_center,base.main_company,
account_analytic_account_sp_wat_pu,SP-WAT-PU,1,Jinasena_MasterData_Accounting.account_analytic_plan_cost_center,base.main_company,
account_analytic_account_sp_wat_tst,SP-WAT-TST,1,Jinasena_MasterData_Accounting.account_analytic_plan_cost_center,base.main_company,
account_analytic_account_sp_wmsp,SP-WMSP,1,Jinasena_MasterData_Accounting.account_analytic_plan_cost_center,base.main_company,
account_analytic_account_spares_col,SPARES-COL,1,Jinasena_MasterData_Accounting.account_analytic_plan_cost_center,base.main_company,
account_analytic_account_st_adm_col,ST-ADM-COL,1,Jinasena_MasterData_Accounting.account_analytic_plan_cost_center,base.main_company,
account_analytic_account_st_adm_eka,ST-ADM-EKA,1,Jinasena_MasterData_Accounting.account_analytic_plan_cost_center,base.main_company,
account_analytic_account_st_castng,ST-CASTNG,1,Jinasena_MasterData_Accounting.account_analytic_plan_cost_center,base.main_company,
account_analytic_account_st_dsptch,ST-DSPTCH,1,Jinasena_MasterData_Accounting.account_analytic_plan_cost_center,base.main_company,
account_analytic_account_st_eka,ST-EKA,1,Jinasena_MasterData_Accounting.account_analytic_plan_cost_center,base.main_company,
account_analytic_account_st_mn_jem,ST-MN-JEM,1,Jinasena_MasterData_Accounting.account_analytic_plan_cost_center,base.main_company,
account_analytic_account_st_statnry,ST-STATNRY,1,Jinasena_MasterData_Accounting.account_analytic_plan_cost_center,base.main_company,
account_analytic_account_tr_center,TR-CENTER,1,Jinasena_MasterData_Accounting.account_analytic_plan_cost_center,base.main_company,
account_analytic_account_tr_citi_gl,TR-CITI-GL,1,Jinasena_MasterData_Accounting.account_analytic_plan_cost_center,base.main_company,
account_analytic_account_tr_oth,TR-OTH,1,Jinasena_MasterData_Accounting.account_analytic_plan_cost_center,base.main_company,
account_analytic_account_trns_adm,TRNS-ADM,1,Jinasena_MasterData_Accounting.account_analytic_plan_cost_center,base.main_company,
account_analytic_account_trns_dir,TRNS-DIR,1,Jinasena_MasterData_Accounting.account_analytic_plan_cost_center,base.main_company,
account_analytic_account_trns_eka,TRNS-EKA,1,Jinasena_MasterData_Accounting.account_analytic_plan_cost_center,base.main_company,
account_analytic_account_trns_jem,TRNS-JEM,1,Jinasena_MasterData_Accounting.account_analytic_plan_cost_center,base.main_company,
account_analytic_account_trns_pel,TRNS-PEL,1,Jinasena_MasterData_Accounting.account_analytic_plan_cost_center,base.main_company,
account_analytic_account_trns_pool,TRNS-POOL,1,Jinasena_MasterData_Accounting.account_analytic_plan_cost_center,base.main_company,
account_analytic_account_trns_sales,TRNS-SALES,1,Jinasena_MasterData_Accounting.account_analytic_plan_cost_center,base.main_company,
account_analytic_account_wlf_col,WLF-COL,1,Jinasena_MasterData_Accounting.account_analytic_plan_cost_center,base.main_company,
account_analytic_account_wlf_eka,WLF-EKA,1,Jinasena_MasterData_Accounting.account_analytic_plan_cost_center,base.main_company,
account_analytic_account_bulk_st_ek,BULK-ST-EK,1,Jinasena_MasterData_Accounting.account_analytic_plan_sales_center,base.main_company,
account_analytic_account_cas_st_col,CAS-ST-COL,1,Jinasena_MasterData_Accounting.account_analytic_plan_sales_center,base.main_company,
account_analytic_account_dis_st_col,DIS-ST-COL,1,Jinasena_MasterData_Accounting.account_analytic_plan_sales_center,base.main_company,
account_analytic_account_head_off_s,HEAD OFF-S,1,Jinasena_MasterData_Accounting.account_analytic_plan_sales_center,base.main_company,
account_analytic_account_indus_dv,INDUS-DV,1,Jinasena_MasterData_Accounting.account_analytic_plan_sales_center,base.main_company,
account_analytic_account_keptipl_sc,KEPTIPL-SC,1,Jinasena_MasterData_Accounting.account_analytic_plan_sales_center,base.main_company,
account_analytic_account_main_st_cl,MAIN-ST-CL,1,Jinasena_MasterData_Accounting.account_analytic_plan_sales_center,base.main_company,
account_analytic_account_mobile_ag,MOBILE-AG,1,Jinasena_MasterData_Accounting.account_analytic_plan_sales_center,base.main_company,
account_analytic_account_mobile_ap,MOBILE-AP,1,Jinasena_MasterData_Accounting.account_analytic_plan_sales_center,base.main_company,
account_analytic_account_mobile_sp,MOBILE-SP,1,Jinasena_MasterData_Accounting.account_analytic_plan_sales_center,base.main_company,
account_analytic_account_nawala_sc,NAWALA-SC,1,Jinasena_MasterData_Accounting.account_analytic_plan_sales_center,base.main_company,
account_analytic_account_nchchi_sc,NCHCHI-SC,1,Jinasena_MasterData_Accounting.account_analytic_plan_sales_center,base.main_company,
account_analytic_account_oil_st_col,OIL-ST-COL,1,Jinasena_MasterData_Accounting.account_analytic_plan_sales_center,base.main_company,
account_analytic_account_putlam_sc,PUTLAM-SC,1,Jinasena_MasterData_Accounting.account_analytic_plan_sales_center,base.main_company,
account_analytic_account_puttlam_sc,PUTTLAM-SC,1,Jinasena_MasterData_Accounting.account_analytic_plan_sales_center,base.main_company,
account_analytic_account_spr_st_col,SPR-ST-COL,1,Jinasena_MasterData_Accounting.account_analytic_plan_sales_center,base.main_company,
account_analytic_account_thimb_bhsp,THIMB-BHSP,1,Jinasena_MasterData_Accounting.account_analytic_plan_sales_center,base.main_company,
account_analytic_account_thimb_elep,THIMB-ELEP,1,Jinasena_MasterData_Accounting.account_analytic_plan_sales_center,base.main_company,
account_analytic_account_thimb_gnsp,THIMB-GNSP,1,Jinasena_MasterData_Accounting.account_analytic_plan_sales_center,base.main_company,
account_analytic_account_thimb_irrp,THIMB-IRRP,1,Jinasena_MasterData_Accounting.account_analytic_plan_sales_center,base.main_company,
account_analytic_account_thimb_rep,THIMB-REP,1,Jinasena_MasterData_Accounting.account_analytic_plan_sales_center,base.main_company,
account_analytic_account_thimb_sola,THIMB-SOLA,1,Jinasena_MasterData_Accounting.account_analytic_plan_sales_center,base.main_company,
account_analytic_account_thimb_watp,THIMB-WATP,1,Jinasena_MasterData_Accounting.account_analytic_plan_sales_center,base.main_company,
account_analytic_account_thimb_wmsp,THIMB-WMSP,1,Jinasena_MasterData_Accounting.account_analytic_plan_sales_center,base.main_company,
account_analytic_account_thimbgs_sc,THIMBGS-SC,1,Jinasena_MasterData_Accounting.account_analytic_plan_sales_center,base.main_company,
account_analytic_account_wat_apura,WAT-APURA,1,Jinasena_MasterData_Accounting.account_analytic_plan_sales_center,base.main_company,
account_analytic_account_wrehs_eka,WREHS-EKA,1,Jinasena_MasterData_Accounting.account_analytic_plan_sales_center,base.main_company,
account_analytic_account_bj_fg_pc,BJ-FG-PC,1,Jinasena_MasterData_Accounting.account_analytic_plan_product_group,base.main_company,
account_analytic_account_bjg_7180,BJG-7180,1,Jinasena_MasterData_Accounting.account_analytic_plan_product_group,base.main_company,
account_analytic_account_bjg_7188,BJG-7188,1,Jinasena_MasterData_Accounting.account_analytic_plan_product_group,base.main_company,
account_analytic_account_boost_pkg,BOOST-PKG,1,Jinasena_MasterData_Accounting.account_analytic_plan_product_group,base.main_company,
account_analytic_account_caj_2080,CAJ 2080,1,Jinasena_MasterData_Accounting.account_analytic_plan_product_group,base.main_company,
account_analytic_account_can_5890,CAN-5890,1,Jinasena_MasterData_Accounting.account_analytic_plan_product_group,base.main_company,
account_analytic_account_car_9412,CAR 9412,1,Jinasena_MasterData_Accounting.account_analytic_plan_product_group,base.main_company,
account_analytic_account_caw_5490,CAW-5490,1,Jinasena_MasterData_Accounting.account_analytic_plan_product_group,base.main_company,
account_analytic_account_cba_4688,CBA-4688,1,Jinasena_MasterData_Accounting.account_analytic_plan_product_group,base.main_company,
account_analytic_account_cbd_5445,CBD-5445,1,Jinasena_MasterData_Accounting.account_analytic_plan_product_group,base.main_company,
account_analytic_account_cbg_0413,CBG-0413,1,Jinasena_MasterData_Accounting.account_analytic_plan_product_group,base.main_company,
account_analytic_account_cpump_inst,CPUMP-INST,1,Jinasena_MasterData_Accounting.account_analytic_plan_product_group,base.main_company,
account_analytic_account_csr_pr,CSR-PR,1,Jinasena_MasterData_Accounting.account_analytic_plan_product_group,base.main_company,
account_analytic_account_dad_0575,DAD-0575,1,Jinasena_MasterData_Accounting.account_analytic_plan_product_group,base.main_company,
account_analytic_account_drip_ir,DRIP-IR,1,Jinasena_MasterData_Accounting.account_analytic_plan_product_group,base.main_company,
account_analytic_account_fg_ba_06,FG-BA-06,1,Jinasena_MasterData_Accounting.account_analytic_plan_product_group,base.main_company,
account_analytic_account_fg_ba_co,FG-BA-CO,1,Jinasena_MasterData_Accounting.account_analytic_plan_product_group,base.main_company,
account_analytic_account_fg_bj_bl,FG-BJ-BL,1,Jinasena_MasterData_Accounting.account_analytic_plan_product_group,base.main_company,
account_analytic_account_fg_bj_cf,FG-BJ-CF,1,Jinasena_MasterData_Accounting.account_analytic_plan_product_group,base.main_company,
account_analytic_account_fg_bj_ci,FG-BJ-CI,1,Jinasena_MasterData_Accounting.account_analytic_plan_product_group,base.main_company,
account_analytic_account_fg_bj_cm,FG-BJ-CM,1,Jinasena_MasterData_Accounting.account_analytic_plan_product_group,base.main_company,
account_analytic_account_fg_bj_co,FG-BJ-CO,1,Jinasena_MasterData_Accounting.account_analytic_plan_product_group,base.main_company,
account_analytic_account_fg_bj_cp,FG-BJ-CP,1,Jinasena_MasterData_Accounting.account_analytic_plan_product_group,base.main_company,
account_analytic_account_fg_bj_gs,FG-BJ-GS,1,Jinasena_MasterData_Accounting.account_analytic_plan_product_group,base.main_company,
account_analytic_account_fg_bj_ir,FG-BJ-IR,1,Jinasena_MasterData_Accounting.account_analytic_plan_product_group,base.main_company,
account_analytic_account_fg_bj_mg,FG-BJ-MG,1,Jinasena_MasterData_Accounting.account_analytic_plan_product_group,base.main_company,
account_analytic_account_fg_bj_mx,FG-BJ-MX,1,Jinasena_MasterData_Accounting.account_analytic_plan_product_group,base.main_company,
account_analytic_account_fg_bj_sl,FG-BJ-SL,1,Jinasena_MasterData_Accounting.account_analytic_plan_product_group,base.main_company,
account_analytic_account_fg_bj_th,FG-BJ-TH,1,Jinasena_MasterData_Accounting.account_analytic_plan_product_group,base.main_company,
account_analytic_account_fg_bj_wh,FG-BJ-WH,1,Jinasena_MasterData_Accounting.account_analytic_plan_product_group,base.main_company,
account_analytic_account_fg_bo_08,FG-BO-08,1,Jinasena_MasterData_Accounting.account_analytic_plan_product_group,base.main_company,
account_analytic_account_fg_db_15,FG-DB-15,1,Jinasena_MasterData_Accounting.account_analytic_plan_product_group,base.main_company,
account_analytic_account_fg_di_05,FG-DI-05,1,Jinasena_MasterData_Accounting.account_analytic_plan_product_group,base.main_company,
account_analytic_account_fg_do_01,FG-DO-01,1,Jinasena_MasterData_Accounting.account_analytic_plan_product_group,base.main_company,
account_analytic_account_fg_en_30,FG-EN-30,1,Jinasena_MasterData_Accounting.account_analytic_plan_product_group,base.main_company,
account_analytic_account_fg_ge_25,FG-GE-25,1,Jinasena_MasterData_Accounting.account_analytic_plan_product_group,base.main_company,
account_analytic_account_fg_in_02,FG-IN-02,1,Jinasena_MasterData_Accounting.account_analytic_plan_product_group,base.main_company,
account_analytic_account_fg_it_03,FG-IT-03,1,Jinasena_MasterData_Accounting.account_analytic_plan_product_group,base.main_company,
account_analytic_account_fg_jp_63,FG-JP-63,1,Jinasena_MasterData_Accounting.account_analytic_plan_product_group,base.main_company,
account_analytic_account_fg_mo_24,FG-MO-24,1,Jinasena_MasterData_Accounting.account_analytic_plan_product_group,base.main_company,
account_analytic_account_fg_pe_04,FG-PE-04,1,Jinasena_MasterData_Accounting.account_analytic_plan_product_group,base.main_company,
account_analytic_account_fg_rc_09,FG-RC-09,1,Jinasena_MasterData_Accounting.account_analytic_plan_product_group,base.main_company,
account_analytic_account_fg_re_21,FG-RE-21,1,Jinasena_MasterData_Accounting.account_analytic_plan_product_group,base.main_company,
account_analytic_account_fg_sr_14,FG-SR-14,1,Jinasena_MasterData_Accounting.account_analytic_plan_product_group,base.main_company,
account_analytic_account_fg_sw_cv,FG-SW-CV,1,Jinasena_MasterData_Accounting.account_analytic_plan_product_group,base.main_company,
account_analytic_account_fg_sw_dc,FG-SW-DC,1,Jinasena_MasterData_Accounting.account_analytic_plan_product_group,base.main_company,
account_analytic_account_fg_sw_dp,FG-SW-DP,1,Jinasena_MasterData_Accounting.account_analytic_plan_product_group,base.main_company,
account_analytic_account_fg_sw_dw,FG-SW-DW,1,Jinasena_MasterData_Accounting.account_analytic_plan_product_group,base.main_company,
account_analytic_account_fg_sw_sf,FG-SW-SF,1,Jinasena_MasterData_Accounting.account_analytic_plan_product_group,base.main_company,
account_analytic_account_fg_sw_ts,FG-SW-TS,1,Jinasena_MasterData_Accounting.account_analytic_plan_product_group,base.main_company,
account_analytic_account_fg_sw_wc,FG-SW-WC,1,Jinasena_MasterData_Accounting.account_analytic_plan_product_group,base.main_company,
account_analytic_account_fg_tr_20,FG-TR-20,1,Jinasena_MasterData_Accounting.account_analytic_plan_product_group,base.main_company,
account_analytic_account_fg_wa_fl,FG-WA-FL,1,Jinasena_MasterData_Accounting.account_analytic_plan_product_group,base.main_company,
account_analytic_account_filtr_inst,FILTR-INST,1,Jinasena_MasterData_Accounting.account_analytic_plan_product_group,base.main_company,
account_analytic_account_filtr_sale,FILTR-SALE,1,Jinasena_MasterData_Accounting.account_analytic_plan_product_group,base.main_company,
account_analytic_account_gen_sp,GEN-SP,1,Jinasena_MasterData_Accounting.account_analytic_plan_product_group,base.main_company,
account_analytic_account_gent_ser,GENT-SER,1,Jinasena_MasterData_Accounting.account_analytic_plan_product_group,base.main_company,
account_analytic_account_gn_8245,GN-8245,1,Jinasena_MasterData_Accounting.account_analytic_plan_product_group,base.main_company,
account_analytic_account_kb_7488,KB-7488,1,Jinasena_MasterData_Accounting.account_analytic_plan_product_group,base.main_company,
account_analytic_account_km_5273,KM-5273,1,Jinasena_MasterData_Accounting.account_analytic_plan_product_group,base.main_company,
account_analytic_account_kq_2777,KQ 2777,1,Jinasena_MasterData_Accounting.account_analytic_plan_product_group,base.main_company,
account_analytic_account_ku_7096,KU-7096,1,Jinasena_MasterData_Accounting.account_analytic_plan_product_group,base.main_company,
account_analytic_account_ll_2721,LL-2721,1,Jinasena_MasterData_Accounting.account_analytic_plan_product_group,base.main_company,
account_analytic_account_ll_2783,LL-2783,1,Jinasena_MasterData_Accounting.account_analytic_plan_product_group,base.main_company,
account_analytic_account_mo_fg_62,MO-FG-62,1,Jinasena_MasterData_Accounting.account_analytic_plan_product_group,base.main_company,
account_analytic_account_new_pdsv,NEW-PDSV,1,Jinasena_MasterData_Accounting.account_analytic_plan_product_group,base.main_company,
account_analytic_account_nw_jd_8883,NW JD-8883,1,Jinasena_MasterData_Accounting.account_analytic_plan_product_group,base.main_company,
account_analytic_account_p_bcx_3487,P-BCX-3487,1,Jinasena_MasterData_Accounting.account_analytic_plan_product_group,base.main_company,
account_analytic_account_pd_2545,PD-2545,1,Jinasena_MasterData_Accounting.account_analytic_plan_product_group,base.main_company,
account_analytic_account_pj_2973,PJ-2973,1,Jinasena_MasterData_Accounting.account_analytic_plan_product_group,base.main_company,
account_analytic_account_pj_2976,PJ-2976,1,Jinasena_MasterData_Accounting.account_analytic_plan_product_group,base.main_company,
account_analytic_account_pj_9982,PJ-9982,1,Jinasena_MasterData_Accounting.account_analytic_plan_product_group,base.main_company,
account_analytic_account_ra_je_pm,RA-JE-PM,1,Jinasena_MasterData_Accounting.account_analytic_plan_product_group,base.main_company,
account_analytic_account_rm_ge_31,RM-GE-31,1,Jinasena_MasterData_Accounting.account_analytic_plan_product_group,base.main_company,
account_analytic_account_rm_ge_36,RM-GE-36,1,Jinasena_MasterData_Accounting.account_analytic_plan_product_group,base.main_company,
account_analytic_account_rm_ge_42,RM-GE-42,1,Jinasena_MasterData_Accounting.account_analytic_plan_product_group,base.main_company,
account_analytic_account_rm_ge_ae,RM-GE-AE,1,Jinasena_MasterData_Accounting.account_analytic_plan_product_group,base.main_company,
account_analytic_account_rm_ge_ai,RM-GE-AI,1,Jinasena_MasterData_Accounting.account_analytic_plan_product_group,base.main_company,
account_analytic_account_rm_ge_ar,RM-GE-AR,1,Jinasena_MasterData_Accounting.account_analytic_plan_product_group,base.main_company,
account_analytic_account_rm_ge_as,RM-GE-AS,1,Jinasena_MasterData_Accounting.account_analytic_plan_product_group,base.main_company,
account_analytic_account_rm_ge_di,RM-GE-DI,1,Jinasena_MasterData_Accounting.account_analytic_plan_product_group,base.main_company,
account_analytic_account_rm_ge_on,RM-GE-ON,1,Jinasena_MasterData_Accounting.account_analytic_plan_product_group,base.main_company,
account_analytic_account_rm_ge_si,RM-GE-SI,1,Jinasena_MasterData_Accounting.account_analytic_plan_product_group,base.main_company,
account_analytic_account_rm_ge_to,RM-GE-TO,1,Jinasena_MasterData_Accounting.account_analytic_plan_product_group,base.main_company,
account_analytic_account_rm_ge_wp,RM-GE-WP,1,Jinasena_MasterData_Accounting.account_analytic_plan_product_group,base.main_company,
account_analytic_account_rm_sp_an,RM-SP-AN,1,Jinasena_MasterData_Accounting.account_analytic_plan_product_group,base.main_company,
account_analytic_account_rm_sp_bj,RM-SP-BJ,1,Jinasena_MasterData_Accounting.account_analytic_plan_product_group,base.main_company,
account_analytic_account_rm_sp_bt,RM-SP-BT,1,Jinasena_MasterData_Accounting.account_analytic_plan_product_group,base.main_company,
account_analytic_account_rm_sp_ch,RM-SP-CH,1,Jinasena_MasterData_Accounting.account_analytic_plan_product_group,base.main_company,
account_analytic_account_rm_sp_cv,RM-SP-CV,1,Jinasena_MasterData_Accounting.account_analytic_plan_product_group,base.main_company,
account_analytic_account_rm_sp_dd,RM-SP-DD,1,Jinasena_MasterData_Accounting.account_analytic_plan_product_group,base.main_company,
account_analytic_account_rm_sp_ds,RM-SP-DS,1,Jinasena_MasterData_Accounting.account_analytic_plan_product_group,base.main_company,
account_analytic_account_rm_sp_eo,RM-SP-EO,1,Jinasena_MasterData_Accounting.account_analytic_plan_product_group,base.main_company,
account_analytic_account_rm_sp_nh,RM-SP-NH,1,Jinasena_MasterData_Accounting.account_analytic_plan_product_group,base.main_company,
account_analytic_account_rm_sp_ob,RM-SP-OB,1,Jinasena_MasterData_Accounting.account_analytic_plan_product_group,base.main_company,
account_analytic_account_rm_sp_ys,RM-SP-YS,1,Jinasena_MasterData_Accounting.account_analytic_plan_product_group,base.main_company,
account_analytic_account_rp_ba_06,RP-BA-06,1,Jinasena_MasterData_Accounting.account_analytic_plan_product_group,base.main_company,
account_analytic_account_rp_bj_gs,RP-BJ-GS,1,Jinasena_MasterData_Accounting.account_analytic_plan_product_group,base.main_company,
account_analytic_account_rp_bo_08,RP-BO-08,1,Jinasena_MasterData_Accounting.account_analytic_plan_product_group,base.main_company,
account_analytic_account_rp_db_15,RP-DB-15,1,Jinasena_MasterData_Accounting.account_analytic_plan_product_group,base.main_company,
account_analytic_account_rp_di_05,RP-DI-05,1,Jinasena_MasterData_Accounting.account_analytic_plan_product_group,base.main_company,
account_analytic_account_rp_do_01,RP-DO-01,1,Jinasena_MasterData_Accounting.account_analytic_plan_product_group,base.main_company,
account_analytic_account_rp_en_30,RP-EN-30,1,Jinasena_MasterData_Accounting.account_analytic_plan_product_group,base.main_company,
account_analytic_account_rp_ge_21,RP-GE-21,1,Jinasena_MasterData_Accounting.account_analytic_plan_product_group,base.main_company,
account_analytic_account_rp_ge_25,RP-GE-25,1,Jinasena_MasterData_Accounting.account_analytic_plan_product_group,base.main_company,
account_analytic_account_rp_ge_wp,RP-GE-WP,1,Jinasena_MasterData_Accounting.account_analytic_plan_product_group,base.main_company,
account_analytic_account_rp_in_02,RP-IN-02,1,Jinasena_MasterData_Accounting.account_analytic_plan_product_group,base.main_company,
account_analytic_account_rp_it_03,RP-IT-03,1,Jinasena_MasterData_Accounting.account_analytic_plan_product_group,base.main_company,
account_analytic_account_rp_je_sm,RP-JE-SM,1,Jinasena_MasterData_Accounting.account_analytic_plan_product_group,base.main_company,
account_analytic_account_rp_jp_63,RP-JP-63,1,Jinasena_MasterData_Accounting.account_analytic_plan_product_group,base.main_company,
account_analytic_account_rp_mo_24,RP-MO-24,1,Jinasena_MasterData_Accounting.account_analytic_plan_product_group,base.main_company,
account_analytic_account_rp_op_01,RP-OP-01,1,Jinasena_MasterData_Accounting.account_analytic_plan_product_group,base.main_company,
account_analytic_account_rp_pe_04,RP-PE-04,1,Jinasena_MasterData_Accounting.account_analytic_plan_product_group,base.main_company,
account_analytic_account_rp_rc_09,RP-RC-09,1,Jinasena_MasterData_Accounting.account_analytic_plan_product_group,base.main_company,
account_analytic_account_rp_re_21,RP-RE-21,1,Jinasena_MasterData_Accounting.account_analytic_plan_product_group,base.main_company,
account_analytic_account_rp_sa_32,RP-SA-32,1,Jinasena_MasterData_Accounting.account_analytic_plan_product_group,base.main_company,
account_analytic_account_rp_sr_14,RP-SR-14,1,Jinasena_MasterData_Accounting.account_analytic_plan_product_group,base.main_company,
account_analytic_account_rp_ss_34,RP-SS-34,1,Jinasena_MasterData_Accounting.account_analytic_plan_product_group,base.main_company,
account_analytic_account_rp_sw_cv,RP-SW-CV,1,Jinasena_MasterData_Accounting.account_analytic_plan_product_group,base.main_company,
account_analytic_account_rp_sw_dc,RP-SW-DC,1,Jinasena_MasterData_Accounting.account_analytic_plan_product_group,base.main_company,
account_analytic_account_rp_sw_dp,RP-SW-DP,1,Jinasena_MasterData_Accounting.account_analytic_plan_product_group,base.main_company,
account_analytic_account_rp_sw_dw,RP-SW-DW,1,Jinasena_MasterData_Accounting.account_analytic_plan_product_group,base.main_company,
account_analytic_account_rp_sw_sf,RP-SW-SF,1,Jinasena_MasterData_Accounting.account_analytic_plan_product_group,base.main_company,
account_analytic_account_rp_sw_ts,RP-SW-TS,1,Jinasena_MasterData_Accounting.account_analytic_plan_product_group,base.main_company,
account_analytic_account_rp_sw_wc,RP-SW-WC,1,Jinasena_MasterData_Accounting.account_analytic_plan_product_group,base.main_company,
account_analytic_account_rs_je_pm,RS-JE-PM,1,Jinasena_MasterData_Accounting.account_analytic_plan_product_group,base.main_company,
account_analytic_account_sa_ge_25,SA-GE-25,1,Jinasena_MasterData_Accounting.account_analytic_plan_product_group,base.main_company,
account_analytic_account_sa_je_pm,SA-JE-PM,1,Jinasena_MasterData_Accounting.account_analytic_plan_product_group,base.main_company,
account_analytic_account_sls_inc,SLS-INC,1,Jinasena_MasterData_Accounting.account_analytic_plan_product_group,base.main_company,
account_analytic_account_solr_pkg,SOLR-PKG,1,Jinasena_MasterData_Accounting.account_analytic_plan_product_group,base.main_company,
account_analytic_account_spr_agr,SPR-AGR,1,Jinasena_MasterData_Accounting.account_analytic_plan_product_group,base.main_company,
account_analytic_account_spr_lnd,SPR-LND,1,Jinasena_MasterData_Accounting.account_analytic_plan_product_group,base.main_company,
account_analytic_account_ss_je_pm,SS-JE-PM,1,Jinasena_MasterData_Accounting.account_analytic_plan_product_group,base.main_company,
account_analytic_account_sv_tr_61,SV-TR-61,1,Jinasena_MasterData_Accounting.account_analytic_plan_product_group,base.main_company,
account_analytic_account_v_ku_4777,V- KU-4777,1,Jinasena_MasterData_Accounting.account_analytic_plan_product_group,base.main_company,
account_analytic_account_v_102_8869,V-102-8869,1,Jinasena_MasterData_Accounting.account_analytic_plan_product_group,base.main_company,
account_analytic_account_v_145_7728,V-145-7728,1,Jinasena_MasterData_Accounting.account_analytic_plan_product_group,base.main_company,
account_analytic_account_v_151_8165,V-151-8165,1,Jinasena_MasterData_Accounting.account_analytic_plan_product_group,base.main_company,
account_analytic_account_v_153_5257,V-153-5257,1,Jinasena_MasterData_Accounting.account_analytic_plan_product_group,base.main_company,
account_analytic_account_v_153_6288,V-153-6288,1,Jinasena_MasterData_Accounting.account_analytic_plan_product_group,base.main_company,
account_analytic_account_v_154_0738,V-154-0738,1,Jinasena_MasterData_Accounting.account_analytic_plan_product_group,base.main_company,
account_analytic_account_v_156_7342,V-156-7342,1,Jinasena_MasterData_Accounting.account_analytic_plan_product_group,base.main_company,
account_analytic_account_v_158_5629,V-158-5629,1,Jinasena_MasterData_Accounting.account_analytic_plan_product_group,base.main_company,
account_analytic_account_v_159_6222,V-159-6222,1,Jinasena_MasterData_Accounting.account_analytic_plan_product_group,base.main_company,
account_analytic_account_v_160_4380,V-160-4380,1,Jinasena_MasterData_Accounting.account_analytic_plan_product_group,base.main_company,
account_analytic_account_v_227_7171,V-227-7171,1,Jinasena_MasterData_Accounting.account_analytic_plan_product_group,base.main_company,
account_analytic_account_v_251_6821,V-251-6821,1,Jinasena_MasterData_Accounting.account_analytic_plan_product_group,base.main_company,
account_analytic_account_v_253_1759,V-253-1759,1,Jinasena_MasterData_Accounting.account_analytic_plan_product_group,base.main_company,
account_analytic_account_v_42_2511,V-42-2511,1,Jinasena_MasterData_Accounting.account_analytic_plan_product_group,base.main_company,
account_analytic_account_v_43_3165,V-43-3165,1,Jinasena_MasterData_Accounting.account_analytic_plan_product_group,base.main_company,
account_analytic_account_v_43_3774,V-43-3774,1,Jinasena_MasterData_Accounting.account_analytic_plan_product_group,base.main_company,
account_analytic_account_v_43_6461,V-43-6461,1,Jinasena_MasterData_Accounting.account_analytic_plan_product_group,base.main_company,
account_analytic_account_v_43_9513,V-43-9513,1,Jinasena_MasterData_Accounting.account_analytic_plan_product_group,base.main_company,
account_analytic_account_v_44_2827,V-44-2827,1,Jinasena_MasterData_Accounting.account_analytic_plan_product_group,base.main_company,
account_analytic_account_v_47_0459,V-47-0459,1,Jinasena_MasterData_Accounting.account_analytic_plan_product_group,base.main_company,
account_analytic_account_v_49_7737,V-49-7737,1,Jinasena_MasterData_Accounting.account_analytic_plan_product_group,base.main_company,
account_analytic_account_v_51_1190,V-51-1190,1,Jinasena_MasterData_Accounting.account_analytic_plan_product_group,base.main_company,
account_analytic_account_v_51_1763,V-51-1763,1,Jinasena_MasterData_Accounting.account_analytic_plan_product_group,base.main_company,
account_analytic_account_v_52_6059,V-52-6059,1,Jinasena_MasterData_Accounting.account_analytic_plan_product_group,base.main_company,
account_analytic_account_v_52_8622,V-52-8622,1,Jinasena_MasterData_Accounting.account_analytic_plan_product_group,base.main_company,
account_analytic_account_v_53_0403,V-53-0403,1,Jinasena_MasterData_Accounting.account_analytic_plan_product_group,base.main_company,
account_analytic_account_v_53_1776,V-53-1776,1,Jinasena_MasterData_Accounting.account_analytic_plan_product_group,base.main_company,
account_analytic_account_v_54_2880,V-54-2880,1,Jinasena_MasterData_Accounting.account_analytic_plan_product_group,base.main_company,
account_analytic_account_v_56_0007,V-56-0007,1,Jinasena_MasterData_Accounting.account_analytic_plan_product_group,base.main_company,
account_analytic_account_v_56_1791,V-56-1791,1,Jinasena_MasterData_Accounting.account_analytic_plan_product_group,base.main_company,
account_analytic_account_v_56_2912,V-56-2912,1,Jinasena_MasterData_Accounting.account_analytic_plan_product_group,base.main_company,
account_analytic_account_v_56_7483,V-56-7483,1,Jinasena_MasterData_Accounting.account_analytic_plan_product_group,base.main_company,
account_analytic_account_v_57_2090,V-57-2090,1,Jinasena_MasterData_Accounting.account_analytic_plan_product_group,base.main_company,
account_analytic_account_v_57_7507,V-57-7507,1,Jinasena_MasterData_Accounting.account_analytic_plan_product_group,base.main_company,
account_analytic_account_v_57_8887,V-57-8887,1,Jinasena_MasterData_Accounting.account_analytic_plan_product_group,base.main_company,
account_analytic_account_v_58_1386,V-58-1386,1,Jinasena_MasterData_Accounting.account_analytic_plan_product_group,base.main_company,
account_analytic_account_v_65_8646,V-65-8646,1,Jinasena_MasterData_Accounting.account_analytic_plan_product_group,base.main_company,
account_analytic_account_v_92_9419,V-92-9419,1,Jinasena_MasterData_Accounting.account_analytic_plan_product_group,base.main_company,
account_analytic_account_v_96_5017,V-96-5017,1,Jinasena_MasterData_Accounting.account_analytic_plan_product_group,base.main_company,
account_analytic_account_v_aaz_1833,V-AAZ-1833,1,Jinasena_MasterData_Accounting.account_analytic_plan_product_group,base.main_company,
account_analytic_account_v_aaz_1866,V-AAZ-1866,1,Jinasena_MasterData_Accounting.account_analytic_plan_product_group,base.main_company,
account_analytic_account_v_bab_6485,V-BAB-6485,1,Jinasena_MasterData_Accounting.account_analytic_plan_product_group,base.main_company,
account_analytic_account_v_bab_6492,V-BAB-6492,1,Jinasena_MasterData_Accounting.account_analytic_plan_product_group,base.main_company,
account_analytic_account_v_bcc_0959,V-BCC-0959,1,Jinasena_MasterData_Accounting.account_analytic_plan_product_group,base.main_company,
account_analytic_account_v_bce_4238,V-BCE-4238,1,Jinasena_MasterData_Accounting.account_analytic_plan_product_group,base.main_company,
account_analytic_account_v_bcg_3303,V-BCG-3303,1,Jinasena_MasterData_Accounting.account_analytic_plan_product_group,base.main_company,
account_analytic_account_v_bcn_0623,V-BCN-0623,1,Jinasena_MasterData_Accounting.account_analytic_plan_product_group,base.main_company,
account_analytic_account_v_bcn_0633,V-BCN-0633,1,Jinasena_MasterData_Accounting.account_analytic_plan_product_group,base.main_company,
account_analytic_account_v_bcn_0646,V-BCN-0646,1,Jinasena_MasterData_Accounting.account_analytic_plan_product_group,base.main_company,
account_analytic_account_v_bcn_0691,V-BCN-0691,1,Jinasena_MasterData_Accounting.account_analytic_plan_product_group,base.main_company,
account_analytic_account_v_bcn_0696,V-BCN-0696,1,Jinasena_MasterData_Accounting.account_analytic_plan_product_group,base.main_company,
account_analytic_account_v_bco_0384,V-BCO-0384,1,Jinasena_MasterData_Accounting.account_analytic_plan_product_group,base.main_company,
account_analytic_account_v_bco_0392,V-BCO-0392,1,Jinasena_MasterData_Accounting.account_analytic_plan_product_group,base.main_company,
account_analytic_account_v_bcv_6472,V-BCV-6472,1,Jinasena_MasterData_Accounting.account_analytic_plan_product_group,base.main_company,
account_analytic_account_v_bdd_9608,V-BDD-9608,1,Jinasena_MasterData_Accounting.account_analytic_plan_product_group,base.main_company,
account_analytic_account_v_bdg_2773,V-BDG-2773,1,Jinasena_MasterData_Accounting.account_analytic_plan_product_group,base.main_company,
account_analytic_account_v_bdh_1226,V-BDH-1226,1,Jinasena_MasterData_Accounting.account_analytic_plan_product_group,base.main_company,
account_analytic_account_v_bdj_0635,V-BDJ-0635,1,Jinasena_MasterData_Accounting.account_analytic_plan_product_group,base.main_company,
account_analytic_account_v_bdm_2156,V-BDM-2156,1,Jinasena_MasterData_Accounting.account_analytic_plan_product_group,base.main_company,
account_analytic_account_v_bdq_7062,V-BDQ-7062,1,Jinasena_MasterData_Accounting.account_analytic_plan_product_group,base.main_company,
account_analytic_account_v_bdq_7069,V-BDQ-7069,1,Jinasena_MasterData_Accounting.account_analytic_plan_product_group,base.main_company,
account_analytic_account_v_bdq_7077,V-BDQ-7077,1,Jinasena_MasterData_Accounting.account_analytic_plan_product_group,base.main_company,
account_analytic_account_v_bdq_7084,V-BDQ-7084,1,Jinasena_MasterData_Accounting.account_analytic_plan_product_group,base.main_company,
account_analytic_account_v_bdx_9232,V-BDX-9232,1,Jinasena_MasterData_Accounting.account_analytic_plan_product_group,base.main_company,
account_analytic_account_v_bdx_9235,V-BDX-9235,1,Jinasena_MasterData_Accounting.account_analytic_plan_product_group,base.main_company,
account_analytic_account_v_beb_0663,V-BEB-0663,1,Jinasena_MasterData_Accounting.account_analytic_plan_product_group,base.main_company,
account_analytic_account_v_beb_0669,V-BEB-0669,1,Jinasena_MasterData_Accounting.account_analytic_plan_product_group,base.main_company,
account_analytic_account_v_bep_4387,V-BEP-4387,1,Jinasena_MasterData_Accounting.account_analytic_plan_product_group,base.main_company,
account_analytic_account_v_bfc_4199,V-BFC-4199,1,Jinasena_MasterData_Accounting.account_analytic_plan_product_group,base.main_company,
account_analytic_account_v_bfc_4202,V-BFC-4202,1,Jinasena_MasterData_Accounting.account_analytic_plan_product_group,base.main_company,
account_analytic_account_v_bfc_4228,V-BFC-4228,1,Jinasena_MasterData_Accounting.account_analytic_plan_product_group,base.main_company,
account_analytic_account_v_bfc_4249,V-BFC-4249,1,Jinasena_MasterData_Accounting.account_analytic_plan_product_group,base.main_company,
account_analytic_account_v_bfc_4263,V-BFC-4263,1,Jinasena_MasterData_Accounting.account_analytic_plan_product_group,base.main_company,
account_analytic_account_v_bfc_4279,V-BFC-4279,1,Jinasena_MasterData_Accounting.account_analytic_plan_product_group,base.main_company,
account_analytic_account_v_bfc_4287,V-BFC-4287,1,Jinasena_MasterData_Accounting.account_analytic_plan_product_group,base.main_company,
account_analytic_account_v_bfc_4309,V-BFC-4309,1,Jinasena_MasterData_Accounting.account_analytic_plan_product_group,base.main_company,
account_analytic_account_v_bfc_4508,V-BFC-4508,1,Jinasena_MasterData_Accounting.account_analytic_plan_product_group,base.main_company,
account_analytic_account_v_bfd_0550,V-BFD-0550,1,Jinasena_MasterData_Accounting.account_analytic_plan_product_group,base.main_company,
account_analytic_account_v_bgd_1526,V-BGD-1526,1,Jinasena_MasterData_Accounting.account_analytic_plan_product_group,base.main_company,
account_analytic_account_v_bgr_9463,V-BGR-9463,1,Jinasena_MasterData_Accounting.account_analytic_plan_product_group,base.main_company,
account_analytic_account_v_bgr_9468,V-BGR-9468,1,Jinasena_MasterData_Accounting.account_analytic_plan_product_group,base.main_company,
account_analytic_account_v_cad_2777,V-CAD-2777,1,Jinasena_MasterData_Accounting.account_analytic_plan_product_group,base.main_company,
account_analytic_account_v_can_6563,V-CAN-6563,1,Jinasena_MasterData_Accounting.account_analytic_plan_product_group,base.main_company,
account_analytic_account_v_can_7103,V-CAN-7103,1,Jinasena_MasterData_Accounting.account_analytic_plan_product_group,base.main_company,
account_analytic_account_v_dae_4945,V-DAE-4945,1,Jinasena_MasterData_Accounting.account_analytic_plan_product_group,base.main_company,
account_analytic_account_v_dae_4949,V-DAE-4949,1,Jinasena_MasterData_Accounting.account_analytic_plan_product_group,base.main_company,
account_analytic_account_v_dae_5428,V-DAE-5428,1,Jinasena_MasterData_Accounting.account_analytic_plan_product_group,base.main_company,
account_analytic_account_v_ga_9191,V-GA-9191,1,Jinasena_MasterData_Accounting.account_analytic_plan_product_group,base.main_company,
account_analytic_account_v_gb_2720,V-GB-2720,1,Jinasena_MasterData_Accounting.account_analytic_plan_product_group,base.main_company,
account_analytic_account_v_gb_2721,V-GB-2721,1,Jinasena_MasterData_Accounting.account_analytic_plan_product_group,base.main_company,
account_analytic_account_v_gb_3309,V-GB-3309,1,Jinasena_MasterData_Accounting.account_analytic_plan_product_group,base.main_company,
account_analytic_account_v_gb_4890,V-GB-4890,1,Jinasena_MasterData_Accounting.account_analytic_plan_product_group,base.main_company,
account_analytic_account_v_gb_7683,V-GB-7683,1,Jinasena_MasterData_Accounting.account_analytic_plan_product_group,base.main_company,
account_analytic_account_v_gc_0613,V-GC-0613,1,Jinasena_MasterData_Accounting.account_analytic_plan_product_group,base.main_company,
account_analytic_account_v_gc_7750,V-GC-7750,1,Jinasena_MasterData_Accounting.account_analytic_plan_product_group,base.main_company,
account_analytic_account_v_gf_0716,V-GF-0716,1,Jinasena_MasterData_Accounting.account_analytic_plan_product_group,base.main_company,
account_analytic_account_v_gg_3323,V-GG-3323,1,Jinasena_MasterData_Accounting.account_analytic_plan_product_group,base.main_company,
account_analytic_account_v_gk_4632,V-GK-4632,1,Jinasena_MasterData_Accounting.account_analytic_plan_product_group,base.main_company,
account_analytic_account_v_gm_9381,V-GM-9381,1,Jinasena_MasterData_Accounting.account_analytic_plan_product_group,base.main_company,
account_analytic_account_v_gn_9874,V-GN-9874,1,Jinasena_MasterData_Accounting.account_analytic_plan_product_group,base.main_company,
account_analytic_account_v_gn_9883,V-GN-9883,1,Jinasena_MasterData_Accounting.account_analytic_plan_product_group,base.main_company,
account_analytic_account_v_go_8785,V-GO-8785,1,Jinasena_MasterData_Accounting.account_analytic_plan_product_group,base.main_company,
account_analytic_account_v_gt_1546,V-GT-1546,1,Jinasena_MasterData_Accounting.account_analytic_plan_product_group,base.main_company,
account_analytic_account_v_gt_1551,V-GT-1551,1,Jinasena_MasterData_Accounting.account_analytic_plan_product_group,base.main_company,
account_analytic_account_v_gw_5855,V-GW-5855,1,Jinasena_MasterData_Accounting.account_analytic_plan_product_group,base.main_company,
account_analytic_account_v_gw_6946,V-GW-6946,1,Jinasena_MasterData_Accounting.account_analytic_plan_product_group,base.main_company,
account_analytic_account_v_gx_4483,V-GX-4483,1,Jinasena_MasterData_Accounting.account_analytic_plan_product_group,base.main_company,
account_analytic_account_v_gz_3228,V-GZ-3228,1,Jinasena_MasterData_Accounting.account_analytic_plan_product_group,base.main_company,
account_analytic_account_v_he_3980,V-HE-3980,1,Jinasena_MasterData_Accounting.account_analytic_plan_product_group,base.main_company,
account_analytic_account_v_he_3983,V-HE-3983,1,Jinasena_MasterData_Accounting.account_analytic_plan_product_group,base.main_company,
account_analytic_account_v_hi_9863,V-HI-9863,1,Jinasena_MasterData_Accounting.account_analytic_plan_product_group,base.main_company,
account_analytic_account_v_hk_4595,V-HK-4595,1,Jinasena_MasterData_Accounting.account_analytic_plan_product_group,base.main_company,
account_analytic_account_v_hk_6774,V-HK-6774,1,Jinasena_MasterData_Accounting.account_analytic_plan_product_group,base.main_company,
account_analytic_account_v_hn_2507,V-HN-2507,1,Jinasena_MasterData_Accounting.account_analytic_plan_product_group,base.main_company,
account_analytic_account_v_hq_4997,V-HQ-4997,1,Jinasena_MasterData_Accounting.account_analytic_plan_product_group,base.main_company,
account_analytic_account_v_hs_1016,V-HS-1016,1,Jinasena_MasterData_Accounting.account_analytic_plan_product_group,base.main_company,
account_analytic_account_v_ht_0099,V-HT-0099,1,Jinasena_MasterData_Accounting.account_analytic_plan_product_group,base.main_company,
account_analytic_account_v_ht_0102,V-HT-0102,1,Jinasena_MasterData_Accounting.account_analytic_plan_product_group,base.main_company,
account_analytic_account_v_ht_1823,V-HT-1823,1,Jinasena_MasterData_Accounting.account_analytic_plan_product_group,base.main_company,
account_analytic_account_v_ht_3656,V-HT-3656,1,Jinasena_MasterData_Accounting.account_analytic_plan_product_group,base.main_company,
account_analytic_account_v_hu_0609,V-HU-0609,1,Jinasena_MasterData_Accounting.account_analytic_plan_product_group,base.main_company,
account_analytic_account_v_hx_1795,V-HX-1795,1,Jinasena_MasterData_Accounting.account_analytic_plan_product_group,base.main_company,
account_analytic_account_v_hz_2777,V-HZ-2777,1,Jinasena_MasterData_Accounting.account_analytic_plan_product_group,base.main_company,
account_analytic_account_v_ja_1125,V-JA-1125,1,Jinasena_MasterData_Accounting.account_analytic_plan_product_group,base.main_company,
account_analytic_account_v_jd_5359,V-JD-5359,1,Jinasena_MasterData_Accounting.account_analytic_plan_product_group,base.main_company,
account_analytic_account_v_jf_2882,V-JF-2882,1,Jinasena_MasterData_Accounting.account_analytic_plan_product_group,base.main_company,
account_analytic_account_v_jk_5871,V-JK-5871,1,Jinasena_MasterData_Accounting.account_analytic_plan_product_group,base.main_company,
account_analytic_account_v_jl_1213,V-JL-1213,1,Jinasena_MasterData_Accounting.account_analytic_plan_product_group,base.main_company,
account_analytic_account_v_jl_4889,V-JL-4889,1,Jinasena_MasterData_Accounting.account_analytic_plan_product_group,base.main_company,
account_analytic_account_v_jl_8217,V-JL-8217,1,Jinasena_MasterData_Accounting.account_analytic_plan_product_group,base.main_company,
account_analytic_account_v_jn_2777,V-JN-2777,1,Jinasena_MasterData_Accounting.account_analytic_plan_product_group,base.main_company,
account_analytic_account_v_ju_2777,V-JU-2777,1,Jinasena_MasterData_Accounting.account_analytic_plan_product_group,base.main_company,
account_analytic_account_v_jv_1758,V-JV-1758,1,Jinasena_MasterData_Accounting.account_analytic_plan_product_group,base.main_company,
account_analytic_account_v_jx_0737,V-JX-0737,1,Jinasena_MasterData_Accounting.account_analytic_plan_product_group,base.main_company,
account_analytic_account_v_ka_3521,V-KA-3521,1,Jinasena_MasterData_Accounting.account_analytic_plan_product_group,base.main_company,
account_analytic_account_v_ka_4577,V-KA-4577,1,Jinasena_MasterData_Accounting.account_analytic_plan_product_group,base.main_company,
account_analytic_account_v_kc_1766,V-KC-1766,1,Jinasena_MasterData_Accounting.account_analytic_plan_product_group,base.main_company,
account_analytic_account_v_kc_3269,V-KC-3269,1,Jinasena_MasterData_Accounting.account_analytic_plan_product_group,base.main_company,
account_analytic_account_v_kd_5003,V-KD-5003,1,Jinasena_MasterData_Accounting.account_analytic_plan_product_group,base.main_company,
account_analytic_account_v_kd_6962,V-KD-6962,1,Jinasena_MasterData_Accounting.account_analytic_plan_product_group,base.main_company,
account_analytic_account_v_kd_9821,V-KD-9821,1,Jinasena_MasterData_Accounting.account_analytic_plan_product_group,base.main_company,
account_analytic_account_v_ke_2777,V-KE-2777,1,Jinasena_MasterData_Accounting.account_analytic_plan_product_group,base.main_company,
account_analytic_account_v_kf_5895,V-KF-5895,1,Jinasena_MasterData_Accounting.account_analytic_plan_product_group,base.main_company,
account_analytic_account_v_kj_9777,V-KJ-9777,1,Jinasena_MasterData_Accounting.account_analytic_plan_product_group,base.main_company,
account_analytic_account_v_kp_4277,V-KP-4277,1,Jinasena_MasterData_Accounting.account_analytic_plan_product_group,base.main_company,
account_analytic_account_v_kq_2777,V-KQ-2777,1,Jinasena_MasterData_Accounting.account_analytic_plan_product_group,base.main_company,
account_analytic_account_v_kv_1215,V-KV-1215,1,Jinasena_MasterData_Accounting.account_analytic_plan_product_group,base.main_company,
account_analytic_account_v_ky_2777,V-KY-2777,1,Jinasena_MasterData_Accounting.account_analytic_plan_product_group,base.main_company,
account_analytic_account_v_lc_3602,V-LC-3602,1,Jinasena_MasterData_Accounting.account_analytic_plan_product_group,base.main_company,
account_analytic_account_v_ld_0212,V-LD-0212,1,Jinasena_MasterData_Accounting.account_analytic_plan_product_group,base.main_company,
account_analytic_account_v_lf_1078,V-LF-1078,1,Jinasena_MasterData_Accounting.account_analytic_plan_product_group,base.main_company,
account_analytic_account_v_lg_6647,V-LG-6647,1,Jinasena_MasterData_Accounting.account_analytic_plan_product_group,base.main_company,
account_analytic_account_v_lj_9882,V-LJ-9882,1,Jinasena_MasterData_Accounting.account_analytic_plan_product_group,base.main_company,
account_analytic_account_v_lk_5671,V-LK-5671,1,Jinasena_MasterData_Accounting.account_analytic_plan_product_group,base.main_company,
account_analytic_account_v_ll_9501,V-LL-9501,1,Jinasena_MasterData_Accounting.account_analytic_plan_product_group,base.main_company,
account_analytic_account_v_lw_0314,V-LW-0314,1,Jinasena_MasterData_Accounting.account_analytic_plan_product_group,base.main_company,
account_analytic_account_v_mc_3125,V-MC-3125,1,Jinasena_MasterData_Accounting.account_analytic_plan_product_group,base.main_company,
account_analytic_account_v_mf_8043,V-MF-8043,1,Jinasena_MasterData_Accounting.account_analytic_plan_product_group,base.main_company,
account_analytic_account_v_mh_8927,V-MH-8927,1,Jinasena_MasterData_Accounting.account_analytic_plan_product_group,base.main_company,
account_analytic_account_v_mh_8976,V-MH-8976,1,Jinasena_MasterData_Accounting.account_analytic_plan_product_group,base.main_company,
account_analytic_account_v_mk_4226,V-MK-4226,1,Jinasena_MasterData_Accounting.account_analytic_plan_product_group,base.main_company,
account_analytic_account_v_mk_4258,V-MK-4258,1,Jinasena_MasterData_Accounting.account_analytic_plan_product_group,base.main_company,
account_analytic_account_v_mz_2114,V-MZ-2114,1,Jinasena_MasterData_Accounting.account_analytic_plan_product_group,base.main_company,
account_analytic_account_v_na_1958,V-NA-1958,1,Jinasena_MasterData_Accounting.account_analytic_plan_product_group,base.main_company,
account_analytic_account_v_na_2727,V-NA-2727,1,Jinasena_MasterData_Accounting.account_analytic_plan_product_group,base.main_company,
account_analytic_account_v_na_2873,V-NA-2873,1,Jinasena_MasterData_Accounting.account_analytic_plan_product_group,base.main_company,
account_analytic_account_v_na_9899,V-NA-9899,1,Jinasena_MasterData_Accounting.account_analytic_plan_product_group,base.main_company,
account_analytic_account_v_nb_1576,V-NB-1576,1,Jinasena_MasterData_Accounting.account_analytic_plan_product_group,base.main_company,
account_analytic_account_v_pa_1545,V-PA-1545,1,Jinasena_MasterData_Accounting.account_analytic_plan_product_group,base.main_company,
account_analytic_account_v_pa_3017,V-PA-3017,1,Jinasena_MasterData_Accounting.account_analytic_plan_product_group,base.main_company,
account_analytic_account_v_pb_6998,V-PB-6998,1,Jinasena_MasterData_Accounting.account_analytic_plan_product_group,base.main_company,
account_analytic_account_v_pc_0282,V-PC-0282,1,Jinasena_MasterData_Accounting.account_analytic_plan_product_group,base.main_company,
account_analytic_account_v_pc_1470,V-PC-1470,1,Jinasena_MasterData_Accounting.account_analytic_plan_product_group,base.main_company,
account_analytic_account_v_pf_5961,V-PF-5961,1,Jinasena_MasterData_Accounting.account_analytic_plan_product_group,base.main_company,
account_analytic_account_v_pf_6555,V-PF-6555,1,Jinasena_MasterData_Accounting.account_analytic_plan_product_group,base.main_company,
account_analytic_account_v_qy_0269,V-QY-0269,1,Jinasena_MasterData_Accounting.account_analytic_plan_product_group,base.main_company,
account_analytic_account_v_ra_5326,V-RA-5326,1,Jinasena_MasterData_Accounting.account_analytic_plan_product_group,base.main_company,
account_analytic_account_v_ra_5930,V-RA-5930,1,Jinasena_MasterData_Accounting.account_analytic_plan_product_group,base.main_company,
account_analytic_account_v_tn_1500,V-TN-1500,1,Jinasena_MasterData_Accounting.account_analytic_plan_product_group,base.main_company,
account_analytic_account_v_uh_7878,V-UH-7878,1,Jinasena_MasterData_Accounting.account_analytic_plan_product_group,base.main_company,
account_analytic_account_v_uk_3701,V-UK-3701,1,Jinasena_MasterData_Accounting.account_analytic_plan_product_group,base.main_company,
account_analytic_account_v_uk_3705,V-UK-3705,1,Jinasena_MasterData_Accounting.account_analytic_plan_product_group,base.main_company,
account_analytic_account_v_uk_3707,V-UK-3707,1,Jinasena_MasterData_Accounting.account_analytic_plan_product_group,base.main_company,
account_analytic_account_v_un_0129,V-UN-0129,1,Jinasena_MasterData_Accounting.account_analytic_plan_product_group,base.main_company,
account_analytic_account_v_un_0131,V-UN-0131,1,Jinasena_MasterData_Accounting.account_analytic_plan_product_group,base.main_company,
account_analytic_account_v_un_0133,V-UN-0133,1,Jinasena_MasterData_Accounting.account_analytic_plan_product_group,base.main_company,
account_analytic_account_v_un_0134,V-UN-0134,1,Jinasena_MasterData_Accounting.account_analytic_plan_product_group,base.main_company,
account_analytic_account_v_un_0137,V-UN-0137,1,Jinasena_MasterData_Accounting.account_analytic_plan_product_group,base.main_company,
account_analytic_account_v_un_0138,V-UN-0138,1,Jinasena_MasterData_Accounting.account_analytic_plan_product_group,base.main_company,
account_analytic_account_v_un_0141,V-UN-0141,1,Jinasena_MasterData_Accounting.account_analytic_plan_product_group,base.main_company,
account_analytic_account_v_un_0142,V-UN-0142,1,Jinasena_MasterData_Accounting.account_analytic_plan_product_group,base.main_company,
account_analytic_account_v_un_0143,V-UN-0143,1,Jinasena_MasterData_Accounting.account_analytic_plan_product_group,base.main_company,
account_analytic_account_v_vc_9337,V-VC-9337,1,Jinasena_MasterData_Accounting.account_analytic_plan_product_group,base.main_company,
account_analytic_account_v_vf_1611,V-VF-1611,1,Jinasena_MasterData_Accounting.account_analytic_plan_product_group,base.main_company,
account_analytic_account_v_vm_7774,V-VM-7774,1,Jinasena_MasterData_Accounting.account_analytic_plan_product_group,base.main_company,
account_analytic_account_v_vo_1639,V-VO-1639,1,Jinasena_MasterData_Accounting.account_analytic_plan_product_group,base.main_company,
account_analytic_account_v_vo_1640,V-VO-1640,1,Jinasena_MasterData_Accounting.account_analytic_plan_product_group,base.main_company,
account_analytic_account_v_xd_4029,V-XD-4029,1,Jinasena_MasterData_Accounting.account_analytic_plan_product_group,base.main_company,
account_analytic_account_v_xp_9743,V-XP-9743,1,Jinasena_MasterData_Accounting.account_analytic_plan_product_group,base.main_company,
account_analytic_account_water_pur,WATER-PUR,1,Jinasena_MasterData_Accounting.account_analytic_plan_product_group,base.main_company,
account_analytic_account_water_tes,WATER-TES,1,Jinasena_MasterData_Accounting.account_analytic_plan_product_group,base.main_company,
account_analytic_account_wl_gr_01,WL-GR-01,1,Jinasena_MasterData_Accounting.account_analytic_plan_product_group,base.main_company,
account_analytic_account_wp_cam9690,WP CAM9690,1,Jinasena_MasterData_Accounting.account_analytic_plan_product_group,base.main_company,
account_analytic_account_wp_cbl3454,WP CBL3454,1,Jinasena_MasterData_Accounting.account_analytic_plan_product_group,base.main_company,
account_analytic_account_wp_cbl3754,WP CBL3754,1,Jinasena_MasterData_Accounting.account_analytic_plan_product_group,base.main_company,
account_analytic_account_wp_kp_4277,WP KP-4277,1,Jinasena_MasterData_Accounting.account_analytic_plan_product_group,base.main_company,
account_analytic_account_wp_kv_1215,WP KV-1215,1,Jinasena_MasterData_Accounting.account_analytic_plan_product_group,base.main_company,
account_analytic_account_wp_lk_5671,WP-LK-5671,1,Jinasena_MasterData_Accounting.account_analytic_plan_product_group,base.main_company,
account_analytic_account_wpcaz_1355,WPCAZ-1355,1,Jinasena_MasterData_Accounting.account_analytic_plan_product_group,base.main_company,
account_analytic_account_wppj_9700,WPPJ-9700,1,Jinasena_MasterData_Accounting.account_analytic_plan_product_group,base.main_company,
account_analytic_account_v_bcn_0718,v-BCN-0718,1,Jinasena_MasterData_Accounting.account_analytic_plan_product_group,base.main_company,
account_analytic_account_1100120,1100120,1,Jinasena_MasterData_Accounting.account_analytic_plan_employee,base.main_company,
account_analytic_account_1100326,1100326,1,Jinasena_MasterData_Accounting.account_analytic_plan_employee,base.main_company,
account_analytic_account_1100365,1100365,1,Jinasena_MasterData_Accounting.account_analytic_plan_employee,base.main_company,
account_analytic_account_1100377,1100377,1,Jinasena_MasterData_Accounting.account_analytic_plan_employee,base.main_company,
account_analytic_account_1100404,1100404,1,Jinasena_MasterData_Accounting.account_analytic_plan_employee,base.main_company,
account_analytic_account_1100423,1100423,1,Jinasena_MasterData_Accounting.account_analytic_plan_employee,base.main_company,
account_analytic_account_1100427,1100427,1,Jinasena_MasterData_Accounting.account_analytic_plan_employee,base.main_company,
account_analytic_account_1100429,1100429,1,Jinasena_MasterData_Accounting.account_analytic_plan_employee,base.main_company,
account_analytic_account_1100430,1100430,1,Jinasena_MasterData_Accounting.account_analytic_plan_employee,base.main_company,
account_analytic_account_1100437,1100437,1,Jinasena_MasterData_Accounting.account_analytic_plan_employee,base.main_company,
account_analytic_account_1100446,1100446,1,Jinasena_MasterData_Accounting.account_analytic_plan_employee,base.main_company,
account_analytic_account_1100500,1100500,1,Jinasena_MasterData_Accounting.account_analytic_plan_employee,base.main_company,
account_analytic_account_1100505,1100505,1,Jinasena_MasterData_Accounting.account_analytic_plan_employee,base.main_company,
account_analytic_account_1100517,1100517,1,Jinasena_MasterData_Accounting.account_analytic_plan_employee,base.main_company,
account_analytic_account_1100553,1100553,1,Jinasena_MasterData_Accounting.account_analytic_plan_employee,base.main_company,
account_analytic_account_1100564,1100564,1,Jinasena_MasterData_Accounting.account_analytic_plan_employee,base.main_company,
account_analytic_account_1100566,1100566,1,Jinasena_MasterData_Accounting.account_analytic_plan_employee,base.main_company,
account_analytic_account_1100586,1100586,1,Jinasena_MasterData_Accounting.account_analytic_plan_employee,base.main_company,
account_analytic_account_1100589,1100589,1,Jinasena_MasterData_Accounting.account_analytic_plan_employee,base.main_company,
account_analytic_account_1100599,1100599,1,Jinasena_MasterData_Accounting.account_analytic_plan_employee,base.main_company,
account_analytic_account_1100614,1100614,1,Jinasena_MasterData_Accounting.account_analytic_plan_employee,base.main_company,
account_analytic_account_1100623,1100623,1,Jinasena_MasterData_Accounting.account_analytic_plan_employee,base.main_company,
account_analytic_account_1100627,1100627,1,Jinasena_MasterData_Accounting.account_analytic_plan_employee,base.main_company,
account_analytic_account_1100648,1100648,1,Jinasena_MasterData_Accounting.account_analytic_plan_employee,base.main_company,
account_analytic_account_1100652,1100652,1,Jinasena_MasterData_Accounting.account_analytic_plan_employee,base.main_company,
account_analytic_account_1100662,1100662,1,Jinasena_MasterData_Accounting.account_analytic_plan_employee,base.main_company,
account_analytic_account_1100666,1100666,1,Jinasena_MasterData_Accounting.account_analytic_plan_employee,base.main_company,
account_analytic_account_1100672,1100672,1,Jinasena_MasterData_Accounting.account_analytic_plan_employee,base.main_company,
account_analytic_account_1100698,1100698,1,Jinasena_MasterData_Accounting.account_analytic_plan_employee,base.main_company,
account_analytic_account_1100704,1100704,1,Jinasena_MasterData_Accounting.account_analytic_plan_employee,base.main_company,
account_analytic_account_1100705,1100705,1,Jinasena_MasterData_Accounting.account_analytic_plan_employee,base.main_company,
account_analytic_account_1100706,1100706,1,Jinasena_MasterData_Accounting.account_analytic_plan_employee,base.main_company,
account_analytic_account_1100723,1100723,1,Jinasena_MasterData_Accounting.account_analytic_plan_employee,base.main_company,
account_analytic_account_1100739,1100739,1,Jinasena_MasterData_Accounting.account_analytic_plan_employee,base.main_company,
account_analytic_account_1100740,1100740,1,Jinasena_MasterData_Accounting.account_analytic_plan_employee,base.main_company,
account_analytic_account_1100742,1100742,1,Jinasena_MasterData_Accounting.account_analytic_plan_employee,base.main_company,
account_analytic_account_1100743,1100743,1,Jinasena_MasterData_Accounting.account_analytic_plan_employee,base.main_company,
account_analytic_account_1100744,1100744,1,Jinasena_MasterData_Accounting.account_analytic_plan_employee,base.main_company,
account_analytic_account_1100752,1100752,1,Jinasena_MasterData_Accounting.account_analytic_plan_employee,base.main_company,
account_analytic_account_1100756,1100756,1,Jinasena_MasterData_Accounting.account_analytic_plan_employee,base.main_company,
account_analytic_account_1100761,1100761,1,Jinasena_MasterData_Accounting.account_analytic_plan_employee,base.main_company,
account_analytic_account_1100779,1100779,1,Jinasena_MasterData_Accounting.account_analytic_plan_employee,base.main_company,
account_analytic_account_1100781,1100781,1,Jinasena_MasterData_Accounting.account_analytic_plan_employee,base.main_company,
account_analytic_account_1100788,1100788,1,Jinasena_MasterData_Accounting.account_analytic_plan_employee,base.main_company,
account_analytic_account_1100789,1100789,1,Jinasena_MasterData_Accounting.account_analytic_plan_employee,base.main_company,
account_analytic_account_1100800,1100800,1,Jinasena_MasterData_Accounting.account_analytic_plan_employee,base.main_company,
account_analytic_account_1100802,1100802,1,Jinasena_MasterData_Accounting.account_analytic_plan_employee,base.main_company,
account_analytic_account_1100814,1100814,1,Jinasena_MasterData_Accounting.account_analytic_plan_employee,base.main_company,
account_analytic_account_1100821,1100821,1,Jinasena_MasterData_Accounting.account_analytic_plan_employee,base.main_company,
account_analytic_account_1100838,1100838,1,Jinasena_MasterData_Accounting.account_analytic_plan_employee,base.main_company,
account_analytic_account_1100839,1100839,1,Jinasena_MasterData_Accounting.account_analytic_plan_employee,base.main_company,
account_analytic_account_1100849,1100849,1,Jinasena_MasterData_Accounting.account_analytic_plan_employee,base.main_company,
account_analytic_account_1100855,1100855,1,Jinasena_MasterData_Accounting.account_analytic_plan_employee,base.main_company,
account_analytic_account_1100856,1100856,1,Jinasena_MasterData_Accounting.account_analytic_plan_employee,base.main_company,
account_analytic_account_1100861,1100861,1,Jinasena_MasterData_Accounting.account_analytic_plan_employee,base.main_company,
account_analytic_account_1100865,1100865,1,Jinasena_MasterData_Accounting.account_analytic_plan_employee,base.main_company,
account_analytic_account_1100871,1100871,1,Jinasena_MasterData_Accounting.account_analytic_plan_employee,base.main_company,
account_analytic_account_1100883,1100883,1,Jinasena_MasterData_Accounting.account_analytic_plan_employee,base.main_company,
account_analytic_account_1100894,1100894,1,Jinasena_MasterData_Accounting.account_analytic_plan_employee,base.main_company,
account_analytic_account_1100897,1100897,1,Jinasena_MasterData_Accounting.account_analytic_plan_employee,base.main_company,
account_analytic_account_1100898,1100898,1,Jinasena_MasterData_Accounting.account_analytic_plan_employee,base.main_company,
account_analytic_account_1100905,1100905,1,Jinasena_MasterData_Accounting.account_analytic_plan_employee,base.main_company,
account_analytic_account_1100906,1100906,1,Jinasena_MasterData_Accounting.account_analytic_plan_employee,base.main_company,
account_analytic_account_1100911,1100911,1,Jinasena_MasterData_Accounting.account_analytic_plan_employee,base.main_company,
account_analytic_account_1100915,1100915,1,Jinasena_MasterData_Accounting.account_analytic_plan_employee,base.main_company,
account_analytic_account_1100934,1100934,1,Jinasena_MasterData_Accounting.account_analytic_plan_employee,base.main_company,
account_analytic_account_1100939,1100939,1,Jinasena_MasterData_Accounting.account_analytic_plan_employee,base.main_company,
account_analytic_account_1100955,1100955,1,Jinasena_MasterData_Accounting.account_analytic_plan_employee,base.main_company,
account_analytic_account_1100965,1100965,1,Jinasena_MasterData_Accounting.account_analytic_plan_employee,base.main_company,
account_analytic_account_1100984,1100984,1,Jinasena_MasterData_Accounting.account_analytic_plan_employee,base.main_company,
account_analytic_account_1100989,1100989,1,Jinasena_MasterData_Accounting.account_analytic_plan_employee,base.main_company,
account_analytic_account_1100991,1100991,1,Jinasena_MasterData_Accounting.account_analytic_plan_employee,base.main_company,
account_analytic_account_1100994,1100994,1,Jinasena_MasterData_Accounting.account_analytic_plan_employee,base.main_company,
account_analytic_account_1100999,1100999,1,Jinasena_MasterData_Accounting.account_analytic_plan_employee,base.main_company,
account_analytic_account_110100,110100,1,Jinasena_MasterData_Accounting.account_analytic_plan_employee,base.main_company,
account_analytic_account_1101002,1101002,1,Jinasena_MasterData_Accounting.account_analytic_plan_employee,base.main_company,
account_analytic_account_1101003,1101003,1,Jinasena_MasterData_Accounting.account_analytic_plan_employee,base.main_company,
account_analytic_account_1101006,1101006,1,Jinasena_MasterData_Accounting.account_analytic_plan_employee,base.main_company,
account_analytic_account_1101008,1101008,1,Jinasena_MasterData_Accounting.account_analytic_plan_employee,base.main_company,
account_analytic_account_1101011,1101011,1,Jinasena_MasterData_Accounting.account_analytic_plan_employee,base.main_company,
account_analytic_account_1101013,1101013,1,Jinasena_MasterData_Accounting.account_analytic_plan_employee,base.main_company,
account_analytic_account_11010154,11010154,1,Jinasena_MasterData_Accounting.account_analytic_plan_employee,base.main_company,
account_analytic_account_1101025,1101025,1,Jinasena_MasterData_Accounting.account_analytic_plan_employee,base.main_company,
account_analytic_account_1101032,1101032,1,Jinasena_MasterData_Accounting.account_analytic_plan_employee,base.main_company,
account_analytic_account_1101034,1101034,1,Jinasena_MasterData_Accounting.account_analytic_plan_employee,base.main_company,
account_analytic_account_1101035,1101035,1,Jinasena_MasterData_Accounting.account_analytic_plan_employee,base.main_company,
account_analytic_account_1101043,1101043,1,Jinasena_MasterData_Accounting.account_analytic_plan_employee,base.main_company,
account_analytic_account_1101049,1101049,1,Jinasena_MasterData_Accounting.account_analytic_plan_employee,base.main_company,
account_analytic_account_1101050,1101050,1,Jinasena_MasterData_Accounting.account_analytic_plan_employee,base.main_company,
account_analytic_account_1101053,1101053,1,Jinasena_MasterData_Accounting.account_analytic_plan_employee,base.main_company,
account_analytic_account_1101076,1101076,1,Jinasena_MasterData_Accounting.account_analytic_plan_employee,base.main_company,
account_analytic_account_1101087,1101087,1,Jinasena_MasterData_Accounting.account_analytic_plan_employee,base.main_company,
account_analytic_account_1101092,1101092,1,Jinasena_MasterData_Accounting.account_analytic_plan_employee,base.main_company,
account_analytic_account_1101094,1101094,1,Jinasena_MasterData_Accounting.account_analytic_plan_employee,base.main_company,
account_analytic_account_1101107,1101107,1,Jinasena_MasterData_Accounting.account_analytic_plan_employee,base.main_company,
account_analytic_account_1101110,1101110,1,Jinasena_MasterData_Accounting.account_analytic_plan_employee,base.main_company,
account_analytic_account_1101117,1101117,1,Jinasena_MasterData_Accounting.account_analytic_plan_employee,base.main_company,
account_analytic_account_1101127,1101127,1,Jinasena_MasterData_Accounting.account_analytic_plan_employee,base.main_company,
account_analytic_account_1101133,1101133,1,Jinasena_MasterData_Accounting.account_analytic_plan_employee,base.main_company,
account_analytic_account_1101136,1101136,1,Jinasena_MasterData_Accounting.account_analytic_plan_employee,base.main_company,
account_analytic_account_1101138,1101138,1,Jinasena_MasterData_Accounting.account_analytic_plan_employee,base.main_company,
account_analytic_account_1101143,1101143,1,Jinasena_MasterData_Accounting.account_analytic_plan_employee,base.main_company,
account_analytic_account_1101153,1101153,1,Jinasena_MasterData_Accounting.account_analytic_plan_employee,base.main_company,
account_analytic_account_1101154,1101154,1,Jinasena_MasterData_Accounting.account_analytic_plan_employee,base.main_company,
account_analytic_account_1101167,1101167,1,Jinasena_MasterData_Accounting.account_analytic_plan_employee,base.main_company,
account_analytic_account_1101169,1101169,1,Jinasena_MasterData_Accounting.account_analytic_plan_employee,base.main_company,
account_analytic_account_1101173,1101173,1,Jinasena_MasterData_Accounting.account_analytic_plan_employee,base.main_company,
account_analytic_account_1101174,1101174,1,Jinasena_MasterData_Accounting.account_analytic_plan_employee,base.main_company,
account_analytic_account_1101175,1101175,1,Jinasena_MasterData_Accounting.account_analytic_plan_employee,base.main_company,
account_analytic_account_1101176,1101176,1,Jinasena_MasterData_Accounting.account_analytic_plan_employee,base.main_company,
account_analytic_account_1101184,1101184,1,Jinasena_MasterData_Accounting.account_analytic_plan_employee,base.main_company,
account_analytic_account_1101186,1101186,1,Jinasena_MasterData_Accounting.account_analytic_plan_employee,base.main_company,
account_analytic_account_1101197,1101197,1,Jinasena_MasterData_Accounting.account_analytic_plan_employee,base.main_company,
account_analytic_account_1101198,1101198,1,Jinasena_MasterData_Accounting.account_analytic_plan_employee,base.main_company,
account_analytic_account_1101203,1101203,1,Jinasena_MasterData_Accounting.account_analytic_plan_employee,base.main_company,
account_analytic_account_1101206,1101206,1,Jinasena_MasterData_Accounting.account_analytic_plan_employee,base.main_company,
account_analytic_account_1101210,1101210,1,Jinasena_MasterData_Accounting.account_analytic_plan_employee,base.main_company,
account_analytic_account_1101224,1101224,1,Jinasena_MasterData_Accounting.account_analytic_plan_employee,base.main_company,
account_analytic_account_1101230,1101230,1,Jinasena_MasterData_Accounting.account_analytic_plan_employee,base.main_company,
account_analytic_account_1101255,1101255,1,Jinasena_MasterData_Accounting.account_analytic_plan_employee,base.main_company,
account_analytic_account_1101257,1101257,1,Jinasena_MasterData_Accounting.account_analytic_plan_employee,base.main_company,
account_analytic_account_1101258,1101258,1,Jinasena_MasterData_Accounting.account_analytic_plan_employee,base.main_company,
account_analytic_account_1101260,1101260,1,Jinasena_MasterData_Accounting.account_analytic_plan_employee,base.main_company,
account_analytic_account_1101261,1101261,1,Jinasena_MasterData_Accounting.account_analytic_plan_employee,base.main_company,
account_analytic_account_1101262,1101262,1,Jinasena_MasterData_Accounting.account_analytic_plan_employee,base.main_company,
account_analytic_account_1101264,1101264,1,Jinasena_MasterData_Accounting.account_analytic_plan_employee,base.main_company,
account_analytic_account_1101265,1101265,1,Jinasena_MasterData_Accounting.account_analytic_plan_employee,base.main_company,
account_analytic_account_1101266,1101266,1,Jinasena_MasterData_Accounting.account_analytic_plan_employee,base.main_company,
account_analytic_account_1101273,1101273,1,Jinasena_MasterData_Accounting.account_analytic_plan_employee,base.main_company,
account_analytic_account_1101276,1101276,1,Jinasena_MasterData_Accounting.account_analytic_plan_employee,base.main_company,
account_analytic_account_1101278,1101278,1,Jinasena_MasterData_Accounting.account_analytic_plan_employee,base.main_company,
account_analytic_account_1101283,1101283,1,Jinasena_MasterData_Accounting.account_analytic_plan_employee,base.main_company,
account_analytic_account_1101284,1101284,1,Jinasena_MasterData_Accounting.account_analytic_plan_employee,base.main_company,
account_analytic_account_1101286,1101286,1,Jinasena_MasterData_Accounting.account_analytic_plan_employee,base.main_company,
account_analytic_account_1101287,1101287,1,Jinasena_MasterData_Accounting.account_analytic_plan_employee,base.main_company,
account_analytic_account_1101288,1101288,1,Jinasena_MasterData_Accounting.account_analytic_plan_employee,base.main_company,
account_analytic_account_1101290,1101290,1,Jinasena_MasterData_Accounting.account_analytic_plan_employee,base.main_company,
account_analytic_account_1101304,1101304,1,Jinasena_MasterData_Accounting.account_analytic_plan_employee,base.main_company,
account_analytic_account_1101307,1101307,1,Jinasena_MasterData_Accounting.account_analytic_plan_employee,base.main_company,
account_analytic_account_1101308,1101308,1,Jinasena_MasterData_Accounting.account_analytic_plan_employee,base.main_company,
account_analytic_account_1101313,1101313,1,Jinasena_MasterData_Accounting.account_analytic_plan_employee,base.main_company,
account_analytic_account_1101316,1101316,1,Jinasena_MasterData_Accounting.account_analytic_plan_employee,base.main_company,
account_analytic_account_1101327,1101327,1,Jinasena_MasterData_Accounting.account_analytic_plan_employee,base.main_company,
account_analytic_account_1101331,1101331,1,Jinasena_MasterData_Accounting.account_analytic_plan_employee,base.main_company,
account_analytic_account_1101332,1101332,1,Jinasena_MasterData_Accounting.account_analytic_plan_employee,base.main_company,
account_analytic_account_1101337,1101337,1,Jinasena_MasterData_Accounting.account_analytic_plan_employee,base.main_company,
account_analytic_account_1101338,1101338,1,Jinasena_MasterData_Accounting.account_analytic_plan_employee,base.main_company,
account_analytic_account_1101346,1101346,1,Jinasena_MasterData_Accounting.account_analytic_plan_employee,base.main_company,
account_analytic_account_1101350,1101350,1,Jinasena_MasterData_Accounting.account_analytic_plan_employee,base.main_company,
account_analytic_account_1101354,1101354,1,Jinasena_MasterData_Accounting.account_analytic_plan_employee,base.main_company,
account_analytic_account_1101358,1101358,1,Jinasena_MasterData_Accounting.account_analytic_plan_employee,base.main_company,
account_analytic_account_1101367,1101367,1,Jinasena_MasterData_Accounting.account_analytic_plan_employee,base.main_company,
account_analytic_account_1101374,1101374,1,Jinasena_MasterData_Accounting.account_analytic_plan_employee,base.main_company,
account_analytic_account_1101381,1101381,1,Jinasena_MasterData_Accounting.account_analytic_plan_employee,base.main_company,
account_analytic_account_1101384,1101384,1,Jinasena_MasterData_Accounting.account_analytic_plan_employee,base.main_company,
account_analytic_account_1101387,1101387,1,Jinasena_MasterData_Accounting.account_analytic_plan_employee,base.main_company,
account_analytic_account_1101388,1101388,1,Jinasena_MasterData_Accounting.account_analytic_plan_employee,base.main_company,
account_analytic_account_1101389,1101389,1,Jinasena_MasterData_Accounting.account_analytic_plan_employee,base.main_company,
account_analytic_account_1101397,1101397,1,Jinasena_MasterData_Accounting.account_analytic_plan_employee,base.main_company,
account_analytic_account_1101401,1101401,1,Jinasena_MasterData_Accounting.account_analytic_plan_employee,base.main_company,
account_analytic_account_1101404,1101404,1,Jinasena_MasterData_Accounting.account_analytic_plan_employee,base.main_company,
account_analytic_account_1101420,1101420,1,Jinasena_MasterData_Accounting.account_analytic_plan_employee,base.main_company,
account_analytic_account_1101422,1101422,1,Jinasena_MasterData_Accounting.account_analytic_plan_employee,base.main_company,
account_analytic_account_1101424,1101424,1,Jinasena_MasterData_Accounting.account_analytic_plan_employee,base.main_company,
account_analytic_account_1101427,1101427,1,Jinasena_MasterData_Accounting.account_analytic_plan_employee,base.main_company,
account_analytic_account_1101429,1101429,1,Jinasena_MasterData_Accounting.account_analytic_plan_employee,base.main_company,
account_analytic_account_1101431,1101431,1,Jinasena_MasterData_Accounting.account_analytic_plan_employee,base.main_company,
account_analytic_account_1101433,1101433,1,Jinasena_MasterData_Accounting.account_analytic_plan_employee,base.main_company,
account_analytic_account_1101440,1101440,1,Jinasena_MasterData_Accounting.account_analytic_plan_employee,base.main_company,
account_analytic_account_1101441,1101441,1,Jinasena_MasterData_Accounting.account_analytic_plan_employee,base.main_company,
account_analytic_account_1101443,1101443,1,Jinasena_MasterData_Accounting.account_analytic_plan_employee,base.main_company,
account_analytic_account_1101444,1101444,1,Jinasena_MasterData_Accounting.account_analytic_plan_employee,base.main_company,
account_analytic_account_1101447,1101447,1,Jinasena_MasterData_Accounting.account_analytic_plan_employee,base.main_company,
account_analytic_account_1101456,1101456,1,Jinasena_MasterData_Accounting.account_analytic_plan_employee,base.main_company,
account_analytic_account_1101462,1101462,1,Jinasena_MasterData_Accounting.account_analytic_plan_employee,base.main_company,
account_analytic_account_1101463,1101463,1,Jinasena_MasterData_Accounting.account_analytic_plan_employee,base.main_company,
account_analytic_account_1101471,1101471,1,Jinasena_MasterData_Accounting.account_analytic_plan_employee,base.main_company,
account_analytic_account_1101474,1101474,1,Jinasena_MasterData_Accounting.account_analytic_plan_employee,base.main_company,
account_analytic_account_1101479,1101479,1,Jinasena_MasterData_Accounting.account_analytic_plan_employee,base.main_company,
account_analytic_account_1101480,1101480,1,Jinasena_MasterData_Accounting.account_analytic_plan_employee,base.main_company,
account_analytic_account_1101482,1101482,1,Jinasena_MasterData_Accounting.account_analytic_plan_employee,base.main_company,
account_analytic_account_1101484,1101484,1,Jinasena_MasterData_Accounting.account_analytic_plan_employee,base.main_company,
account_analytic_account_1101488,1101488,1,Jinasena_MasterData_Accounting.account_analytic_plan_employee,base.main_company,
account_analytic_account_1101489,1101489,1,Jinasena_MasterData_Accounting.account_analytic_plan_employee,base.main_company,
account_analytic_account_1101491,1101491,1,Jinasena_MasterData_Accounting.account_analytic_plan_employee,base.main_company,
account_analytic_account_1101494,1101494,1,Jinasena_MasterData_Accounting.account_analytic_plan_employee,base.main_company,
account_analytic_account_1101498,1101498,1,Jinasena_MasterData_Accounting.account_analytic_plan_employee,base.main_company,
account_analytic_account_1101499,1101499,1,Jinasena_MasterData_Accounting.account_analytic_plan_employee,base.main_company,
account_analytic_account_1101502,1101502,1,Jinasena_MasterData_Accounting.account_analytic_plan_employee,base.main_company,
account_analytic_account_1101504,1101504,1,Jinasena_MasterData_Accounting.account_analytic_plan_employee,base.main_company,
account_analytic_account_1101510,1101510,1,Jinasena_MasterData_Accounting.account_analytic_plan_employee,base.main_company,
account_analytic_account_1101511,1101511,1,Jinasena_MasterData_Accounting.account_analytic_plan_employee,base.main_company,
account_analytic_account_1101521,1101521,1,Jinasena_MasterData_Accounting.account_analytic_plan_employee,base.main_company,
account_analytic_account_1101523,1101523,1,Jinasena_MasterData_Accounting.account_analytic_plan_employee,base.main_company,
account_analytic_account_1101525,1101525,1,Jinasena_MasterData_Accounting.account_analytic_plan_employee,base.main_company,
account_analytic_account_1101527,1101527,1,Jinasena_MasterData_Accounting.account_analytic_plan_employee,base.main_company,
account_analytic_account_1101529,1101529,1,Jinasena_MasterData_Accounting.account_analytic_plan_employee,base.main_company,
account_analytic_account_1101532,1101532,1,Jinasena_MasterData_Accounting.account_analytic_plan_employee,base.main_company,
account_analytic_account_1101533,1101533,1,Jinasena_MasterData_Accounting.account_analytic_plan_employee,base.main_company,
account_analytic_account_1101542,1101542,1,Jinasena_MasterData_Accounting.account_analytic_plan_employee,base.main_company,
account_analytic_account_1101559,1101559,1,Jinasena_MasterData_Accounting.account_analytic_plan_employee,base.main_company,
account_analytic_account_1101562,1101562,1,Jinasena_MasterData_Accounting.account_analytic_plan_employee,base.main_company,
account_analytic_account_1101563,1101563,1,Jinasena_MasterData_Accounting.account_analytic_plan_employee,base.main_company,
account_analytic_account_1101566,1101566,1,Jinasena_MasterData_Accounting.account_analytic_plan_employee,base.main_company,
account_analytic_account_1101570,1101570,1,Jinasena_MasterData_Accounting.account_analytic_plan_employee,base.main_company,
account_analytic_account_1101571,1101571,1,Jinasena_MasterData_Accounting.account_analytic_plan_employee,base.main_company,
account_analytic_account_1101573,1101573,1,Jinasena_MasterData_Accounting.account_analytic_plan_employee,base.main_company,
account_analytic_account_1101574,1101574,1,Jinasena_MasterData_Accounting.account_analytic_plan_employee,base.main_company,
account_analytic_account_1101601,1101601,1,Jinasena_MasterData_Accounting.account_analytic_plan_employee,base.main_company,
account_analytic_account_1101604,1101604,1,Jinasena_MasterData_Accounting.account_analytic_plan_employee,base.main_company,
account_analytic_account_1101626,1101626,1,Jinasena_MasterData_Accounting.account_analytic_plan_employee,base.main_company,
account_analytic_account_1101627,1101627,1,Jinasena_MasterData_Accounting.account_analytic_plan_employee,base.main_company,
account_analytic_account_1110001,1110001,1,Jinasena_MasterData_Accounting.account_analytic_plan_employee,base.main_company,
account_analytic_account_1110002,1110002,1,Jinasena_MasterData_Accounting.account_analytic_plan_employee,base.main_company,
account_analytic_account_1110008,1110008,1,Jinasena_MasterData_Accounting.account_analytic_plan_employee,base.main_company,
account_analytic_account_1110011,1110011,1,Jinasena_MasterData_Accounting.account_analytic_plan_employee,base.main_company,
account_analytic_account_1110016,1110016,1,Jinasena_MasterData_Accounting.account_analytic_plan_employee,base.main_company,
account_analytic_account_1110017,1110017,1,Jinasena_MasterData_Accounting.account_analytic_plan_employee,base.main_company,
account_analytic_account_1110025,1110025,1,Jinasena_MasterData_Accounting.account_analytic_plan_employee,base.main_company,
account_analytic_account_1110030,1110030,1,Jinasena_MasterData_Accounting.account_analytic_plan_employee,base.main_company,
account_analytic_account_1110031,1110031,1,Jinasena_MasterData_Accounting.account_analytic_plan_employee,base.main_company,
account_analytic_account_1110032,1110032,1,Jinasena_MasterData_Accounting.account_analytic_plan_employee,base.main_company,
account_analytic_account_1110033,1110033,1,Jinasena_MasterData_Accounting.account_analytic_plan_employee,base.main_company,
account_analytic_account_1110035,1110035,1,Jinasena_MasterData_Accounting.account_analytic_plan_employee,base.main_company,
account_analytic_account_1110036,1110036,1,Jinasena_MasterData_Accounting.account_analytic_plan_employee,base.main_company,
account_analytic_account_1110041,1110041,1,Jinasena_MasterData_Accounting.account_analytic_plan_employee,base.main_company,
account_analytic_account_1110043,1110043,1,Jinasena_MasterData_Accounting.account_analytic_plan_employee,base.main_company,
account_analytic_account_1110044,1110044,1,Jinasena_MasterData_Accounting.account_analytic_plan_employee,base.main_company,
account_analytic_account_1110045,1110045,1,Jinasena_MasterData_Accounting.account_analytic_plan_employee,base.main_company,
account_analytic_account_1110046,1110046,1,Jinasena_MasterData_Accounting.account_analytic_plan_employee,base.main_company,
account_analytic_account_1110047,1110047,1,Jinasena_MasterData_Accounting.account_analytic_plan_employee,base.main_company,
account_analytic_account_1110048,1110048,1,Jinasena_MasterData_Accounting.account_analytic_plan_employee,base.main_company,
account_analytic_account_1110050,1110050,1,Jinasena_MasterData_Accounting.account_analytic_plan_employee,base.main_company,
account_analytic_account_1110051,1110051,1,Jinasena_MasterData_Accounting.account_analytic_plan_employee,base.main_company,
account_analytic_account_1110053,1110053,1,Jinasena_MasterData_Accounting.account_analytic_plan_employee,base.main_company,
account_analytic_account_1110055,1110055,1,Jinasena_MasterData_Accounting.account_analytic_plan_employee,base.main_company,
account_analytic_account_1110064,1110064,1,Jinasena_MasterData_Accounting.account_analytic_plan_employee,base.main_company,
account_analytic_account_1110068,1110068,1,Jinasena_MasterData_Accounting.account_analytic_plan_employee,base.main_company,
account_analytic_account_1110071,1110071,1,Jinasena_MasterData_Accounting.account_analytic_plan_employee,base.main_company,
account_analytic_account_1110074,1110074,1,Jinasena_MasterData_Accounting.account_analytic_plan_employee,base.main_company,
account_analytic_account_1110079,1110079,1,Jinasena_MasterData_Accounting.account_analytic_plan_employee,base.main_company,
account_analytic_account_1110081,1110081,1,Jinasena_MasterData_Accounting.account_analytic_plan_employee,base.main_company,
account_analytic_account_1110083,1110083,1,Jinasena_MasterData_Accounting.account_analytic_plan_employee,base.main_company,
account_analytic_account_1110085,1110085,1,Jinasena_MasterData_Accounting.account_analytic_plan_employee,base.main_company,
account_analytic_account_1110088,1110088,1,Jinasena_MasterData_Accounting.account_analytic_plan_employee,base.main_company,
account_analytic_account_1110089,1110089,1,Jinasena_MasterData_Accounting.account_analytic_plan_employee,base.main_company,
account_analytic_account_1110090,1110090,1,Jinasena_MasterData_Accounting.account_analytic_plan_employee,base.main_company,
account_analytic_account_1110091,1110091,1,Jinasena_MasterData_Accounting.account_analytic_plan_employee,base.main_company,
account_analytic_account_1110103,1110103,1,Jinasena_MasterData_Accounting.account_analytic_plan_employee,base.main_company,
account_analytic_account_1110107,1110107,1,Jinasena_MasterData_Accounting.account_analytic_plan_employee,base.main_company,
account_analytic_account_1110109,1110109,1,Jinasena_MasterData_Accounting.account_analytic_plan_employee,base.main_company,
account_analytic_account_1110117,1110117,1,Jinasena_MasterData_Accounting.account_analytic_plan_employee,base.main_company,
account_analytic_account_1110118,1110118,1,Jinasena_MasterData_Accounting.account_analytic_plan_employee,base.main_company,
account_analytic_account_1110121,1110121,1,Jinasena_MasterData_Accounting.account_analytic_plan_employee,base.main_company,
account_analytic_account_1110123,1110123,1,Jinasena_MasterData_Accounting.account_analytic_plan_employee,base.main_company,
account_analytic_account_1110128,1110128,1,Jinasena_MasterData_Accounting.account_analytic_plan_employee,base.main_company,
account_analytic_account_1110131,1110131,1,Jinasena_MasterData_Accounting.account_analytic_plan_employee,base.main_company,
account_analytic_account_1110132,1110132,1,Jinasena_MasterData_Accounting.account_analytic_plan_employee,base.main_company,
account_analytic_account_1110137,1110137,1,Jinasena_MasterData_Accounting.account_analytic_plan_employee,base.main_company,
account_analytic_account_1110141,1110141,1,Jinasena_MasterData_Accounting.account_analytic_plan_employee,base.main_company,
account_analytic_account_1110148,1110148,1,Jinasena_MasterData_Accounting.account_analytic_plan_employee,base.main_company,
account_analytic_account_1110152,1110152,1,Jinasena_MasterData_Accounting.account_analytic_plan_employee,base.main_company,
account_analytic_account_1110154,1110154,1,Jinasena_MasterData_Accounting.account_analytic_plan_employee,base.main_company,
account_analytic_account_1110155,1110155,1,Jinasena_MasterData_Accounting.account_analytic_plan_employee,base.main_company,
account_analytic_account_1110157,1110157,1,Jinasena_MasterData_Accounting.account_analytic_plan_employee,base.main_company,
account_analytic_account_1110158,1110158,1,Jinasena_MasterData_Accounting.account_analytic_plan_employee,base.main_company,
account_analytic_account_1110161,1110161,1,Jinasena_MasterData_Accounting.account_analytic_plan_employee,base.main_company,
account_analytic_account_1110172,1110172,1,Jinasena_MasterData_Accounting.account_analytic_plan_employee,base.main_company,
account_analytic_account_1110175,1110175,1,Jinasena_MasterData_Accounting.account_analytic_plan_employee,base.main_company,
account_analytic_account_1110180,1110180,1,Jinasena_MasterData_Accounting.account_analytic_plan_employee,base.main_company,
account_analytic_account_1110192,1110192,1,Jinasena_MasterData_Accounting.account_analytic_plan_employee,base.main_company,
account_analytic_account_1110194,1110194,1,Jinasena_MasterData_Accounting.account_analytic_plan_employee,base.main_company,
account_analytic_account_12000919,12000919,1,Jinasena_MasterData_Accounting.account_analytic_plan_employee,base.main_company,
account_analytic_account_1200095,1200095,1,Jinasena_MasterData_Accounting.account_analytic_plan_employee,base.main_company,
account_analytic_account_12001107,12001107,1,Jinasena_MasterData_Accounting.account_analytic_plan_employee,base.main_company,
account_analytic_account_12001108,12001108,1,Jinasena_MasterData_Accounting.account_analytic_plan_employee,base.main_company,
account_analytic_account_1200111,1200111,1,Jinasena_MasterData_Accounting.account_analytic_plan_employee,base.main_company,
account_analytic_account_1200158,1200158,1,Jinasena_MasterData_Accounting.account_analytic_plan_employee,base.main_company,
account_analytic_account_1200187,1200187,1,Jinasena_MasterData_Accounting.account_analytic_plan_employee,base.main_company,
account_analytic_account_1200197,1200197,1,Jinasena_MasterData_Accounting.account_analytic_plan_employee,base.main_company,
account_analytic_account_1200218,1200218,1,Jinasena_MasterData_Accounting.account_analytic_plan_employee,base.main_company,
account_analytic_account_1200233,1200233,1,Jinasena_MasterData_Accounting.account_analytic_plan_employee,base.main_company,
account_analytic_account_1200240,1200240,1,Jinasena_MasterData_Accounting.account_analytic_plan_employee,base.main_company,
account_analytic_account_1200269,1200269,1,Jinasena_MasterData_Accounting.account_analytic_plan_employee,base.main_company,
account_analytic_account_1200283,1200283,1,Jinasena_MasterData_Accounting.account_analytic_plan_employee,base.main_company,
account_analytic_account_1200298,1200298,1,Jinasena_MasterData_Accounting.account_analytic_plan_employee,base.main_company,
account_analytic_account_1200309,1200309,1,Jinasena_MasterData_Accounting.account_analytic_plan_employee,base.main_company,
account_analytic_account_1200324,1200324,1,Jinasena_MasterData_Accounting.account_analytic_plan_employee,base.main_company,
account_analytic_account_1200330,1200330,1,Jinasena_MasterData_Accounting.account_analytic_plan_employee,base.main_company,
account_analytic_account_1200381,1200381,1,Jinasena_MasterData_Accounting.account_analytic_plan_employee,base.main_company,
account_analytic_account_1200391,1200391,1,Jinasena_MasterData_Accounting.account_analytic_plan_employee,base.main_company,
account_analytic_account_1200396,1200396,1,Jinasena_MasterData_Accounting.account_analytic_plan_employee,base.main_company,
account_analytic_account_1200423,1200423,1,Jinasena_MasterData_Accounting.account_analytic_plan_employee,base.main_company,
account_analytic_account_1200424,1200424,1,Jinasena_MasterData_Accounting.account_analytic_plan_employee,base.main_company,
account_analytic_account_1200425,1200425,1,Jinasena_MasterData_Accounting.account_analytic_plan_employee,base.main_company,
account_analytic_account_1200428,1200428,1,Jinasena_MasterData_Accounting.account_analytic_plan_employee,base.main_company,
account_analytic_account_1200435,1200435,1,Jinasena_MasterData_Accounting.account_analytic_plan_employee,base.main_company,
account_analytic_account_1200438,1200438,1,Jinasena_MasterData_Accounting.account_analytic_plan_employee,base.main_company,
account_analytic_account_1200439,1200439,1,Jinasena_MasterData_Accounting.account_analytic_plan_employee,base.main_company,
account_analytic_account_1200448,1200448,1,Jinasena_MasterData_Accounting.account_analytic_plan_employee,base.main_company,
account_analytic_account_1200474,1200474,1,Jinasena_MasterData_Accounting.account_analytic_plan_employee,base.main_company,
account_analytic_account_1200477,1200477,1,Jinasena_MasterData_Accounting.account_analytic_plan_employee,base.main_company,
account_analytic_account_1200504,1200504,1,Jinasena_MasterData_Accounting.account_analytic_plan_employee,base.main_company,
account_analytic_account_1200505,1200505,1,Jinasena_MasterData_Accounting.account_analytic_plan_employee,base.main_company,
account_analytic_account_1200525,1200525,1,Jinasena_MasterData_Accounting.account_analytic_plan_employee,base.main_company,
account_analytic_account_1200533,1200533,1,Jinasena_MasterData_Accounting.account_analytic_plan_employee,base.main_company,
account_analytic_account_1200535,1200535,1,Jinasena_MasterData_Accounting.account_analytic_plan_employee,base.main_company,
account_analytic_account_1200539,1200539,1,Jinasena_MasterData_Accounting.account_analytic_plan_employee,base.main_company,
account_analytic_account_1200550,1200550,1,Jinasena_MasterData_Accounting.account_analytic_plan_employee,base.main_company,
account_analytic_account_1200559,1200559,1,Jinasena_MasterData_Accounting.account_analytic_plan_employee,base.main_company,
account_analytic_account_1200564,1200564,1,Jinasena_MasterData_Accounting.account_analytic_plan_employee,base.main_company,
account_analytic_account_1200565,1200565,1,Jinasena_MasterData_Accounting.account_analytic_plan_employee,base.main_company,
account_analytic_account_1200568,1200568,1,Jinasena_MasterData_Accounting.account_analytic_plan_employee,base.main_company,
account_analytic_account_1200584,1200584,1,Jinasena_MasterData_Accounting.account_analytic_plan_employee,base.main_company,
account_analytic_account_1200586,1200586,1,Jinasena_MasterData_Accounting.account_analytic_plan_employee,base.main_company,
account_analytic_account_1200589,1200589,1,Jinasena_MasterData_Accounting.account_analytic_plan_employee,base.main_company,
account_analytic_account_1200591,1200591,1,Jinasena_MasterData_Accounting.account_analytic_plan_employee,base.main_company,
account_analytic_account_1200596,1200596,1,Jinasena_MasterData_Accounting.account_analytic_plan_employee,base.main_company,
account_analytic_account_1200620,1200620,1,Jinasena_MasterData_Accounting.account_analytic_plan_employee,base.main_company,
account_analytic_account_1200622,1200622,1,Jinasena_MasterData_Accounting.account_analytic_plan_employee,base.main_company,
account_analytic_account_1200625,1200625,1,Jinasena_MasterData_Accounting.account_analytic_plan_employee,base.main_company,
account_analytic_account_1200629,1200629,1,Jinasena_MasterData_Accounting.account_analytic_plan_employee,base.main_company,
account_analytic_account_1200643,1200643,1,Jinasena_MasterData_Accounting.account_analytic_plan_employee,base.main_company,
account_analytic_account_1200649,1200649,1,Jinasena_MasterData_Accounting.account_analytic_plan_employee,base.main_company,
account_analytic_account_1200652,1200652,1,Jinasena_MasterData_Accounting.account_analytic_plan_employee,base.main_company,
account_analytic_account_1200654,1200654,1,Jinasena_MasterData_Accounting.account_analytic_plan_employee,base.main_company,
account_analytic_account_1200655,1200655,1,Jinasena_MasterData_Accounting.account_analytic_plan_employee,base.main_company,
account_analytic_account_1200662,1200662,1,Jinasena_MasterData_Accounting.account_analytic_plan_employee,base.main_company,
account_analytic_account_1200663,1200663,1,Jinasena_MasterData_Accounting.account_analytic_plan_employee,base.main_company,
account_analytic_account_1200679,1200679,1,Jinasena_MasterData_Accounting.account_analytic_plan_employee,base.main_company,
account_analytic_account_1200681,1200681,1,Jinasena_MasterData_Accounting.account_analytic_plan_employee,base.main_company,
account_analytic_account_1200688,1200688,1,Jinasena_MasterData_Accounting.account_analytic_plan_employee,base.main_company,
account_analytic_account_1200693,1200693,1,Jinasena_MasterData_Accounting.account_analytic_plan_employee,base.main_company,
account_analytic_account_1200696,1200696,1,Jinasena_MasterData_Accounting.account_analytic_plan_employee,base.main_company,
account_analytic_account_1200700,1200700,1,Jinasena_MasterData_Accounting.account_analytic_plan_employee,base.main_company,
account_analytic_account_1200705,1200705,1,Jinasena_MasterData_Accounting.account_analytic_plan_employee,base.main_company,
account_analytic_account_1200710,1200710,1,Jinasena_MasterData_Accounting.account_analytic_plan_employee,base.main_company,
account_analytic_account_1200713,1200713,1,Jinasena_MasterData_Accounting.account_analytic_plan_employee,base.main_company,
account_analytic_account_1200721,1200721,1,Jinasena_MasterData_Accounting.account_analytic_plan_employee,base.main_company,
account_analytic_account_1200725,1200725,1,Jinasena_MasterData_Accounting.account_analytic_plan_employee,base.main_company,
account_analytic_account_1200734,1200734,1,Jinasena_MasterData_Accounting.account_analytic_plan_employee,base.main_company,
account_analytic_account_1200735,1200735,1,Jinasena_MasterData_Accounting.account_analytic_plan_employee,base.main_company,
account_analytic_account_1200743,1200743,1,Jinasena_MasterData_Accounting.account_analytic_plan_employee,base.main_company,
account_analytic_account_1200748,1200748,1,Jinasena_MasterData_Accounting.account_analytic_plan_employee,base.main_company,
account_analytic_account_1200752,1200752,1,Jinasena_MasterData_Accounting.account_analytic_plan_employee,base.main_company,
account_analytic_account_1200763,1200763,1,Jinasena_MasterData_Accounting.account_analytic_plan_employee,base.main_company,
account_analytic_account_1200764,1200764,1,Jinasena_MasterData_Accounting.account_analytic_plan_employee,base.main_company,
account_analytic_account_1200766,1200766,1,Jinasena_MasterData_Accounting.account_analytic_plan_employee,base.main_company,
account_analytic_account_1200768,1200768,1,Jinasena_MasterData_Accounting.account_analytic_plan_employee,base.main_company,
account_analytic_account_1200774,1200774,1,Jinasena_MasterData_Accounting.account_analytic_plan_employee,base.main_company,
account_analytic_account_1200776,1200776,1,Jinasena_MasterData_Accounting.account_analytic_plan_employee,base.main_company,
account_analytic_account_1200779,1200779,1,Jinasena_MasterData_Accounting.account_analytic_plan_employee,base.main_company,
account_analytic_account_1200780,1200780,1,Jinasena_MasterData_Accounting.account_analytic_plan_employee,base.main_company,
account_analytic_account_1200785,1200785,1,Jinasena_MasterData_Accounting.account_analytic_plan_employee,base.main_company,
account_analytic_account_1200786,1200786,1,Jinasena_MasterData_Accounting.account_analytic_plan_employee,base.main_company,
account_analytic_account_1200787,1200787,1,Jinasena_MasterData_Accounting.account_analytic_plan_employee,base.main_company,
account_analytic_account_1200806,1200806,1,Jinasena_MasterData_Accounting.account_analytic_plan_employee,base.main_company,
account_analytic_account_1200817,1200817,1,Jinasena_MasterData_Accounting.account_analytic_plan_employee,base.main_company,
account_analytic_account_1200819,1200819,1,Jinasena_MasterData_Accounting.account_analytic_plan_employee,base.main_company,
account_analytic_account_1200821,1200821,1,Jinasena_MasterData_Accounting.account_analytic_plan_employee,base.main_company,
account_analytic_account_1200824,1200824,1,Jinasena_MasterData_Accounting.account_analytic_plan_employee,base.main_company,
account_analytic_account_1200825,1200825,1,Jinasena_MasterData_Accounting.account_analytic_plan_employee,base.main_company,
account_analytic_account_1200838,1200838,1,Jinasena_MasterData_Accounting.account_analytic_plan_employee,base.main_company,
account_analytic_account_1200839,1200839,1,Jinasena_MasterData_Accounting.account_analytic_plan_employee,base.main_company,
account_analytic_account_1200848,1200848,1,Jinasena_MasterData_Accounting.account_analytic_plan_employee,base.main_company,
account_analytic_account_1200850,1200850,1,Jinasena_MasterData_Accounting.account_analytic_plan_employee,base.main_company,
account_analytic_account_1200851,1200851,1,Jinasena_MasterData_Accounting.account_analytic_plan_employee,base.main_company,
account_analytic_account_1200854,1200854,1,Jinasena_MasterData_Accounting.account_analytic_plan_employee,base.main_company,
account_analytic_account_1200860,1200860,1,Jinasena_MasterData_Accounting.account_analytic_plan_employee,base.main_company,
account_analytic_account_1200861,1200861,1,Jinasena_MasterData_Accounting.account_analytic_plan_employee,base.main_company,
account_analytic_account_1200864,1200864,1,Jinasena_MasterData_Accounting.account_analytic_plan_employee,base.main_company,
account_analytic_account_1200865,1200865,1,Jinasena_MasterData_Accounting.account_analytic_plan_employee,base.main_company,
account_analytic_account_1200866,1200866,1,Jinasena_MasterData_Accounting.account_analytic_plan_employee,base.main_company,
account_analytic_account_1200868,1200868,1,Jinasena_MasterData_Accounting.account_analytic_plan_employee,base.main_company,
account_analytic_account_1200869,1200869,1,Jinasena_MasterData_Accounting.account_analytic_plan_employee,base.main_company,
account_analytic_account_1200871,1200871,1,Jinasena_MasterData_Accounting.account_analytic_plan_employee,base.main_company,
account_analytic_account_1200874,1200874,1,Jinasena_MasterData_Accounting.account_analytic_plan_employee,base.main_company,
account_analytic_account_1200881,1200881,1,Jinasena_MasterData_Accounting.account_analytic_plan_employee,base.main_company,
account_analytic_account_1200882,1200882,1,Jinasena_MasterData_Accounting.account_analytic_plan_employee,base.main_company,
account_analytic_account_1200887,1200887,1,Jinasena_MasterData_Accounting.account_analytic_plan_employee,base.main_company,
account_analytic_account_1200888,1200888,1,Jinasena_MasterData_Accounting.account_analytic_plan_employee,base.main_company,
account_analytic_account_1200891,1200891,1,Jinasena_MasterData_Accounting.account_analytic_plan_employee,base.main_company,
account_analytic_account_1200892,1200892,1,Jinasena_MasterData_Accounting.account_analytic_plan_employee,base.main_company,
account_analytic_account_1200895,1200895,1,Jinasena_MasterData_Accounting.account_analytic_plan_employee,base.main_company,
account_analytic_account_1200898,1200898,1,Jinasena_MasterData_Accounting.account_analytic_plan_employee,base.main_company,
account_analytic_account_1200899,1200899,1,Jinasena_MasterData_Accounting.account_analytic_plan_employee,base.main_company,
account_analytic_account_1200900,1200900,1,Jinasena_MasterData_Accounting.account_analytic_plan_employee,base.main_company,
account_analytic_account_1200904,1200904,1,Jinasena_MasterData_Accounting.account_analytic_plan_employee,base.main_company,
account_analytic_account_1200907,1200907,1,Jinasena_MasterData_Accounting.account_analytic_plan_employee,base.main_company,
account_analytic_account_1200908,1200908,1,Jinasena_MasterData_Accounting.account_analytic_plan_employee,base.main_company,
account_analytic_account_1200909,1200909,1,Jinasena_MasterData_Accounting.account_analytic_plan_employee,base.main_company,
account_analytic_account_1200911,1200911,1,Jinasena_MasterData_Accounting.account_analytic_plan_employee,base.main_company,
account_analytic_account_1200917,1200917,1,Jinasena_MasterData_Accounting.account_analytic_plan_employee,base.main_company,
account_analytic_account_1200921,1200921,1,Jinasena_MasterData_Accounting.account_analytic_plan_employee,base.main_company,
account_analytic_account_1200926,1200926,1,Jinasena_MasterData_Accounting.account_analytic_plan_employee,base.main_company,
account_analytic_account_1200928,1200928,1,Jinasena_MasterData_Accounting.account_analytic_plan_employee,base.main_company,
account_analytic_account_1200929,1200929,1,Jinasena_MasterData_Accounting.account_analytic_plan_employee,base.main_company,
account_analytic_account_1200934,1200934,1,Jinasena_MasterData_Accounting.account_analytic_plan_employee,base.main_company,
account_analytic_account_1200937,1200937,1,Jinasena_MasterData_Accounting.account_analytic_plan_employee,base.main_company,
account_analytic_account_1200939,1200939,1,Jinasena_MasterData_Accounting.account_analytic_plan_employee,base.main_company,
account_analytic_account_1200940,1200940,1,Jinasena_MasterData_Accounting.account_analytic_plan_employee,base.main_company,
account_analytic_account_1200941,1200941,1,Jinasena_MasterData_Accounting.account_analytic_plan_employee,base.main_company,
account_analytic_account_1200943,1200943,1,Jinasena_MasterData_Accounting.account_analytic_plan_employee,base.main_company,
account_analytic_account_1200944,1200944,1,Jinasena_MasterData_Accounting.account_analytic_plan_employee,base.main_company,
account_analytic_account_1200946,1200946,1,Jinasena_MasterData_Accounting.account_analytic_plan_employee,base.main_company,
account_analytic_account_1200949,1200949,1,Jinasena_MasterData_Accounting.account_analytic_plan_employee,base.main_company,
account_analytic_account_1200950,1200950,1,Jinasena_MasterData_Accounting.account_analytic_plan_employee,base.main_company,
account_analytic_account_1200955,1200955,1,Jinasena_MasterData_Accounting.account_analytic_plan_employee,base.main_company,
account_analytic_account_1200957,1200957,1,Jinasena_MasterData_Accounting.account_analytic_plan_employee,base.main_company,
account_analytic_account_1200963,1200963,1,Jinasena_MasterData_Accounting.account_analytic_plan_employee,base.main_company,
account_analytic_account_1200964,1200964,1,Jinasena_MasterData_Accounting.account_analytic_plan_employee,base.main_company,
account_analytic_account_1200965,1200965,1,Jinasena_MasterData_Accounting.account_analytic_plan_employee,base.main_company,
account_analytic_account_1200967,1200967,1,Jinasena_MasterData_Accounting.account_analytic_plan_employee,base.main_company,
account_analytic_account_1200969,1200969,1,Jinasena_MasterData_Accounting.account_analytic_plan_employee,base.main_company,
account_analytic_account_1200970,1200970,1,Jinasena_MasterData_Accounting.account_analytic_plan_employee,base.main_company,
account_analytic_account_1200973,1200973,1,Jinasena_MasterData_Accounting.account_analytic_plan_employee,base.main_company,
account_analytic_account_1200979,1200979,1,Jinasena_MasterData_Accounting.account_analytic_plan_employee,base.main_company,
account_analytic_account_1200982,1200982,1,Jinasena_MasterData_Accounting.account_analytic_plan_employee,base.main_company,
account_analytic_account_1200986,1200986,1,Jinasena_MasterData_Accounting.account_analytic_plan_employee,base.main_company,
account_analytic_account_1200987,1200987,1,Jinasena_MasterData_Accounting.account_analytic_plan_employee,base.main_company,
account_analytic_account_1200988,1200988,1,Jinasena_MasterData_Accounting.account_analytic_plan_employee,base.main_company,
account_analytic_account_1200992,1200992,1,Jinasena_MasterData_Accounting.account_analytic_plan_employee,base.main_company,
account_analytic_account_1200995,1200995,1,Jinasena_MasterData_Accounting.account_analytic_plan_employee,base.main_company,
account_analytic_account_1200997,1200997,1,Jinasena_MasterData_Accounting.account_analytic_plan_employee,base.main_company,
account_analytic_account_1200998,1200998,1,Jinasena_MasterData_Accounting.account_analytic_plan_employee,base.main_company,
account_analytic_account_1201000,1201000,1,Jinasena_MasterData_Accounting.account_analytic_plan_employee,base.main_company,
account_analytic_account_1201003,1201003,1,Jinasena_MasterData_Accounting.account_analytic_plan_employee,base.main_company,
account_analytic_account_1201005,1201005,1,Jinasena_MasterData_Accounting.account_analytic_plan_employee,base.main_company,
account_analytic_account_1201006,1201006,1,Jinasena_MasterData_Accounting.account_analytic_plan_employee,base.main_company,
account_analytic_account_1201009,1201009,1,Jinasena_MasterData_Accounting.account_analytic_plan_employee,base.main_company,
account_analytic_account_1201010,1201010,1,Jinasena_MasterData_Accounting.account_analytic_plan_employee,base.main_company,
account_analytic_account_1201012,1201012,1,Jinasena_MasterData_Accounting.account_analytic_plan_employee,base.main_company,
account_analytic_account_1201013,1201013,1,Jinasena_MasterData_Accounting.account_analytic_plan_employee,base.main_company,
account_analytic_account_12010139,12010139,1,Jinasena_MasterData_Accounting.account_analytic_plan_employee,base.main_company,
account_analytic_account_1201016,1201016,1,Jinasena_MasterData_Accounting.account_analytic_plan_employee,base.main_company,
account_analytic_account_1201018,1201018,1,Jinasena_MasterData_Accounting.account_analytic_plan_employee,base.main_company,
account_analytic_account_1201019,1201019,1,Jinasena_MasterData_Accounting.account_analytic_plan_employee,base.main_company,
account_analytic_account_1201020,1201020,1,Jinasena_MasterData_Accounting.account_analytic_plan_employee,base.main_company,
account_analytic_account_1201023,1201023,1,Jinasena_MasterData_Accounting.account_analytic_plan_employee,base.main_company,
account_analytic_account_1201024,1201024,1,Jinasena_MasterData_Accounting.account_analytic_plan_employee,base.main_company,
account_analytic_account_1201028,1201028,1,Jinasena_MasterData_Accounting.account_analytic_plan_employee,base.main_company,
account_analytic_account_1201029,1201029,1,Jinasena_MasterData_Accounting.account_analytic_plan_employee,base.main_company,
account_analytic_account_1201033,1201033,1,Jinasena_MasterData_Accounting.account_analytic_plan_employee,base.main_company,
account_analytic_account_1201034,1201034,1,Jinasena_MasterData_Accounting.account_analytic_plan_employee,base.main_company,
account_analytic_account_1201037,1201037,1,Jinasena_MasterData_Accounting.account_analytic_plan_employee,base.main_company,
account_analytic_account_1201038,1201038,1,Jinasena_MasterData_Accounting.account_analytic_plan_employee,base.main_company,
account_analytic_account_1201039,1201039,1,Jinasena_MasterData_Accounting.account_analytic_plan_employee,base.main_company,
account_analytic_account_1201041,1201041,1,Jinasena_MasterData_Accounting.account_analytic_plan_employee,base.main_company,
account_analytic_account_1201042,1201042,1,Jinasena_MasterData_Accounting.account_analytic_plan_employee,base.main_company,
account_analytic_account_1201043,1201043,1,Jinasena_MasterData_Accounting.account_analytic_plan_employee,base.main_company,
account_analytic_account_1201044,1201044,1,Jinasena_MasterData_Accounting.account_analytic_plan_employee,base.main_company,
account_analytic_account_1201046,1201046,1,Jinasena_MasterData_Accounting.account_analytic_plan_employee,base.main_company,
account_analytic_account_1201048,1201048,1,Jinasena_MasterData_Accounting.account_analytic_plan_employee,base.main_company,
account_analytic_account_1201049,1201049,1,Jinasena_MasterData_Accounting.account_analytic_plan_employee,base.main_company,
account_analytic_account_1201050,1201050,1,Jinasena_MasterData_Accounting.account_analytic_plan_employee,base.main_company,
account_analytic_account_1201052,1201052,1,Jinasena_MasterData_Accounting.account_analytic_plan_employee,base.main_company,
account_analytic_account_1201053,1201053,1,Jinasena_MasterData_Accounting.account_analytic_plan_employee,base.main_company,
account_analytic_account_1201054,1201054,1,Jinasena_MasterData_Accounting.account_analytic_plan_employee,base.main_company,
account_analytic_account_1201055,1201055,1,Jinasena_MasterData_Accounting.account_analytic_plan_employee,base.main_company,
account_analytic_account_1201056,1201056,1,Jinasena_MasterData_Accounting.account_analytic_plan_employee,base.main_company,
account_analytic_account_1201057,1201057,1,Jinasena_MasterData_Accounting.account_analytic_plan_employee,base.main_company,
account_analytic_account_1201058,1201058,1,Jinasena_MasterData_Accounting.account_analytic_plan_employee,base.main_company,
account_analytic_account_1201059,1201059,1,Jinasena_MasterData_Accounting.account_analytic_plan_employee,base.main_company,
account_analytic_account_1201060,1201060,1,Jinasena_MasterData_Accounting.account_analytic_plan_employee,base.main_company,
account_analytic_account_1201061,1201061,1,Jinasena_MasterData_Accounting.account_analytic_plan_employee,base.main_company,
account_analytic_account_1201062,1201062,1,Jinasena_MasterData_Accounting.account_analytic_plan_employee,base.main_company,
account_analytic_account_1201063,1201063,1,Jinasena_MasterData_Accounting.account_analytic_plan_employee,base.main_company,
account_analytic_account_1201064,1201064,1,Jinasena_MasterData_Accounting.account_analytic_plan_employee,base.main_company,
account_analytic_account_1201065,1201065,1,Jinasena_MasterData_Accounting.account_analytic_plan_employee,base.main_company,
account_analytic_account_1201066,1201066,1,Jinasena_MasterData_Accounting.account_analytic_plan_employee,base.main_company,
account_analytic_account_1201067,1201067,1,Jinasena_MasterData_Accounting.account_analytic_plan_employee,base.main_company,
account_analytic_account_1201068,1201068,1,Jinasena_MasterData_Accounting.account_analytic_plan_employee,base.main_company,
account_analytic_account_1201069,1201069,1,Jinasena_MasterData_Accounting.account_analytic_plan_employee,base.main_company,
account_analytic_account_1201070,1201070,1,Jinasena_MasterData_Accounting.account_analytic_plan_employee,base.main_company,
account_analytic_account_1201071,1201071,1,Jinasena_MasterData_Accounting.account_analytic_plan_employee,base.main_company,
account_analytic_account_1201072,1201072,1,Jinasena_MasterData_Accounting.account_analytic_plan_employee,base.main_company,
account_analytic_account_1201073,1201073,1,Jinasena_MasterData_Accounting.account_analytic_plan_employee,base.main_company,
account_analytic_account_1201074,1201074,1,Jinasena_MasterData_Accounting.account_analytic_plan_employee,base.main_company,
account_analytic_account_1201075,1201075,1,Jinasena_MasterData_Accounting.account_analytic_plan_employee,base.main_company,
account_analytic_account_1201077,1201077,1,Jinasena_MasterData_Accounting.account_analytic_plan_employee,base.main_company,
account_analytic_account_1201078,1201078,1,Jinasena_MasterData_Accounting.account_analytic_plan_employee,base.main_company,
account_analytic_account_1201079,1201079,1,Jinasena_MasterData_Accounting.account_analytic_plan_employee,base.main_company,
account_analytic_account_1201080,1201080,1,Jinasena_MasterData_Accounting.account_analytic_plan_employee,base.main_company,
account_analytic_account_1201081,1201081,1,Jinasena_MasterData_Accounting.account_analytic_plan_employee,base.main_company,
account_analytic_account_1201081o09,1201081O09,1,Jinasena_MasterData_Accounting.account_analytic_plan_employee,base.main_company,
account_analytic_account_1201082,1201082,1,Jinasena_MasterData_Accounting.account_analytic_plan_employee,base.main_company,
account_analytic_account_1201083,1201083,1,Jinasena_MasterData_Accounting.account_analytic_plan_employee,base.main_company,
account_analytic_account_1201084,1201084,1,Jinasena_MasterData_Accounting.account_analytic_plan_employee,base.main_company,
account_analytic_account_1201085,1201085,1,Jinasena_MasterData_Accounting.account_analytic_plan_employee,base.main_company,
account_analytic_account_1201086,1201086,1,Jinasena_MasterData_Accounting.account_analytic_plan_employee,base.main_company,
account_analytic_account_1201088,1201088,1,Jinasena_MasterData_Accounting.account_analytic_plan_employee,base.main_company,
account_analytic_account_1201090,1201090,1,Jinasena_MasterData_Accounting.account_analytic_plan_employee,base.main_company,
account_analytic_account_1201091,1201091,1,Jinasena_MasterData_Accounting.account_analytic_plan_employee,base.main_company,
account_analytic_account_1201093,1201093,1,Jinasena_MasterData_Accounting.account_analytic_plan_employee,base.main_company,
account_analytic_account_1201095,1201095,1,Jinasena_MasterData_Accounting.account_analytic_plan_employee,base.main_company,
account_analytic_account_1201097,1201097,1,Jinasena_MasterData_Accounting.account_analytic_plan_employee,base.main_company,
account_analytic_account_1201098,1201098,1,Jinasena_MasterData_Accounting.account_analytic_plan_employee,base.main_company,
account_analytic_account_1201099,1201099,1,Jinasena_MasterData_Accounting.account_analytic_plan_employee,base.main_company,
account_analytic_account_1201100,1201100,1,Jinasena_MasterData_Accounting.account_analytic_plan_employee,base.main_company,
account_analytic_account_1201101,1201101,1,Jinasena_MasterData_Accounting.account_analytic_plan_employee,base.main_company,
account_analytic_account_1201102,1201102,1,Jinasena_MasterData_Accounting.account_analytic_plan_employee,base.main_company,
account_analytic_account_1201103,1201103,1,Jinasena_MasterData_Accounting.account_analytic_plan_employee,base.main_company,
account_analytic_account_1201104,1201104,1,Jinasena_MasterData_Accounting.account_analytic_plan_employee,base.main_company,
account_analytic_account_1201105,1201105,1,Jinasena_MasterData_Accounting.account_analytic_plan_employee,base.main_company,
account_analytic_account_1201106,1201106,1,Jinasena_MasterData_Accounting.account_analytic_plan_employee,base.main_company,
account_analytic_account_1201111,1201111,1,Jinasena_MasterData_Accounting.account_analytic_plan_employee,base.main_company,
account_analytic_account_1201112,1201112,1,Jinasena_MasterData_Accounting.account_analytic_plan_employee,base.main_company,
account_analytic_account_1201114,1201114,1,Jinasena_MasterData_Accounting.account_analytic_plan_employee,base.main_company,
account_analytic_account_1201115,1201115,1,Jinasena_MasterData_Accounting.account_analytic_plan_employee,base.main_company,
account_analytic_account_1201117,1201117,1,Jinasena_MasterData_Accounting.account_analytic_plan_employee,base.main_company,
account_analytic_account_1201118,1201118,1,Jinasena_MasterData_Accounting.account_analytic_plan_employee,base.main_company,
account_analytic_account_1201120,1201120,1,Jinasena_MasterData_Accounting.account_analytic_plan_employee,base.main_company,
account_analytic_account_1201122,1201122,1,Jinasena_MasterData_Accounting.account_analytic_plan_employee,base.main_company,
account_analytic_account_1201124,1201124,1,Jinasena_MasterData_Accounting.account_analytic_plan_employee,base.main_company,
account_analytic_account_1201125,1201125,1,Jinasena_MasterData_Accounting.account_analytic_plan_employee,base.main_company,
account_analytic_account_1201126,1201126,1,Jinasena_MasterData_Accounting.account_analytic_plan_employee,base.main_company,
account_analytic_account_1201130,1201130,1,Jinasena_MasterData_Accounting.account_analytic_plan_employee,base.main_company,
account_analytic_account_1201132,1201132,1,Jinasena_MasterData_Accounting.account_analytic_plan_employee,base.main_company,
account_analytic_account_1201134,1201134,1,Jinasena_MasterData_Accounting.account_analytic_plan_employee,base.main_company,
account_analytic_account_1201138,1201138,1,Jinasena_MasterData_Accounting.account_analytic_plan_employee,base.main_company,
account_analytic_account_1201143,1201143,1,Jinasena_MasterData_Accounting.account_analytic_plan_employee,base.main_company,
account_analytic_account_1201144,1201144,1,Jinasena_MasterData_Accounting.account_analytic_plan_employee,base.main_company,
account_analytic_account_1201146,1201146,1,Jinasena_MasterData_Accounting.account_analytic_plan_employee,base.main_company,
account_analytic_account_1201150,1201150,1,Jinasena_MasterData_Accounting.account_analytic_plan_employee,base.main_company,
account_analytic_account_1201151,1201151,1,Jinasena_MasterData_Accounting.account_analytic_plan_employee,base.main_company,
account_analytic_account_1201152,1201152,1,Jinasena_MasterData_Accounting.account_analytic_plan_employee,base.main_company,
account_analytic_account_1201155,1201155,1,Jinasena_MasterData_Accounting.account_analytic_plan_employee,base.main_company,
account_analytic_account_1201156,1201156,1,Jinasena_MasterData_Accounting.account_analytic_plan_employee,base.main_company,
account_analytic_account_1201157,1201157,1,Jinasena_MasterData_Accounting.account_analytic_plan_employee,base.main_company,
account_analytic_account_1201158,1201158,1,Jinasena_MasterData_Accounting.account_analytic_plan_employee,base.main_company,
account_analytic_account_1201159,1201159,1,Jinasena_MasterData_Accounting.account_analytic_plan_employee,base.main_company,
account_analytic_account_1201160,1201160,1,Jinasena_MasterData_Accounting.account_analytic_plan_employee,base.main_company,
account_analytic_account_1201161,1201161,1,Jinasena_MasterData_Accounting.account_analytic_plan_employee,base.main_company,
account_analytic_account_1201162,1201162,1,Jinasena_MasterData_Accounting.account_analytic_plan_employee,base.main_company,
account_analytic_account_1201164,1201164,1,Jinasena_MasterData_Accounting.account_analytic_plan_employee,base.main_company,
account_analytic_account_1201165,1201165,1,Jinasena_MasterData_Accounting.account_analytic_plan_employee,base.main_company,
account_analytic_account_1201166,1201166,1,Jinasena_MasterData_Accounting.account_analytic_plan_employee,base.main_company,
account_analytic_account_1201167,1201167,1,Jinasena_MasterData_Accounting.account_analytic_plan_employee,base.main_company,
account_analytic_account_1201168,1201168,1,Jinasena_MasterData_Accounting.account_analytic_plan_employee,base.main_company,
account_analytic_account_1201169,1201169,1,Jinasena_MasterData_Accounting.account_analytic_plan_employee,base.main_company,
account_analytic_account_1201170,1201170,1,Jinasena_MasterData_Accounting.account_analytic_plan_employee,base.main_company,
account_analytic_account_1201171,1201171,1,Jinasena_MasterData_Accounting.account_analytic_plan_employee,base.main_company,
account_analytic_account_1201172,1201172,1,Jinasena_MasterData_Accounting.account_analytic_plan_employee,base.main_company,
account_analytic_account_1201173,1201173,1,Jinasena_MasterData_Accounting.account_analytic_plan_employee,base.main_company,
account_analytic_account_1201174,1201174,1,Jinasena_MasterData_Accounting.account_analytic_plan_employee,base.main_company,
account_analytic_account_1201175,1201175,1,Jinasena_MasterData_Accounting.account_analytic_plan_employee,base.main_company,
account_analytic_account_1201176,1201176,1,Jinasena_MasterData_Accounting.account_analytic_plan_employee,base.main_company,
account_analytic_account_1201180,1201180,1,Jinasena_MasterData_Accounting.account_analytic_plan_employee,base.main_company,
account_analytic_account_1201181,1201181,1,Jinasena_MasterData_Accounting.account_analytic_plan_employee,base.main_company,
account_analytic_account_1201183,1201183,1,Jinasena_MasterData_Accounting.account_analytic_plan_employee,base.main_company,
account_analytic_account_1201185,1201185,1,Jinasena_MasterData_Accounting.account_analytic_plan_employee,base.main_company,
account_analytic_account_1201187,1201187,1,Jinasena_MasterData_Accounting.account_analytic_plan_employee,base.main_company,
account_analytic_account_1201188,1201188,1,Jinasena_MasterData_Accounting.account_analytic_plan_employee,base.main_company,
account_analytic_account_1201189,1201189,1,Jinasena_MasterData_Accounting.account_analytic_plan_employee,base.main_company,
account_analytic_account_1201192,1201192,1,Jinasena_MasterData_Accounting.account_analytic_plan_employee,base.main_company,
account_analytic_account_1201193,1201193,1,Jinasena_MasterData_Accounting.account_analytic_plan_employee,base.main_company,
account_analytic_account_1201195,1201195,1,Jinasena_MasterData_Accounting.account_analytic_plan_employee,base.main_company,
account_analytic_account_1201196,1201196,1,Jinasena_MasterData_Accounting.account_analytic_plan_employee,base.main_company,
account_analytic_account_1201199,1201199,1,Jinasena_MasterData_Accounting.account_analytic_plan_employee,base.main_company,
account_analytic_account_1201200,1201200,1,Jinasena_MasterData_Accounting.account_analytic_plan_employee,base.main_company,
account_analytic_account_1201201,1201201,1,Jinasena_MasterData_Accounting.account_analytic_plan_employee,base.main_company,
account_analytic_account_1201203,1201203,1,Jinasena_MasterData_Accounting.account_analytic_plan_employee,base.main_company,
account_analytic_account_1201204,1201204,1,Jinasena_MasterData_Accounting.account_analytic_plan_employee,base.main_company,
account_analytic_account_1201205,1201205,1,Jinasena_MasterData_Accounting.account_analytic_plan_employee,base.main_company,
account_analytic_account_1201206,1201206,1,Jinasena_MasterData_Accounting.account_analytic_plan_employee,base.main_company,
account_analytic_account_1201207,1201207,1,Jinasena_MasterData_Accounting.account_analytic_plan_employee,base.main_company,
account_analytic_account_1201208,1201208,1,Jinasena_MasterData_Accounting.account_analytic_plan_employee,base.main_company,
account_analytic_account_1201209,1201209,1,Jinasena_MasterData_Accounting.account_analytic_plan_employee,base.main_company,
account_analytic_account_1201212,1201212,1,Jinasena_MasterData_Accounting.account_analytic_plan_employee,base.main_company,
account_analytic_account_1201213,1201213,1,Jinasena_MasterData_Accounting.account_analytic_plan_employee,base.main_company,
account_analytic_account_1201217,1201217,1,Jinasena_MasterData_Accounting.account_analytic_plan_employee,base.main_company,
account_analytic_account_1201218,1201218,1,Jinasena_MasterData_Accounting.account_analytic_plan_employee,base.main_company,
account_analytic_account_1201220,1201220,1,Jinasena_MasterData_Accounting.account_analytic_plan_employee,base.main_company,
account_analytic_account_1201222,1201222,1,Jinasena_MasterData_Accounting.account_analytic_plan_employee,base.main_company,
account_analytic_account_1201224,1201224,1,Jinasena_MasterData_Accounting.account_analytic_plan_employee,base.main_company,
account_analytic_account_1201225,1201225,1,Jinasena_MasterData_Accounting.account_analytic_plan_employee,base.main_company,
account_analytic_account_1201226,1201226,1,Jinasena_MasterData_Accounting.account_analytic_plan_employee,base.main_company,
account_analytic_account_1201228,1201228,1,Jinasena_MasterData_Accounting.account_analytic_plan_employee,base.main_company,
account_analytic_account_1201229,1201229,1,Jinasena_MasterData_Accounting.account_analytic_plan_employee,base.main_company,
account_analytic_account_1201230,1201230,1,Jinasena_MasterData_Accounting.account_analytic_plan_employee,base.main_company,
account_analytic_account_1201231,1201231,1,Jinasena_MasterData_Accounting.account_analytic_plan_employee,base.main_company,
account_analytic_account_1201232,1201232,1,Jinasena_MasterData_Accounting.account_analytic_plan_employee,base.main_company,
account_analytic_account_1201233,1201233,1,Jinasena_MasterData_Accounting.account_analytic_plan_employee,base.main_company,
account_analytic_account_1201234,1201234,1,Jinasena_MasterData_Accounting.account_analytic_plan_employee,base.main_company,
account_analytic_account_1201235,1201235,1,Jinasena_MasterData_Accounting.account_analytic_plan_employee,base.main_company,
account_analytic_account_1201237,1201237,1,Jinasena_MasterData_Accounting.account_analytic_plan_employee,base.main_company,
account_analytic_account_1201241,1201241,1,Jinasena_MasterData_Accounting.account_analytic_plan_employee,base.main_company,
account_analytic_account_1201242,1201242,1,Jinasena_MasterData_Accounting.account_analytic_plan_employee,base.main_company,
account_analytic_account_1201243,1201243,1,Jinasena_MasterData_Accounting.account_analytic_plan_employee,base.main_company,
account_analytic_account_1201244,1201244,1,Jinasena_MasterData_Accounting.account_analytic_plan_employee,base.main_company,
account_analytic_account_1201245,1201245,1,Jinasena_MasterData_Accounting.account_analytic_plan_employee,base.main_company,
account_analytic_account_1201247,1201247,1,Jinasena_MasterData_Accounting.account_analytic_plan_employee,base.main_company,
account_analytic_account_1201249,1201249,1,Jinasena_MasterData_Accounting.account_analytic_plan_employee,base.main_company,
account_analytic_account_1201254,1201254,1,Jinasena_MasterData_Accounting.account_analytic_plan_employee,base.main_company,
account_analytic_account_1201255,1201255,1,Jinasena_MasterData_Accounting.account_analytic_plan_employee,base.main_company,
account_analytic_account_1201256,1201256,1,Jinasena_MasterData_Accounting.account_analytic_plan_employee,base.main_company,
account_analytic_account_1201263,1201263,1,Jinasena_MasterData_Accounting.account_analytic_plan_employee,base.main_company,
account_analytic_account_1201265,1201265,1,Jinasena_MasterData_Accounting.account_analytic_plan_employee,base.main_company,
account_analytic_account_1201266,1201266,1,Jinasena_MasterData_Accounting.account_analytic_plan_employee,base.main_company,
account_analytic_account_1201267,1201267,1,Jinasena_MasterData_Accounting.account_analytic_plan_employee,base.main_company,
account_analytic_account_1201271,1201271,1,Jinasena_MasterData_Accounting.account_analytic_plan_employee,base.main_company,
account_analytic_account_1201273,1201273,1,Jinasena_MasterData_Accounting.account_analytic_plan_employee,base.main_company,
account_analytic_account_1201274,1201274,1,Jinasena_MasterData_Accounting.account_analytic_plan_employee,base.main_company,
account_analytic_account_1201275,1201275,1,Jinasena_MasterData_Accounting.account_analytic_plan_employee,base.main_company,
account_analytic_account_1201276,1201276,1,Jinasena_MasterData_Accounting.account_analytic_plan_employee,base.main_company,
account_analytic_account_1201280,1201280,1,Jinasena_MasterData_Accounting.account_analytic_plan_employee,base.main_company,
account_analytic_account_1201282,1201282,1,Jinasena_MasterData_Accounting.account_analytic_plan_employee,base.main_company,
account_analytic_account_1201284,1201284,1,Jinasena_MasterData_Accounting.account_analytic_plan_employee,base.main_company,
account_analytic_account_1201285,1201285,1,Jinasena_MasterData_Accounting.account_analytic_plan_employee,base.main_company,
account_analytic_account_1201286,1201286,1,Jinasena_MasterData_Accounting.account_analytic_plan_employee,base.main_company,
account_analytic_account_1201287,1201287,1,Jinasena_MasterData_Accounting.account_analytic_plan_employee,base.main_company,
account_analytic_account_1201289,1201289,1,Jinasena_MasterData_Accounting.account_analytic_plan_employee,base.main_company,
account_analytic_account_1201290,1201290,1,Jinasena_MasterData_Accounting.account_analytic_plan_employee,base.main_company,
account_analytic_account_1201293,1201293,1,Jinasena_MasterData_Accounting.account_analytic_plan_employee,base.main_company,
account_analytic_account_1201295,1201295,1,Jinasena_MasterData_Accounting.account_analytic_plan_employee,base.main_company,
account_analytic_account_1201297,1201297,1,Jinasena_MasterData_Accounting.account_analytic_plan_employee,base.main_company,
account_analytic_account_1201298,1201298,1,Jinasena_MasterData_Accounting.account_analytic_plan_employee,base.main_company,
account_analytic_account_1201299,1201299,1,Jinasena_MasterData_Accounting.account_analytic_plan_employee,base.main_company,
account_analytic_account_1201300,1201300,1,Jinasena_MasterData_Accounting.account_analytic_plan_employee,base.main_company,
account_analytic_account_1201301,1201301,1,Jinasena_MasterData_Accounting.account_analytic_plan_employee,base.main_company,
account_analytic_account_1201306,1201306,1,Jinasena_MasterData_Accounting.account_analytic_plan_employee,base.main_company,
account_analytic_account_1201310,1201310,1,Jinasena_MasterData_Accounting.account_analytic_plan_employee,base.main_company,
account_analytic_account_1201311,1201311,1,Jinasena_MasterData_Accounting.account_analytic_plan_employee,base.main_company,
account_analytic_account_1201312,1201312,1,Jinasena_MasterData_Accounting.account_analytic_plan_employee,base.main_company,
account_analytic_account_1201313,1201313,1,Jinasena_MasterData_Accounting.account_analytic_plan_employee,base.main_company,
account_analytic_account_1201314,1201314,1,Jinasena_MasterData_Accounting.account_analytic_plan_employee,base.main_company,
account_analytic_account_1201315,1201315,1,Jinasena_MasterData_Accounting.account_analytic_plan_employee,base.main_company,
account_analytic_account_1201317,1201317,1,Jinasena_MasterData_Accounting.account_analytic_plan_employee,base.main_company,
account_analytic_account_1201318,1201318,1,Jinasena_MasterData_Accounting.account_analytic_plan_employee,base.main_company,
account_analytic_account_1201319,1201319,1,Jinasena_MasterData_Accounting.account_analytic_plan_employee,base.main_company,
account_analytic_account_1201320,1201320,1,Jinasena_MasterData_Accounting.account_analytic_plan_employee,base.main_company,
account_analytic_account_1201321,1201321,1,Jinasena_MasterData_Accounting.account_analytic_plan_employee,base.main_company,
account_analytic_account_1201322,1201322,1,Jinasena_MasterData_Accounting.account_analytic_plan_employee,base.main_company,
account_analytic_account_1201324,1201324,1,Jinasena_MasterData_Accounting.account_analytic_plan_employee,base.main_company,
account_analytic_account_1201325,1201325,1,Jinasena_MasterData_Accounting.account_analytic_plan_employee,base.main_company,
account_analytic_account_1201327,1201327,1,Jinasena_MasterData_Accounting.account_analytic_plan_employee,base.main_company,
account_analytic_account_1201328,1201328,1,Jinasena_MasterData_Accounting.account_analytic_plan_employee,base.main_company,
account_analytic_account_1201330,1201330,1,Jinasena_MasterData_Accounting.account_analytic_plan_employee,base.main_company,
account_analytic_account_1201333,1201333,1,Jinasena_MasterData_Accounting.account_analytic_plan_employee,base.main_company,
account_analytic_account_1201334,1201334,1,Jinasena_MasterData_Accounting.account_analytic_plan_employee,base.main_company,
account_analytic_account_1201336,1201336,1,Jinasena_MasterData_Accounting.account_analytic_plan_employee,base.main_company,
account_analytic_account_1201339,1201339,1,Jinasena_MasterData_Accounting.account_analytic_plan_employee,base.main_company,
account_analytic_account_1201340,1201340,1,Jinasena_MasterData_Accounting.account_analytic_plan_employee,base.main_company,
account_analytic_account_1201341,1201341,1,Jinasena_MasterData_Accounting.account_analytic_plan_employee,base.main_company,
account_analytic_account_1201343,1201343,1,Jinasena_MasterData_Accounting.account_analytic_plan_employee,base.main_company,
account_analytic_account_1201344,1201344,1,Jinasena_MasterData_Accounting.account_analytic_plan_employee,base.main_company,
account_analytic_account_1201345,1201345,1,Jinasena_MasterData_Accounting.account_analytic_plan_employee,base.main_company,
account_analytic_account_1201347,1201347,1,Jinasena_MasterData_Accounting.account_analytic_plan_employee,base.main_company,
account_analytic_account_1201348,1201348,1,Jinasena_MasterData_Accounting.account_analytic_plan_employee,base.main_company,
account_analytic_account_1201349,1201349,1,Jinasena_MasterData_Accounting.account_analytic_plan_employee,base.main_company,
account_analytic_account_1201351,1201351,1,Jinasena_MasterData_Accounting.account_analytic_plan_employee,base.main_company,
account_analytic_account_1201353,1201353,1,Jinasena_MasterData_Accounting.account_analytic_plan_employee,base.main_company,
account_analytic_account_1201354,1201354,1,Jinasena_MasterData_Accounting.account_analytic_plan_employee,base.main_company,
account_analytic_account_1201355,1201355,1,Jinasena_MasterData_Accounting.account_analytic_plan_employee,base.main_company,
account_analytic_account_1201356,1201356,1,Jinasena_MasterData_Accounting.account_analytic_plan_employee,base.main_company,
account_analytic_account_1201357,1201357,1,Jinasena_MasterData_Accounting.account_analytic_plan_employee,base.main_company,
account_analytic_account_1201358,1201358,1,Jinasena_MasterData_Accounting.account_analytic_plan_employee,base.main_company,
account_analytic_account_1201360,1201360,1,Jinasena_MasterData_Accounting.account_analytic_plan_employee,base.main_company,
account_analytic_account_1201362,1201362,1,Jinasena_MasterData_Accounting.account_analytic_plan_employee,base.main_company,
account_analytic_account_1201363,1201363,1,Jinasena_MasterData_Accounting.account_analytic_plan_employee,base.main_company,
account_analytic_account_1201364,1201364,1,Jinasena_MasterData_Accounting.account_analytic_plan_employee,base.main_company,
account_analytic_account_1201369,1201369,1,Jinasena_MasterData_Accounting.account_analytic_plan_employee,base.main_company,
account_analytic_account_1201370,1201370,1,Jinasena_MasterData_Accounting.account_analytic_plan_employee,base.main_company,
account_analytic_account_1201371,1201371,1,Jinasena_MasterData_Accounting.account_analytic_plan_employee,base.main_company,
account_analytic_account_1201373,1201373,1,Jinasena_MasterData_Accounting.account_analytic_plan_employee,base.main_company,
account_analytic_account_1201374,1201374,1,Jinasena_MasterData_Accounting.account_analytic_plan_employee,base.main_company,
account_analytic_account_1201375,1201375,1,Jinasena_MasterData_Accounting.account_analytic_plan_employee,base.main_company,
account_analytic_account_1201376,1201376,1,Jinasena_MasterData_Accounting.account_analytic_plan_employee,base.main_company,
account_analytic_account_1201377,1201377,1,Jinasena_MasterData_Accounting.account_analytic_plan_employee,base.main_company,
account_analytic_account_1201379,1201379,1,Jinasena_MasterData_Accounting.account_analytic_plan_employee,base.main_company,
account_analytic_account_1201380,1201380,1,Jinasena_MasterData_Accounting.account_analytic_plan_employee,base.main_company,
account_analytic_account_1201382,1201382,1,Jinasena_MasterData_Accounting.account_analytic_plan_employee,base.main_company,
account_analytic_account_1201383,1201383,1,Jinasena_MasterData_Accounting.account_analytic_plan_employee,base.main_company,
account_analytic_account_1201386,1201386,1,Jinasena_MasterData_Accounting.account_analytic_plan_employee,base.main_company,
account_analytic_account_1201389,1201389,1,Jinasena_MasterData_Accounting.account_analytic_plan_employee,base.main_company,
account_analytic_account_1201391,1201391,1,Jinasena_MasterData_Accounting.account_analytic_plan_employee,base.main_company,
account_analytic_account_1201392,1201392,1,Jinasena_MasterData_Accounting.account_analytic_plan_employee,base.main_company,
account_analytic_account_1201393,1201393,1,Jinasena_MasterData_Accounting.account_analytic_plan_employee,base.main_company,
account_analytic_account_1201395,1201395,1,Jinasena_MasterData_Accounting.account_analytic_plan_employee,base.main_company,
account_analytic_account_1201396,1201396,1,Jinasena_MasterData_Accounting.account_analytic_plan_employee,base.main_company,
account_analytic_account_1201397,1201397,1,Jinasena_MasterData_Accounting.account_analytic_plan_employee,base.main_company,
account_analytic_account_1201398,1201398,1,Jinasena_MasterData_Accounting.account_analytic_plan_employee,base.main_company,
account_analytic_account_1201399,1201399,1,Jinasena_MasterData_Accounting.account_analytic_plan_employee,base.main_company,
account_analytic_account_1201402,1201402,1,Jinasena_MasterData_Accounting.account_analytic_plan_employee,base.main_company,
account_analytic_account_1201403,1201403,1,Jinasena_MasterData_Accounting.account_analytic_plan_employee,base.main_company,
account_analytic_account_1201405,1201405,1,Jinasena_MasterData_Accounting.account_analytic_plan_employee,base.main_company,
account_analytic_account_1201407,1201407,1,Jinasena_MasterData_Accounting.account_analytic_plan_employee,base.main_company,
account_analytic_account_1201408,1201408,1,Jinasena_MasterData_Accounting.account_analytic_plan_employee,base.main_company,
account_analytic_account_1201409,1201409,1,Jinasena_MasterData_Accounting.account_analytic_plan_employee,base.main_company,
account_analytic_account_1201410,1201410,1,Jinasena_MasterData_Accounting.account_analytic_plan_employee,base.main_company,
account_analytic_account_1201411,1201411,1,Jinasena_MasterData_Accounting.account_analytic_plan_employee,base.main_company,
account_analytic_account_1201412,1201412,1,Jinasena_MasterData_Accounting.account_analytic_plan_employee,base.main_company,
account_analytic_account_1201413,1201413,1,Jinasena_MasterData_Accounting.account_analytic_plan_employee,base.main_company,
account_analytic_account_1201414,1201414,1,Jinasena_MasterData_Accounting.account_analytic_plan_employee,base.main_company,
account_analytic_account_1201415,1201415,1,Jinasena_MasterData_Accounting.account_analytic_plan_employee,base.main_company,
account_analytic_account_1201417,1201417,1,Jinasena_MasterData_Accounting.account_analytic_plan_employee,base.main_company,
account_analytic_account_1201419,1201419,1,Jinasena_MasterData_Accounting.account_analytic_plan_employee,base.main_company,
account_analytic_account_1201420,1201420,1,Jinasena_MasterData_Accounting.account_analytic_plan_employee,base.main_company,
account_analytic_account_1201421,1201421,1,Jinasena_MasterData_Accounting.account_analytic_plan_employee,base.main_company,
account_analytic_account_1201423,1201423,1,Jinasena_MasterData_Accounting.account_analytic_plan_employee,base.main_company,
account_analytic_account_1201425,1201425,1,Jinasena_MasterData_Accounting.account_analytic_plan_employee,base.main_company,
account_analytic_account_1201426,1201426,1,Jinasena_MasterData_Accounting.account_analytic_plan_employee,base.main_company,
account_analytic_account_1201428,1201428,1,Jinasena_MasterData_Accounting.account_analytic_plan_employee,base.main_company,
account_analytic_account_1201430,1201430,1,Jinasena_MasterData_Accounting.account_analytic_plan_employee,base.main_company,
account_analytic_account_1201432,1201432,1,Jinasena_MasterData_Accounting.account_analytic_plan_employee,base.main_company,
account_analytic_account_1201434,1201434,1,Jinasena_MasterData_Accounting.account_analytic_plan_employee,base.main_company,
account_analytic_account_1201436,1201436,1,Jinasena_MasterData_Accounting.account_analytic_plan_employee,base.main_company,
account_analytic_account_1201437,1201437,1,Jinasena_MasterData_Accounting.account_analytic_plan_employee,base.main_company,
account_analytic_account_1201438,1201438,1,Jinasena_MasterData_Accounting.account_analytic_plan_employee,base.main_company,
account_analytic_account_1201439,1201439,1,Jinasena_MasterData_Accounting.account_analytic_plan_employee,base.main_company,
account_analytic_account_1201440,1201440,1,Jinasena_MasterData_Accounting.account_analytic_plan_employee,base.main_company,
account_analytic_account_1201442,1201442,1,Jinasena_MasterData_Accounting.account_analytic_plan_employee,base.main_company,
account_analytic_account_1201443,1201443,1,Jinasena_MasterData_Accounting.account_analytic_plan_employee,base.main_company,
account_analytic_account_1201445,1201445,1,Jinasena_MasterData_Accounting.account_analytic_plan_employee,base.main_company,
account_analytic_account_1201446,1201446,1,Jinasena_MasterData_Accounting.account_analytic_plan_employee,base.main_company,
account_analytic_account_1201448,1201448,1,Jinasena_MasterData_Accounting.account_analytic_plan_employee,base.main_company,
account_analytic_account_1201450,1201450,1,Jinasena_MasterData_Accounting.account_analytic_plan_employee,base.main_company,
account_analytic_account_1201452,1201452,1,Jinasena_MasterData_Accounting.account_analytic_plan_employee,base.main_company,
account_analytic_account_1201453,1201453,1,Jinasena_MasterData_Accounting.account_analytic_plan_employee,base.main_company,
account_analytic_account_1201454,1201454,1,Jinasena_MasterData_Accounting.account_analytic_plan_employee,base.main_company,
account_analytic_account_1201456,1201456,1,Jinasena_MasterData_Accounting.account_analytic_plan_employee,base.main_company,
account_analytic_account_1201457,1201457,1,Jinasena_MasterData_Accounting.account_analytic_plan_employee,base.main_company,
account_analytic_account_1201459,1201459,1,Jinasena_MasterData_Accounting.account_analytic_plan_employee,base.main_company,
account_analytic_account_1201463,1201463,1,Jinasena_MasterData_Accounting.account_analytic_plan_employee,base.main_company,
account_analytic_account_1201464,1201464,1,Jinasena_MasterData_Accounting.account_analytic_plan_employee,base.main_company,
account_analytic_account_1201467,1201467,1,Jinasena_MasterData_Accounting.account_analytic_plan_employee,base.main_company,
account_analytic_account_1201476,1201476,1,Jinasena_MasterData_Accounting.account_analytic_plan_employee,base.main_company,
account_analytic_account_1201483,1201483,1,Jinasena_MasterData_Accounting.account_analytic_plan_employee,base.main_company,
account_analytic_account_1201490,1201490,1,Jinasena_MasterData_Accounting.account_analytic_plan_employee,base.main_company,
account_analytic_account_1201493,1201493,1,Jinasena_MasterData_Accounting.account_analytic_plan_employee,base.main_company,
account_analytic_account_1201495,1201495,1,Jinasena_MasterData_Accounting.account_analytic_plan_employee,base.main_company,
account_analytic_account_1201497,1201497,1,Jinasena_MasterData_Accounting.account_analytic_plan_employee,base.main_company,
account_analytic_account_1201500,1201500,1,Jinasena_MasterData_Accounting.account_analytic_plan_employee,base.main_company,
account_analytic_account_1201503,1201503,1,Jinasena_MasterData_Accounting.account_analytic_plan_employee,base.main_company,
account_analytic_account_1201506,1201506,1,Jinasena_MasterData_Accounting.account_analytic_plan_employee,base.main_company,
account_analytic_account_1201507,1201507,1,Jinasena_MasterData_Accounting.account_analytic_plan_employee,base.main_company,
account_analytic_account_1201509,1201509,1,Jinasena_MasterData_Accounting.account_analytic_plan_employee,base.main_company,
account_analytic_account_1201518,1201518,1,Jinasena_MasterData_Accounting.account_analytic_plan_employee,base.main_company,
account_analytic_account_1201519,1201519,1,Jinasena_MasterData_Accounting.account_analytic_plan_employee,base.main_company,
account_analytic_account_1201520,1201520,1,Jinasena_MasterData_Accounting.account_analytic_plan_employee,base.main_company,
account_analytic_account_1201522,1201522,1,Jinasena_MasterData_Accounting.account_analytic_plan_employee,base.main_company,
account_analytic_account_1201530,1201530,1,Jinasena_MasterData_Accounting.account_analytic_plan_employee,base.main_company,
account_analytic_account_1201531,1201531,1,Jinasena_MasterData_Accounting.account_analytic_plan_employee,base.main_company,
account_analytic_account_1201537,1201537,1,Jinasena_MasterData_Accounting.account_analytic_plan_employee,base.main_company,
account_analytic_account_1201539,1201539,1,Jinasena_MasterData_Accounting.account_analytic_plan_employee,base.main_company,
account_analytic_account_1201540,1201540,1,Jinasena_MasterData_Accounting.account_analytic_plan_employee,base.main_company,
account_analytic_account_1201543,1201543,1,Jinasena_MasterData_Accounting.account_analytic_plan_employee,base.main_company,
account_analytic_account_1201545,1201545,1,Jinasena_MasterData_Accounting.account_analytic_plan_employee,base.main_company,
account_analytic_account_1201547,1201547,1,Jinasena_MasterData_Accounting.account_analytic_plan_employee,base.main_company,
account_analytic_account_1201552,1201552,1,Jinasena_MasterData_Accounting.account_analytic_plan_employee,base.main_company,
account_analytic_account_1201576,1201576,1,Jinasena_MasterData_Accounting.account_analytic_plan_employee,base.main_company,
account_analytic_account_1201577,1201577,1,Jinasena_MasterData_Accounting.account_analytic_plan_employee,base.main_company,
account_analytic_account_1201591,1201591,1,Jinasena_MasterData_Accounting.account_analytic_plan_employee,base.main_company,
account_analytic_account_1201594,1201594,1,Jinasena_MasterData_Accounting.account_analytic_plan_employee,base.main_company,
account_analytic_account_1201597,1201597,1,Jinasena_MasterData_Accounting.account_analytic_plan_employee,base.main_company,
account_analytic_account_1201605,1201605,1,Jinasena_MasterData_Accounting.account_analytic_plan_employee,base.main_company,
account_analytic_account_1201606,1201606,1,Jinasena_MasterData_Accounting.account_analytic_plan_employee,base.main_company,
account_analytic_account_1201607,1201607,1,Jinasena_MasterData_Accounting.account_analytic_plan_employee,base.main_company,
account_analytic_account_1201608,1201608,1,Jinasena_MasterData_Accounting.account_analytic_plan_employee,base.main_company,
account_analytic_account_1201609,1201609,1,Jinasena_MasterData_Accounting.account_analytic_plan_employee,base.main_company,
account_analytic_account_1201623,1201623,1,Jinasena_MasterData_Accounting.account_analytic_plan_employee,base.main_company,
account_analytic_account_1201628,1201628,1,Jinasena_MasterData_Accounting.account_analytic_plan_employee,base.main_company,
account_analytic_account_1210005,1210005,1,Jinasena_MasterData_Accounting.account_analytic_plan_employee,base.main_company,
account_analytic_account_1210006,1210006,1,Jinasena_MasterData_Accounting.account_analytic_plan_employee,base.main_company,
account_analytic_account_1210012,1210012,1,Jinasena_MasterData_Accounting.account_analytic_plan_employee,base.main_company,
account_analytic_account_1210017,1210017,1,Jinasena_MasterData_Accounting.account_analytic_plan_employee,base.main_company,
account_analytic_account_1210018,1210018,1,Jinasena_MasterData_Accounting.account_analytic_plan_employee,base.main_company,
account_analytic_account_1210021,1210021,1,Jinasena_MasterData_Accounting.account_analytic_plan_employee,base.main_company,
account_analytic_account_1210024,1210024,1,Jinasena_MasterData_Accounting.account_analytic_plan_employee,base.main_company,
account_analytic_account_1210028,1210028,1,Jinasena_MasterData_Accounting.account_analytic_plan_employee,base.main_company,
account_analytic_account_1210032,1210032,1,Jinasena_MasterData_Accounting.account_analytic_plan_employee,base.main_company,
account_analytic_account_1210039,1210039,1,Jinasena_MasterData_Accounting.account_analytic_plan_employee,base.main_company,
account_analytic_account_1210049,1210049,1,Jinasena_MasterData_Accounting.account_analytic_plan_employee,base.main_company,
account_analytic_account_1210054,1210054,1,Jinasena_MasterData_Accounting.account_analytic_plan_employee,base.main_company,
account_analytic_account_1210055,1210055,1,Jinasena_MasterData_Accounting.account_analytic_plan_employee,base.main_company,
account_analytic_account_1210057,1210057,1,Jinasena_MasterData_Accounting.account_analytic_plan_employee,base.main_company,
account_analytic_account_1210058,1210058,1,Jinasena_MasterData_Accounting.account_analytic_plan_employee,base.main_company,
account_analytic_account_1210059,1210059,1,Jinasena_MasterData_Accounting.account_analytic_plan_employee,base.main_company,
account_analytic_account_1210060,1210060,1,Jinasena_MasterData_Accounting.account_analytic_plan_employee,base.main_company,
account_analytic_account_1210061,1210061,1,Jinasena_MasterData_Accounting.account_analytic_plan_employee,base.main_company,
account_analytic_account_1210062,1210062,1,Jinasena_MasterData_Accounting.account_analytic_plan_employee,base.main_company,
account_analytic_account_1210063,1210063,1,Jinasena_MasterData_Accounting.account_analytic_plan_employee,base.main_company,
account_analytic_account_1210066,1210066,1,Jinasena_MasterData_Accounting.account_analytic_plan_employee,base.main_company,
account_analytic_account_1210069,1210069,1,Jinasena_MasterData_Accounting.account_analytic_plan_employee,base.main_company,
account_analytic_account_1210070,1210070,1,Jinasena_MasterData_Accounting.account_analytic_plan_employee,base.main_company,
account_analytic_account_1210073,1210073,1,Jinasena_MasterData_Accounting.account_analytic_plan_employee,base.main_company,
account_analytic_account_1210077,1210077,1,Jinasena_MasterData_Accounting.account_analytic_plan_employee,base.main_company,
account_analytic_account_1210078,1210078,1,Jinasena_MasterData_Accounting.account_analytic_plan_employee,base.main_company,
account_analytic_account_1210082,1210082,1,Jinasena_MasterData_Accounting.account_analytic_plan_employee,base.main_company,
account_analytic_account_1210086,1210086,1,Jinasena_MasterData_Accounting.account_analytic_plan_employee,base.main_company,
account_analytic_account_1210092,1210092,1,Jinasena_MasterData_Accounting.account_analytic_plan_employee,base.main_company,
account_analytic_account_1210093,1210093,1,Jinasena_MasterData_Accounting.account_analytic_plan_employee,base.main_company,
account_analytic_account_1210094,1210094,1,Jinasena_MasterData_Accounting.account_analytic_plan_employee,base.main_company,
account_analytic_account_1210095,1210095,1,Jinasena_MasterData_Accounting.account_analytic_plan_employee,base.main_company,
account_analytic_account_1210096,1210096,1,Jinasena_MasterData_Accounting.account_analytic_plan_employee,base.main_company,
account_analytic_account_1210097,1210097,1,Jinasena_MasterData_Accounting.account_analytic_plan_employee,base.main_company,
account_analytic_account_1210099,1210099,1,Jinasena_MasterData_Accounting.account_analytic_plan_employee,base.main_company,
account_analytic_account_1210100,1210100,1,Jinasena_MasterData_Accounting.account_analytic_plan_employee,base.main_company,
account_analytic_account_1210101,1210101,1,Jinasena_MasterData_Accounting.account_analytic_plan_employee,base.main_company,
account_analytic_account_1210104,1210104,1,Jinasena_MasterData_Accounting.account_analytic_plan_employee,base.main_company,
account_analytic_account_1210106,1210106,1,Jinasena_MasterData_Accounting.account_analytic_plan_employee,base.main_company,
account_analytic_account_1210107,1210107,1,Jinasena_MasterData_Accounting.account_analytic_plan_employee,base.main_company,
account_analytic_account_1210109,1210109,1,Jinasena_MasterData_Accounting.account_analytic_plan_employee,base.main_company,
account_analytic_account_1210110,1210110,1,Jinasena_MasterData_Accounting.account_analytic_plan_employee,base.main_company,
account_analytic_account_1210112,1210112,1,Jinasena_MasterData_Accounting.account_analytic_plan_employee,base.main_company,
account_analytic_account_1210114,1210114,1,Jinasena_MasterData_Accounting.account_analytic_plan_employee,base.main_company,
account_analytic_account_1210116,1210116,1,Jinasena_MasterData_Accounting.account_analytic_plan_employee,base.main_company,
account_analytic_account_1210119,1210119,1,Jinasena_MasterData_Accounting.account_analytic_plan_employee,base.main_company,
account_analytic_account_1210120,1210120,1,Jinasena_MasterData_Accounting.account_analytic_plan_employee,base.main_company,
account_analytic_account_1210122,1210122,1,Jinasena_MasterData_Accounting.account_analytic_plan_employee,base.main_company,
account_analytic_account_1210124,1210124,1,Jinasena_MasterData_Accounting.account_analytic_plan_employee,base.main_company,
account_analytic_account_1210125,1210125,1,Jinasena_MasterData_Accounting.account_analytic_plan_employee,base.main_company,
account_analytic_account_1210127,1210127,1,Jinasena_MasterData_Accounting.account_analytic_plan_employee,base.main_company,
account_analytic_account_1210133,1210133,1,Jinasena_MasterData_Accounting.account_analytic_plan_employee,base.main_company,
account_analytic_account_1210134,1210134,1,Jinasena_MasterData_Accounting.account_analytic_plan_employee,base.main_company,
account_analytic_account_1210135,1210135,1,Jinasena_MasterData_Accounting.account_analytic_plan_employee,base.main_company,
account_analytic_account_1210138,1210138,1,Jinasena_MasterData_Accounting.account_analytic_plan_employee,base.main_company,
account_analytic_account_1210139,1210139,1,Jinasena_MasterData_Accounting.account_analytic_plan_employee,base.main_company,
account_analytic_account_1210140,1210140,1,Jinasena_MasterData_Accounting.account_analytic_plan_employee,base.main_company,
account_analytic_account_1210142,1210142,1,Jinasena_MasterData_Accounting.account_analytic_plan_employee,base.main_company,
account_analytic_account_1210143,1210143,1,Jinasena_MasterData_Accounting.account_analytic_plan_employee,base.main_company,
account_analytic_account_1210144,1210144,1,Jinasena_MasterData_Accounting.account_analytic_plan_employee,base.main_company,
account_analytic_account_1210146,1210146,1,Jinasena_MasterData_Accounting.account_analytic_plan_employee,base.main_company,
account_analytic_account_1210147,1210147,1,Jinasena_MasterData_Accounting.account_analytic_plan_employee,base.main_company,
account_analytic_account_1210149,1210149,1,Jinasena_MasterData_Accounting.account_analytic_plan_employee,base.main_company,
account_analytic_account_1210150,1210150,1,Jinasena_MasterData_Accounting.account_analytic_plan_employee,base.main_company,
account_analytic_account_1210151,1210151,1,Jinasena_MasterData_Accounting.account_analytic_plan_employee,base.main_company,
account_analytic_account_1210153,1210153,1,Jinasena_MasterData_Accounting.account_analytic_plan_employee,base.main_company,
account_analytic_account_1210156,1210156,1,Jinasena_MasterData_Accounting.account_analytic_plan_employee,base.main_company,
account_analytic_account_1210159,1210159,1,Jinasena_MasterData_Accounting.account_analytic_plan_employee,base.main_company,
account_analytic_account_1210160,1210160,1,Jinasena_MasterData_Accounting.account_analytic_plan_employee,base.main_company,
account_analytic_account_1210166,1210166,1,Jinasena_MasterData_Accounting.account_analytic_plan_employee,base.main_company,
account_analytic_account_1210174,1210174,1,Jinasena_MasterData_Accounting.account_analytic_plan_employee,base.main_company,
account_analytic_account_1210178,1210178,1,Jinasena_MasterData_Accounting.account_analytic_plan_employee,base.main_company,
account_analytic_account_1210191,1210191,1,Jinasena_MasterData_Accounting.account_analytic_plan_employee,base.main_company,
account_analytic_account_1210193,1210193,1,Jinasena_MasterData_Accounting.account_analytic_plan_employee,base.main_company,
account_analytic_account_12110093,12110093,1,Jinasena_MasterData_Accounting.account_analytic_plan_employee,base.main_company,
account_analytic_account_121464,121464,1,Jinasena_MasterData_Accounting.account_analytic_plan_employee,base.main_company,
account_analytic_account_1300003,1300003,1,Jinasena_MasterData_Accounting.account_analytic_plan_employee,base.main_company,
account_analytic_account_1300005,1300005,1,Jinasena_MasterData_Accounting.account_analytic_plan_employee,base.main_company,
account_analytic_account_1300006,1300006,1,Jinasena_MasterData_Accounting.account_analytic_plan_employee,base.main_company,
account_analytic_account_1300008,1300008,1,Jinasena_MasterData_Accounting.account_analytic_plan_employee,base.main_company,
account_analytic_account_1300014,1300014,1,Jinasena_MasterData_Accounting.account_analytic_plan_employee,base.main_company,
account_analytic_account_1300016,1300016,1,Jinasena_MasterData_Accounting.account_analytic_plan_employee,base.main_company,
account_analytic_account_1300019,1300019,1,Jinasena_MasterData_Accounting.account_analytic_plan_employee,base.main_company,
account_analytic_account_1300020,1300020,1,Jinasena_MasterData_Accounting.account_analytic_plan_employee,base.main_company,
account_analytic_account_1300021,1300021,1,Jinasena_MasterData_Accounting.account_analytic_plan_employee,base.main_company,
account_analytic_account_1300026,1300026,1,Jinasena_MasterData_Accounting.account_analytic_plan_employee,base.main_company,
account_analytic_account_1300031,1300031,1,Jinasena_MasterData_Accounting.account_analytic_plan_employee,base.main_company,
account_analytic_account_1300037,1300037,1,Jinasena_MasterData_Accounting.account_analytic_plan_employee,base.main_company,
account_analytic_account_1300038,1300038,1,Jinasena_MasterData_Accounting.account_analytic_plan_employee,base.main_company,
account_analytic_account_1300042,1300042,1,Jinasena_MasterData_Accounting.account_analytic_plan_employee,base.main_company,
account_analytic_account_1300044,1300044,1,Jinasena_MasterData_Accounting.account_analytic_plan_employee,base.main_company,
account_analytic_account_1300047,1300047,1,Jinasena_MasterData_Accounting.account_analytic_plan_employee,base.main_company,
account_analytic_account_1300048,1300048,1,Jinasena_MasterData_Accounting.account_analytic_plan_employee,base.main_company,
account_analytic_account_1300050,1300050,1,Jinasena_MasterData_Accounting.account_analytic_plan_employee,base.main_company,
account_analytic_account_1300051,1300051,1,Jinasena_MasterData_Accounting.account_analytic_plan_employee,base.main_company,
account_analytic_account_1300052,1300052,1,Jinasena_MasterData_Accounting.account_analytic_plan_employee,base.main_company,
account_analytic_account_1300054,1300054,1,Jinasena_MasterData_Accounting.account_analytic_plan_employee,base.main_company,
account_analytic_account_1300055,1300055,1,Jinasena_MasterData_Accounting.account_analytic_plan_employee,base.main_company,
account_analytic_account_1300058,1300058,1,Jinasena_MasterData_Accounting.account_analytic_plan_employee,base.main_company,
account_analytic_account_1300069,1300069,1,Jinasena_MasterData_Accounting.account_analytic_plan_employee,base.main_company,
account_analytic_account_1300070,1300070,1,Jinasena_MasterData_Accounting.account_analytic_plan_employee,base.main_company,
account_analytic_account_1300077,1300077,1,Jinasena_MasterData_Accounting.account_analytic_plan_employee,base.main_company,
account_analytic_account_1300080,1300080,1,Jinasena_MasterData_Accounting.account_analytic_plan_employee,base.main_company,
account_analytic_account_1300090,1300090,1,Jinasena_MasterData_Accounting.account_analytic_plan_employee,base.main_company,
account_analytic_account_1300092,1300092,1,Jinasena_MasterData_Accounting.account_analytic_plan_employee,base.main_company,
account_analytic_account_1300093,1300093,1,Jinasena_MasterData_Accounting.account_analytic_plan_employee,base.main_company,
account_analytic_account_1300094,1300094,1,Jinasena_MasterData_Accounting.account_analytic_plan_employee,base.main_company,
account_analytic_account_1300099,1300099,1,Jinasena_MasterData_Accounting.account_analytic_plan_employee,base.main_company,
account_analytic_account_1300100,1300100,1,Jinasena_MasterData_Accounting.account_analytic_plan_employee,base.main_company,
account_analytic_account_1300102,1300102,1,Jinasena_MasterData_Accounting.account_analytic_plan_employee,base.main_company,
account_analytic_account_1300105,1300105,1,Jinasena_MasterData_Accounting.account_analytic_plan_employee,base.main_company,
account_analytic_account_1300111,1300111,1,Jinasena_MasterData_Accounting.account_analytic_plan_employee,base.main_company,
account_analytic_account_1300117,1300117,1,Jinasena_MasterData_Accounting.account_analytic_plan_employee,base.main_company,
account_analytic_account_1300118,1300118,1,Jinasena_MasterData_Accounting.account_analytic_plan_employee,base.main_company,
account_analytic_account_1300121,1300121,1,Jinasena_MasterData_Accounting.account_analytic_plan_employee,base.main_company,
account_analytic_account_1300122,1300122,1,Jinasena_MasterData_Accounting.account_analytic_plan_employee,base.main_company,
account_analytic_account_1300132,1300132,1,Jinasena_MasterData_Accounting.account_analytic_plan_employee,base.main_company,
account_analytic_account_1300133,1300133,1,Jinasena_MasterData_Accounting.account_analytic_plan_employee,base.main_company,
account_analytic_account_1300134,1300134,1,Jinasena_MasterData_Accounting.account_analytic_plan_employee,base.main_company,
account_analytic_account_1300138,1300138,1,Jinasena_MasterData_Accounting.account_analytic_plan_employee,base.main_company,
account_analytic_account_1300141,1300141,1,Jinasena_MasterData_Accounting.account_analytic_plan_employee,base.main_company,
account_analytic_account_1300144,1300144,1,Jinasena_MasterData_Accounting.account_analytic_plan_employee,base.main_company,
account_analytic_account_1300146,1300146,1,Jinasena_MasterData_Accounting.account_analytic_plan_employee,base.main_company,
account_analytic_account_1300154,1300154,1,Jinasena_MasterData_Accounting.account_analytic_plan_employee,base.main_company,
account_analytic_account_1300161,1300161,1,Jinasena_MasterData_Accounting.account_analytic_plan_employee,base.main_company,
account_analytic_account_1300162,1300162,1,Jinasena_MasterData_Accounting.account_analytic_plan_employee,base.main_company,
account_analytic_account_1300163,1300163,1,Jinasena_MasterData_Accounting.account_analytic_plan_employee,base.main_company,
account_analytic_account_1300164,1300164,1,Jinasena_MasterData_Accounting.account_analytic_plan_employee,base.main_company,
account_analytic_account_1300166,1300166,1,Jinasena_MasterData_Accounting.account_analytic_plan_employee,base.main_company,
account_analytic_account_1300169,1300169,1,Jinasena_MasterData_Accounting.account_analytic_plan_employee,base.main_company,
account_analytic_account_1300173,1300173,1,Jinasena_MasterData_Accounting.account_analytic_plan_employee,base.main_company,
account_analytic_account_1300174,1300174,1,Jinasena_MasterData_Accounting.account_analytic_plan_employee,base.main_company,
account_analytic_account_1300175,1300175,1,Jinasena_MasterData_Accounting.account_analytic_plan_employee,base.main_company,
account_analytic_account_1300177,1300177,1,Jinasena_MasterData_Accounting.account_analytic_plan_employee,base.main_company,
account_analytic_account_1300179,1300179,1,Jinasena_MasterData_Accounting.account_analytic_plan_employee,base.main_company,
account_analytic_account_1300182,1300182,1,Jinasena_MasterData_Accounting.account_analytic_plan_employee,base.main_company,
account_analytic_account_1300186,1300186,1,Jinasena_MasterData_Accounting.account_analytic_plan_employee,base.main_company,
account_analytic_account_1300189,1300189,1,Jinasena_MasterData_Accounting.account_analytic_plan_employee,base.main_company,
account_analytic_account_1300193,1300193,1,Jinasena_MasterData_Accounting.account_analytic_plan_employee,base.main_company,
account_analytic_account_1300195,1300195,1,Jinasena_MasterData_Accounting.account_analytic_plan_employee,base.main_company,
account_analytic_account_1300196,1300196,1,Jinasena_MasterData_Accounting.account_analytic_plan_employee,base.main_company,
account_analytic_account_1300197,1300197,1,Jinasena_MasterData_Accounting.account_analytic_plan_employee,base.main_company,
account_analytic_account_1300200,1300200,1,Jinasena_MasterData_Accounting.account_analytic_plan_employee,base.main_company,
account_analytic_account_1300202,1300202,1,Jinasena_MasterData_Accounting.account_analytic_plan_employee,base.main_company,
account_analytic_account_1300212,1300212,1,Jinasena_MasterData_Accounting.account_analytic_plan_employee,base.main_company,
account_analytic_account_1300215,1300215,1,Jinasena_MasterData_Accounting.account_analytic_plan_employee,base.main_company,
account_analytic_account_1300217,1300217,1,Jinasena_MasterData_Accounting.account_analytic_plan_employee,base.main_company,
account_analytic_account_1300222,1300222,1,Jinasena_MasterData_Accounting.account_analytic_plan_employee,base.main_company,
account_analytic_account_1300224,1300224,1,Jinasena_MasterData_Accounting.account_analytic_plan_employee,base.main_company,
account_analytic_account_1300232,1300232,1,Jinasena_MasterData_Accounting.account_analytic_plan_employee,base.main_company,
account_analytic_account_1300233,1300233,1,Jinasena_MasterData_Accounting.account_analytic_plan_employee,base.main_company,
account_analytic_account_1300234,1300234,1,Jinasena_MasterData_Accounting.account_analytic_plan_employee,base.main_company,
account_analytic_account_1300236,1300236,1,Jinasena_MasterData_Accounting.account_analytic_plan_employee,base.main_company,
account_analytic_account_1300242,1300242,1,Jinasena_MasterData_Accounting.account_analytic_plan_employee,base.main_company,
account_analytic_account_1300244,1300244,1,Jinasena_MasterData_Accounting.account_analytic_plan_employee,base.main_company,
account_analytic_account_1300253,1300253,1,Jinasena_MasterData_Accounting.account_analytic_plan_employee,base.main_company,
account_analytic_account_1300263,1300263,1,Jinasena_MasterData_Accounting.account_analytic_plan_employee,base.main_company,
account_analytic_account_1300275,1300275,1,Jinasena_MasterData_Accounting.account_analytic_plan_employee,base.main_company,
account_analytic_account_1300277,1300277,1,Jinasena_MasterData_Accounting.account_analytic_plan_employee,base.main_company,
account_analytic_account_1300288,1300288,1,Jinasena_MasterData_Accounting.account_analytic_plan_employee,base.main_company,
account_analytic_account_1300289,1300289,1,Jinasena_MasterData_Accounting.account_analytic_plan_employee,base.main_company,
account_analytic_account_1300292,1300292,1,Jinasena_MasterData_Accounting.account_analytic_plan_employee,base.main_company,
account_analytic_account_1300294,1300294,1,Jinasena_MasterData_Accounting.account_analytic_plan_employee,base.main_company,
account_analytic_account_1300306,1300306,1,Jinasena_MasterData_Accounting.account_analytic_plan_employee,base.main_company,
account_analytic_account_1300307,1300307,1,Jinasena_MasterData_Accounting.account_analytic_plan_employee,base.main_company,
account_analytic_account_1300308,1300308,1,Jinasena_MasterData_Accounting.account_analytic_plan_employee,base.main_company,
account_analytic_account_1300314,1300314,1,Jinasena_MasterData_Accounting.account_analytic_plan_employee,base.main_company,
account_analytic_account_1300317,1300317,1,Jinasena_MasterData_Accounting.account_analytic_plan_employee,base.main_company,
account_analytic_account_1300319,1300319,1,Jinasena_MasterData_Accounting.account_analytic_plan_employee,base.main_company,
account_analytic_account_1300320,1300320,1,Jinasena_MasterData_Accounting.account_analytic_plan_employee,base.main_company,
account_analytic_account_1300323,1300323,1,Jinasena_MasterData_Accounting.account_analytic_plan_employee,base.main_company,
account_analytic_account_1300324,1300324,1,Jinasena_MasterData_Accounting.account_analytic_plan_employee,base.main_company,
account_analytic_account_1300327,1300327,1,Jinasena_MasterData_Accounting.account_analytic_plan_employee,base.main_company,
account_analytic_account_1300329,1300329,1,Jinasena_MasterData_Accounting.account_analytic_plan_employee,base.main_company,
account_analytic_account_1300334,1300334,1,Jinasena_MasterData_Accounting.account_analytic_plan_employee,base.main_company,
account_analytic_account_1300335,1300335,1,Jinasena_MasterData_Accounting.account_analytic_plan_employee,base.main_company,
account_analytic_account_1300336,1300336,1,Jinasena_MasterData_Accounting.account_analytic_plan_employee,base.main_company,
account_analytic_account_1300339,1300339,1,Jinasena_MasterData_Accounting.account_analytic_plan_employee,base.main_company,
account_analytic_account_1300342,1300342,1,Jinasena_MasterData_Accounting.account_analytic_plan_employee,base.main_company,
account_analytic_account_1300343,1300343,1,Jinasena_MasterData_Accounting.account_analytic_plan_employee,base.main_company,
account_analytic_account_1300347,1300347,1,Jinasena_MasterData_Accounting.account_analytic_plan_employee,base.main_company,
account_analytic_account_1300350,1300350,1,Jinasena_MasterData_Accounting.account_analytic_plan_employee,base.main_company,
account_analytic_account_1300351,1300351,1,Jinasena_MasterData_Accounting.account_analytic_plan_employee,base.main_company,
account_analytic_account_1300352,1300352,1,Jinasena_MasterData_Accounting.account_analytic_plan_employee,base.main_company,
account_analytic_account_1300354,1300354,1,Jinasena_MasterData_Accounting.account_analytic_plan_employee,base.main_company,
account_analytic_account_1300356,1300356,1,Jinasena_MasterData_Accounting.account_analytic_plan_employee,base.main_company,
account_analytic_account_1300357,1300357,1,Jinasena_MasterData_Accounting.account_analytic_plan_employee,base.main_company,
account_analytic_account_1300360,1300360,1,Jinasena_MasterData_Accounting.account_analytic_plan_employee,base.main_company,
account_analytic_account_1300363,1300363,1,Jinasena_MasterData_Accounting.account_analytic_plan_employee,base.main_company,
account_analytic_account_1300364,1300364,1,Jinasena_MasterData_Accounting.account_analytic_plan_employee,base.main_company,
account_analytic_account_1300371,1300371,1,Jinasena_MasterData_Accounting.account_analytic_plan_employee,base.main_company,
account_analytic_account_1300377,1300377,1,Jinasena_MasterData_Accounting.account_analytic_plan_employee,base.main_company,
account_analytic_account_1300378,1300378,1,Jinasena_MasterData_Accounting.account_analytic_plan_employee,base.main_company,
account_analytic_account_1300380,1300380,1,Jinasena_MasterData_Accounting.account_analytic_plan_employee,base.main_company,
account_analytic_account_1300381,1300381,1,Jinasena_MasterData_Accounting.account_analytic_plan_employee,base.main_company,
account_analytic_account_1300382,1300382,1,Jinasena_MasterData_Accounting.account_analytic_plan_employee,base.main_company,
account_analytic_account_1300385,1300385,1,Jinasena_MasterData_Accounting.account_analytic_plan_employee,base.main_company,
account_analytic_account_1300389,1300389,1,Jinasena_MasterData_Accounting.account_analytic_plan_employee,base.main_company,
account_analytic_account_1300394,1300394,1,Jinasena_MasterData_Accounting.account_analytic_plan_employee,base.main_company,
account_analytic_account_1300395,1300395,1,Jinasena_MasterData_Accounting.account_analytic_plan_employee,base.main_company,
account_analytic_account_1300396,1300396,1,Jinasena_MasterData_Accounting.account_analytic_plan_employee,base.main_company,
account_analytic_account_1300397,1300397,1,Jinasena_MasterData_Accounting.account_analytic_plan_employee,base.main_company,
account_analytic_account_1300398,1300398,1,Jinasena_MasterData_Accounting.account_analytic_plan_employee,base.main_company,
account_analytic_account_1300402,1300402,1,Jinasena_MasterData_Accounting.account_analytic_plan_employee,base.main_company,
account_analytic_account_1300405,1300405,1,Jinasena_MasterData_Accounting.account_analytic_plan_employee,base.main_company,
account_analytic_account_1300406,1300406,1,Jinasena_MasterData_Accounting.account_analytic_plan_employee,base.main_company,
account_analytic_account_1300410,1300410,1,Jinasena_MasterData_Accounting.account_analytic_plan_employee,base.main_company,
account_analytic_account_1300411,1300411,1,Jinasena_MasterData_Accounting.account_analytic_plan_employee,base.main_company,
account_analytic_account_1300412,1300412,1,Jinasena_MasterData_Accounting.account_analytic_plan_employee,base.main_company,
account_analytic_account_1300420,1300420,1,Jinasena_MasterData_Accounting.account_analytic_plan_employee,base.main_company,
account_analytic_account_1300422,1300422,1,Jinasena_MasterData_Accounting.account_analytic_plan_employee,base.main_company,
account_analytic_account_1300428,1300428,1,Jinasena_MasterData_Accounting.account_analytic_plan_employee,base.main_company,
account_analytic_account_1300430,1300430,1,Jinasena_MasterData_Accounting.account_analytic_plan_employee,base.main_company,
account_analytic_account_1300433,1300433,1,Jinasena_MasterData_Accounting.account_analytic_plan_employee,base.main_company,
account_analytic_account_1300439,1300439,1,Jinasena_MasterData_Accounting.account_analytic_plan_employee,base.main_company,
account_analytic_account_1300442,1300442,1,Jinasena_MasterData_Accounting.account_analytic_plan_employee,base.main_company,
account_analytic_account_1300445,1300445,1,Jinasena_MasterData_Accounting.account_analytic_plan_employee,base.main_company,
account_analytic_account_1300447,1300447,1,Jinasena_MasterData_Accounting.account_analytic_plan_employee,base.main_company,
account_analytic_account_1300462,1300462,1,Jinasena_MasterData_Accounting.account_analytic_plan_employee,base.main_company,
account_analytic_account_1300465,1300465,1,Jinasena_MasterData_Accounting.account_analytic_plan_employee,base.main_company,
account_analytic_account_1300466,1300466,1,Jinasena_MasterData_Accounting.account_analytic_plan_employee,base.main_company,
account_analytic_account_1300467,1300467,1,Jinasena_MasterData_Accounting.account_analytic_plan_employee,base.main_company,
account_analytic_account_1300470,1300470,1,Jinasena_MasterData_Accounting.account_analytic_plan_employee,base.main_company,
account_analytic_account_1300471,1300471,1,Jinasena_MasterData_Accounting.account_analytic_plan_employee,base.main_company,
account_analytic_account_1300474,1300474,1,Jinasena_MasterData_Accounting.account_analytic_plan_employee,base.main_company,
account_analytic_account_1300476,1300476,1,Jinasena_MasterData_Accounting.account_analytic_plan_employee,base.main_company,
account_analytic_account_1300479,1300479,1,Jinasena_MasterData_Accounting.account_analytic_plan_employee,base.main_company,
account_analytic_account_1300481,1300481,1,Jinasena_MasterData_Accounting.account_analytic_plan_employee,base.main_company,
account_analytic_account_1300482,1300482,1,Jinasena_MasterData_Accounting.account_analytic_plan_employee,base.main_company,
account_analytic_account_1300484,1300484,1,Jinasena_MasterData_Accounting.account_analytic_plan_employee,base.main_company,
account_analytic_account_1300489,1300489,1,Jinasena_MasterData_Accounting.account_analytic_plan_employee,base.main_company,
account_analytic_account_1300494,1300494,1,Jinasena_MasterData_Accounting.account_analytic_plan_employee,base.main_company,
account_analytic_account_1300501,1300501,1,Jinasena_MasterData_Accounting.account_analytic_plan_employee,base.main_company,
account_analytic_account_1300506,1300506,1,Jinasena_MasterData_Accounting.account_analytic_plan_employee,base.main_company,
account_analytic_account_1300507,1300507,1,Jinasena_MasterData_Accounting.account_analytic_plan_employee,base.main_company,
account_analytic_account_1300516,1300516,1,Jinasena_MasterData_Accounting.account_analytic_plan_employee,base.main_company,
account_analytic_account_1300517,1300517,1,Jinasena_MasterData_Accounting.account_analytic_plan_employee,base.main_company,
account_analytic_account_1300519,1300519,1,Jinasena_MasterData_Accounting.account_analytic_plan_employee,base.main_company,
account_analytic_account_1300522,1300522,1,Jinasena_MasterData_Accounting.account_analytic_plan_employee,base.main_company,
account_analytic_account_1300525,1300525,1,Jinasena_MasterData_Accounting.account_analytic_plan_employee,base.main_company,
account_analytic_account_1300527,1300527,1,Jinasena_MasterData_Accounting.account_analytic_plan_employee,base.main_company,
account_analytic_account_1300541,1300541,1,Jinasena_MasterData_Accounting.account_analytic_plan_employee,base.main_company,
account_analytic_account_1300549,1300549,1,Jinasena_MasterData_Accounting.account_analytic_plan_employee,base.main_company,
account_analytic_account_1300553,1300553,1,Jinasena_MasterData_Accounting.account_analytic_plan_employee,base.main_company,
account_analytic_account_1300555,1300555,1,Jinasena_MasterData_Accounting.account_analytic_plan_employee,base.main_company,
account_analytic_account_1300558,1300558,1,Jinasena_MasterData_Accounting.account_analytic_plan_employee,base.main_company,
account_analytic_account_1300562,1300562,1,Jinasena_MasterData_Accounting.account_analytic_plan_employee,base.main_company,
account_analytic_account_1300563,1300563,1,Jinasena_MasterData_Accounting.account_analytic_plan_employee,base.main_company,
account_analytic_account_1300568,1300568,1,Jinasena_MasterData_Accounting.account_analytic_plan_employee,base.main_company,
account_analytic_account_1300571,1300571,1,Jinasena_MasterData_Accounting.account_analytic_plan_employee,base.main_company,
account_analytic_account_1300575,1300575,1,Jinasena_MasterData_Accounting.account_analytic_plan_employee,base.main_company,
account_analytic_account_1300590,1300590,1,Jinasena_MasterData_Accounting.account_analytic_plan_employee,base.main_company,
account_analytic_account_1300591,1300591,1,Jinasena_MasterData_Accounting.account_analytic_plan_employee,base.main_company,
account_analytic_account_1300594,1300594,1,Jinasena_MasterData_Accounting.account_analytic_plan_employee,base.main_company,
account_analytic_account_1300595,1300595,1,Jinasena_MasterData_Accounting.account_analytic_plan_employee,base.main_company,
account_analytic_account_1300602,1300602,1,Jinasena_MasterData_Accounting.account_analytic_plan_employee,base.main_company,
account_analytic_account_1300606,1300606,1,Jinasena_MasterData_Accounting.account_analytic_plan_employee,base.main_company,
account_analytic_account_1300610,1300610,1,Jinasena_MasterData_Accounting.account_analytic_plan_employee,base.main_company,
account_analytic_account_1300613,1300613,1,Jinasena_MasterData_Accounting.account_analytic_plan_employee,base.main_company,
account_analytic_account_1300614,1300614,1,Jinasena_MasterData_Accounting.account_analytic_plan_employee,base.main_company,
account_analytic_account_1300615,1300615,1,Jinasena_MasterData_Accounting.account_analytic_plan_employee,base.main_company,
account_analytic_account_1300616,1300616,1,Jinasena_MasterData_Accounting.account_analytic_plan_employee,base.main_company,
account_analytic_account_1300618,1300618,1,Jinasena_MasterData_Accounting.account_analytic_plan_employee,base.main_company,
account_analytic_account_1300622,1300622,1,Jinasena_MasterData_Accounting.account_analytic_plan_employee,base.main_company,
account_analytic_account_1300629,1300629,1,Jinasena_MasterData_Accounting.account_analytic_plan_employee,base.main_company,
account_analytic_account_1300634,1300634,1,Jinasena_MasterData_Accounting.account_analytic_plan_employee,base.main_company,
account_analytic_account_1300637,1300637,1,Jinasena_MasterData_Accounting.account_analytic_plan_employee,base.main_company,
account_analytic_account_1300638,1300638,1,Jinasena_MasterData_Accounting.account_analytic_plan_employee,base.main_company,
account_analytic_account_1300639,1300639,1,Jinasena_MasterData_Accounting.account_analytic_plan_employee,base.main_company,
account_analytic_account_1300640,1300640,1,Jinasena_MasterData_Accounting.account_analytic_plan_employee,base.main_company,
account_analytic_account_1300642,1300642,1,Jinasena_MasterData_Accounting.account_analytic_plan_employee,base.main_company,
account_analytic_account_1300644,1300644,1,Jinasena_MasterData_Accounting.account_analytic_plan_employee,base.main_company,
account_analytic_account_1300645,1300645,1,Jinasena_MasterData_Accounting.account_analytic_plan_employee,base.main_company,
account_analytic_account_1300649,1300649,1,Jinasena_MasterData_Accounting.account_analytic_plan_employee,base.main_company,
account_analytic_account_1300650,1300650,1,Jinasena_MasterData_Accounting.account_analytic_plan_employee,base.main_company,
account_analytic_account_1300652,1300652,1,Jinasena_MasterData_Accounting.account_analytic_plan_employee,base.main_company,
account_analytic_account_1300654,1300654,1,Jinasena_MasterData_Accounting.account_analytic_plan_employee,base.main_company,
account_analytic_account_1300659,1300659,1,Jinasena_MasterData_Accounting.account_analytic_plan_employee,base.main_company,
account_analytic_account_1300660,1300660,1,Jinasena_MasterData_Accounting.account_analytic_plan_employee,base.main_company,
account_analytic_account_1300661,1300661,1,Jinasena_MasterData_Accounting.account_analytic_plan_employee,base.main_company,
account_analytic_account_1300662,1300662,1,Jinasena_MasterData_Accounting.account_analytic_plan_employee,base.main_company,
account_analytic_account_1300663,1300663,1,Jinasena_MasterData_Accounting.account_analytic_plan_employee,base.main_company,
account_analytic_account_1300664,1300664,1,Jinasena_MasterData_Accounting.account_analytic_plan_employee,base.main_company,
account_analytic_account_1300665,1300665,1,Jinasena_MasterData_Accounting.account_analytic_plan_employee,base.main_company,
account_analytic_account_1300666,1300666,1,Jinasena_MasterData_Accounting.account_analytic_plan_employee,base.main_company,
account_analytic_account_1300688,1300688,1,Jinasena_MasterData_Accounting.account_analytic_plan_employee,base.main_company,
account_analytic_account_1300702,1300702,1,Jinasena_MasterData_Accounting.account_analytic_plan_employee,base.main_company,
account_analytic_account_1300703,1300703,1,Jinasena_MasterData_Accounting.account_analytic_plan_employee,base.main_company,
account_analytic_account_1300704,1300704,1,Jinasena_MasterData_Accounting.account_analytic_plan_employee,base.main_company,
account_analytic_account_1300705,1300705,1,Jinasena_MasterData_Accounting.account_analytic_plan_employee,base.main_company,
account_analytic_account_1300707,1300707,1,Jinasena_MasterData_Accounting.account_analytic_plan_employee,base.main_company,
account_analytic_account_1300709,1300709,1,Jinasena_MasterData_Accounting.account_analytic_plan_employee,base.main_company,
account_analytic_account_1300711,1300711,1,Jinasena_MasterData_Accounting.account_analytic_plan_employee,base.main_company,
account_analytic_account_1300713,1300713,1,Jinasena_MasterData_Accounting.account_analytic_plan_employee,base.main_company,
account_analytic_account_1300714,1300714,1,Jinasena_MasterData_Accounting.account_analytic_plan_employee,base.main_company,
account_analytic_account_1300715,1300715,1,Jinasena_MasterData_Accounting.account_analytic_plan_employee,base.main_company,
account_analytic_account_1300717,1300717,1,Jinasena_MasterData_Accounting.account_analytic_plan_employee,base.main_company,
account_analytic_account_1300718,1300718,1,Jinasena_MasterData_Accounting.account_analytic_plan_employee,base.main_company,
account_analytic_account_1300719,1300719,1,Jinasena_MasterData_Accounting.account_analytic_plan_employee,base.main_company,
account_analytic_account_1300722,1300722,1,Jinasena_MasterData_Accounting.account_analytic_plan_employee,base.main_company,
account_analytic_account_1300723,1300723,1,Jinasena_MasterData_Accounting.account_analytic_plan_employee,base.main_company,
account_analytic_account_1300724,1300724,1,Jinasena_MasterData_Accounting.account_analytic_plan_employee,base.main_company,
account_analytic_account_1300725,1300725,1,Jinasena_MasterData_Accounting.account_analytic_plan_employee,base.main_company,
account_analytic_account_1300726,1300726,1,Jinasena_MasterData_Accounting.account_analytic_plan_employee,base.main_company,
account_analytic_account_1300729,1300729,1,Jinasena_MasterData_Accounting.account_analytic_plan_employee,base.main_company,
account_analytic_account_1300730,1300730,1,Jinasena_MasterData_Accounting.account_analytic_plan_employee,base.main_company,
account_analytic_account_1328,1328,1,Jinasena_MasterData_Accounting.account_analytic_plan_employee,base.main_company,
account_analytic_account_1400005,1400005,1,Jinasena_MasterData_Accounting.account_analytic_plan_employee,base.main_company,
account_analytic_account_1400016,1400016,1,Jinasena_MasterData_Accounting.account_analytic_plan_employee,base.main_company,
account_analytic_account_1400018,1400018,1,Jinasena_MasterData_Accounting.account_analytic_plan_employee,base.main_company,
account_analytic_account_1400024,1400024,1,Jinasena_MasterData_Accounting.account_analytic_plan_employee,base.main_company,
account_analytic_account_1400055,1400055,1,Jinasena_MasterData_Accounting.account_analytic_plan_employee,base.main_company,
account_analytic_account_1400070,1400070,1,Jinasena_MasterData_Accounting.account_analytic_plan_employee,base.main_company,
account_analytic_account_1400073,1400073,1,Jinasena_MasterData_Accounting.account_analytic_plan_employee,base.main_company,
account_analytic_account_1400076,1400076,1,Jinasena_MasterData_Accounting.account_analytic_plan_employee,base.main_company,
account_analytic_account_1400080,1400080,1,Jinasena_MasterData_Accounting.account_analytic_plan_employee,base.main_company,
account_analytic_account_1400084,1400084,1,Jinasena_MasterData_Accounting.account_analytic_plan_employee,base.main_company,
account_analytic_account_1400094,1400094,1,Jinasena_MasterData_Accounting.account_analytic_plan_employee,base.main_company,
account_analytic_account_1400101,1400101,1,Jinasena_MasterData_Accounting.account_analytic_plan_employee,base.main_company,
account_analytic_account_1400103,1400103,1,Jinasena_MasterData_Accounting.account_analytic_plan_employee,base.main_company,
account_analytic_account_1400105,1400105,1,Jinasena_MasterData_Accounting.account_analytic_plan_employee,base.main_company,
account_analytic_account_1400106,1400106,1,Jinasena_MasterData_Accounting.account_analytic_plan_employee,base.main_company,
account_analytic_account_1400109,1400109,1,Jinasena_MasterData_Accounting.account_analytic_plan_employee,base.main_company,
account_analytic_account_1400111,1400111,1,Jinasena_MasterData_Accounting.account_analytic_plan_employee,base.main_company,
account_analytic_account_1400113,1400113,1,Jinasena_MasterData_Accounting.account_analytic_plan_employee,base.main_company,
account_analytic_account_1400126,1400126,1,Jinasena_MasterData_Accounting.account_analytic_plan_employee,base.main_company,
account_analytic_account_1400130,1400130,1,Jinasena_MasterData_Accounting.account_analytic_plan_employee,base.main_company,
account_analytic_account_1400132,1400132,1,Jinasena_MasterData_Accounting.account_analytic_plan_employee,base.main_company,
account_analytic_account_1400139,1400139,1,Jinasena_MasterData_Accounting.account_analytic_plan_employee,base.main_company,
account_analytic_account_1400150,1400150,1,Jinasena_MasterData_Accounting.account_analytic_plan_employee,base.main_company,
account_analytic_account_1400151,1400151,1,Jinasena_MasterData_Accounting.account_analytic_plan_employee,base.main_company,
account_analytic_account_1400152,1400152,1,Jinasena_MasterData_Accounting.account_analytic_plan_employee,base.main_company,
account_analytic_account_1400153,1400153,1,Jinasena_MasterData_Accounting.account_analytic_plan_employee,base.main_company,
account_analytic_account_1400161,1400161,1,Jinasena_MasterData_Accounting.account_analytic_plan_employee,base.main_company,
account_analytic_account_1400165,1400165,1,Jinasena_MasterData_Accounting.account_analytic_plan_employee,base.main_company,
account_analytic_account_1400166,1400166,1,Jinasena_MasterData_Accounting.account_analytic_plan_employee,base.main_company,
account_analytic_account_1400174,1400174,1,Jinasena_MasterData_Accounting.account_analytic_plan_employee,base.main_company,
account_analytic_account_1400186,1400186,1,Jinasena_MasterData_Accounting.account_analytic_plan_employee,base.main_company,
account_analytic_account_1400190,1400190,1,Jinasena_MasterData_Accounting.account_analytic_plan_employee,base.main_company,
account_analytic_account_1400191,1400191,1,Jinasena_MasterData_Accounting.account_analytic_plan_employee,base.main_company,
account_analytic_account_1400195,1400195,1,Jinasena_MasterData_Accounting.account_analytic_plan_employee,base.main_company,
account_analytic_account_1400200,1400200,1,Jinasena_MasterData_Accounting.account_analytic_plan_employee,base.main_company,
account_analytic_account_1400210,1400210,1,Jinasena_MasterData_Accounting.account_analytic_plan_employee,base.main_company,
account_analytic_account_1400212,1400212,1,Jinasena_MasterData_Accounting.account_analytic_plan_employee,base.main_company,
account_analytic_account_1400213,1400213,1,Jinasena_MasterData_Accounting.account_analytic_plan_employee,base.main_company,
account_analytic_account_1400214,1400214,1,Jinasena_MasterData_Accounting.account_analytic_plan_employee,base.main_company,
account_analytic_account_1400215,1400215,1,Jinasena_MasterData_Accounting.account_analytic_plan_employee,base.main_company,
account_analytic_account_1400216,1400216,1,Jinasena_MasterData_Accounting.account_analytic_plan_employee,base.main_company,
account_analytic_account_1400220,1400220,1,Jinasena_MasterData_Accounting.account_analytic_plan_employee,base.main_company,
account_analytic_account_1400224,1400224,1,Jinasena_MasterData_Accounting.account_analytic_plan_employee,base.main_company,
account_analytic_account_1400236,1400236,1,Jinasena_MasterData_Accounting.account_analytic_plan_employee,base.main_company,
account_analytic_account_1400250,1400250,1,Jinasena_MasterData_Accounting.account_analytic_plan_employee,base.main_company,
account_analytic_account_1400252,1400252,1,Jinasena_MasterData_Accounting.account_analytic_plan_employee,base.main_company,
account_analytic_account_1400257,1400257,1,Jinasena_MasterData_Accounting.account_analytic_plan_employee,base.main_company,
account_analytic_account_1400259,1400259,1,Jinasena_MasterData_Accounting.account_analytic_plan_employee,base.main_company,
account_analytic_account_1400261,1400261,1,Jinasena_MasterData_Accounting.account_analytic_plan_employee,base.main_company,
account_analytic_account_1400263,1400263,1,Jinasena_MasterData_Accounting.account_analytic_plan_employee,base.main_company,
account_analytic_account_1400264,1400264,1,Jinasena_MasterData_Accounting.account_analytic_plan_employee,base.main_company,
account_analytic_account_1400265,1400265,1,Jinasena_MasterData_Accounting.account_analytic_plan_employee,base.main_company,
account_analytic_account_1400266,1400266,1,Jinasena_MasterData_Accounting.account_analytic_plan_employee,base.main_company,
account_analytic_account_1400267,1400267,1,Jinasena_MasterData_Accounting.account_analytic_plan_employee,base.main_company,
account_analytic_account_1400269,1400269,1,Jinasena_MasterData_Accounting.account_analytic_plan_employee,base.main_company,
account_analytic_account_1400270,1400270,1,Jinasena_MasterData_Accounting.account_analytic_plan_employee,base.main_company,
account_analytic_account_1400290,1400290,1,Jinasena_MasterData_Accounting.account_analytic_plan_employee,base.main_company,
account_analytic_account_1400291,1400291,1,Jinasena_MasterData_Accounting.account_analytic_plan_employee,base.main_company,
account_analytic_account_1400301,1400301,1,Jinasena_MasterData_Accounting.account_analytic_plan_employee,base.main_company,
account_analytic_account_1400308,1400308,1,Jinasena_MasterData_Accounting.account_analytic_plan_employee,base.main_company,
account_analytic_account_1400325,1400325,1,Jinasena_MasterData_Accounting.account_analytic_plan_employee,base.main_company,
account_analytic_account_1400326,1400326,1,Jinasena_MasterData_Accounting.account_analytic_plan_employee,base.main_company,
account_analytic_account_1400334,1400334,1,Jinasena_MasterData_Accounting.account_analytic_plan_employee,base.main_company,
account_analytic_account_1400347,1400347,1,Jinasena_MasterData_Accounting.account_analytic_plan_employee,base.main_company,
account_analytic_account_1400350,1400350,1,Jinasena_MasterData_Accounting.account_analytic_plan_employee,base.main_company,
account_analytic_account_1400351,1400351,1,Jinasena_MasterData_Accounting.account_analytic_plan_employee,base.main_company,
account_analytic_account_1400360,1400360,1,Jinasena_MasterData_Accounting.account_analytic_plan_employee,base.main_company,
account_analytic_account_1400363,1400363,1,Jinasena_MasterData_Accounting.account_analytic_plan_employee,base.main_company,
account_analytic_account_1400377,1400377,1,Jinasena_MasterData_Accounting.account_analytic_plan_employee,base.main_company,
account_analytic_account_1400381,1400381,1,Jinasena_MasterData_Accounting.account_analytic_plan_employee,base.main_company,
account_analytic_account_1400394,1400394,1,Jinasena_MasterData_Accounting.account_analytic_plan_employee,base.main_company,
account_analytic_account_1400400,1400400,1,Jinasena_MasterData_Accounting.account_analytic_plan_employee,base.main_company,
account_analytic_account_1400401,1400401,1,Jinasena_MasterData_Accounting.account_analytic_plan_employee,base.main_company,
account_analytic_account_1400404,1400404,1,Jinasena_MasterData_Accounting.account_analytic_plan_employee,base.main_company,
account_analytic_account_1400405,1400405,1,Jinasena_MasterData_Accounting.account_analytic_plan_employee,base.main_company,
account_analytic_account_1400406,1400406,1,Jinasena_MasterData_Accounting.account_analytic_plan_employee,base.main_company,
account_analytic_account_1400411,1400411,1,Jinasena_MasterData_Accounting.account_analytic_plan_employee,base.main_company,
account_analytic_account_1400422,1400422,1,Jinasena_MasterData_Accounting.account_analytic_plan_employee,base.main_company,
account_analytic_account_1400470,1400470,1,Jinasena_MasterData_Accounting.account_analytic_plan_employee,base.main_company,
account_analytic_account_1400481,1400481,1,Jinasena_MasterData_Accounting.account_analytic_plan_employee,base.main_company,
account_analytic_account_1400501,1400501,1,Jinasena_MasterData_Accounting.account_analytic_plan_employee,base.main_company,
account_analytic_account_1400506,1400506,1,Jinasena_MasterData_Accounting.account_analytic_plan_employee,base.main_company,
account_analytic_account_1400509,1400509,1,Jinasena_MasterData_Accounting.account_analytic_plan_employee,base.main_company,
account_analytic_account_1400510,1400510,1,Jinasena_MasterData_Accounting.account_analytic_plan_employee,base.main_company,
account_analytic_account_1400515,1400515,1,Jinasena_MasterData_Accounting.account_analytic_plan_employee,base.main_company,
account_analytic_account_1400519,1400519,1,Jinasena_MasterData_Accounting.account_analytic_plan_employee,base.main_company,
account_analytic_account_1400523,1400523,1,Jinasena_MasterData_Accounting.account_analytic_plan_employee,base.main_company,
account_analytic_account_1400540,1400540,1,Jinasena_MasterData_Accounting.account_analytic_plan_employee,base.main_company,
account_analytic_account_1400541,1400541,1,Jinasena_MasterData_Accounting.account_analytic_plan_employee,base.main_company,
account_analytic_account_1400544,1400544,1,Jinasena_MasterData_Accounting.account_analytic_plan_employee,base.main_company,
account_analytic_account_1400545,1400545,1,Jinasena_MasterData_Accounting.account_analytic_plan_employee,base.main_company,
account_analytic_account_1400546,1400546,1,Jinasena_MasterData_Accounting.account_analytic_plan_employee,base.main_company,
account_analytic_account_1400547,1400547,1,Jinasena_MasterData_Accounting.account_analytic_plan_employee,base.main_company,
account_analytic_account_1400550,1400550,1,Jinasena_MasterData_Accounting.account_analytic_plan_employee,base.main_company,
account_analytic_account_1400580,1400580,1,Jinasena_MasterData_Accounting.account_analytic_plan_employee,base.main_company,
account_analytic_account_1400590,1400590,1,Jinasena_MasterData_Accounting.account_analytic_plan_employee,base.main_company,
account_analytic_account_1400594,1400594,1,Jinasena_MasterData_Accounting.account_analytic_plan_employee,base.main_company,
account_analytic_account_1400600,1400600,1,Jinasena_MasterData_Accounting.account_analytic_plan_employee,base.main_company,
account_analytic_account_1400601,1400601,1,Jinasena_MasterData_Accounting.account_analytic_plan_employee,base.main_company,
account_analytic_account_1400602,1400602,1,Jinasena_MasterData_Accounting.account_analytic_plan_employee,base.main_company,
account_analytic_account_1400603,1400603,1,Jinasena_MasterData_Accounting.account_analytic_plan_employee,base.main_company,
account_analytic_account_1400607,1400607,1,Jinasena_MasterData_Accounting.account_analytic_plan_employee,base.main_company,
account_analytic_account_1400609,1400609,1,Jinasena_MasterData_Accounting.account_analytic_plan_employee,base.main_company,
account_analytic_account_1400620,1400620,1,Jinasena_MasterData_Accounting.account_analytic_plan_employee,base.main_company,
account_analytic_account_1400621,1400621,1,Jinasena_MasterData_Accounting.account_analytic_plan_employee,base.main_company,
account_analytic_account_1400622,1400622,1,Jinasena_MasterData_Accounting.account_analytic_plan_employee,base.main_company,
account_analytic_account_1400637,1400637,1,Jinasena_MasterData_Accounting.account_analytic_plan_employee,base.main_company,
account_analytic_account_1400651,1400651,1,Jinasena_MasterData_Accounting.account_analytic_plan_employee,base.main_company,
account_analytic_account_1400654,1400654,1,Jinasena_MasterData_Accounting.account_analytic_plan_employee,base.main_company,
account_analytic_account_1400660,1400660,1,Jinasena_MasterData_Accounting.account_analytic_plan_employee,base.main_company,
account_analytic_account_1400663,1400663,1,Jinasena_MasterData_Accounting.account_analytic_plan_employee,base.main_company,
account_analytic_account_1400670,1400670,1,Jinasena_MasterData_Accounting.account_analytic_plan_employee,base.main_company,
account_analytic_account_1400676,1400676,1,Jinasena_MasterData_Accounting.account_analytic_plan_employee,base.main_company,
account_analytic_account_1400677,1400677,1,Jinasena_MasterData_Accounting.account_analytic_plan_employee,base.main_company,
account_analytic_account_1400678,1400678,1,Jinasena_MasterData_Accounting.account_analytic_plan_employee,base.main_company,
account_analytic_account_1400683,1400683,1,Jinasena_MasterData_Accounting.account_analytic_plan_employee,base.main_company,
account_analytic_account_1400687,1400687,1,Jinasena_MasterData_Accounting.account_analytic_plan_employee,base.main_company,
account_analytic_account_1400688,1400688,1,Jinasena_MasterData_Accounting.account_analytic_plan_employee,base.main_company,
account_analytic_account_1400690,1400690,1,Jinasena_MasterData_Accounting.account_analytic_plan_employee,base.main_company,
account_analytic_account_1400691,1400691,1,Jinasena_MasterData_Accounting.account_analytic_plan_employee,base.main_company,
account_analytic_account_1400692,1400692,1,Jinasena_MasterData_Accounting.account_analytic_plan_employee,base.main_company,
account_analytic_account_1400693,1400693,1,Jinasena_MasterData_Accounting.account_analytic_plan_employee,base.main_company,
account_analytic_account_1400695,1400695,1,Jinasena_MasterData_Accounting.account_analytic_plan_employee,base.main_company,
account_analytic_account_1400697,1400697,1,Jinasena_MasterData_Accounting.account_analytic_plan_employee,base.main_company,
account_analytic_account_1400699,1400699,1,Jinasena_MasterData_Accounting.account_analytic_plan_employee,base.main_company,
account_analytic_account_1400713,1400713,1,Jinasena_MasterData_Accounting.account_analytic_plan_employee,base.main_company,
account_analytic_account_1400714,1400714,1,Jinasena_MasterData_Accounting.account_analytic_plan_employee,base.main_company,
account_analytic_account_1400723,1400723,1,Jinasena_MasterData_Accounting.account_analytic_plan_employee,base.main_company,
account_analytic_account_1400725,1400725,1,Jinasena_MasterData_Accounting.account_analytic_plan_employee,base.main_company,
account_analytic_account_1400728,1400728,1,Jinasena_MasterData_Accounting.account_analytic_plan_employee,base.main_company,
account_analytic_account_1400729,1400729,1,Jinasena_MasterData_Accounting.account_analytic_plan_employee,base.main_company,
account_analytic_account_1400730,1400730,1,Jinasena_MasterData_Accounting.account_analytic_plan_employee,base.main_company,
account_analytic_account_1400732,1400732,1,Jinasena_MasterData_Accounting.account_analytic_plan_employee,base.main_company,
account_analytic_account_1400733,1400733,1,Jinasena_MasterData_Accounting.account_analytic_plan_employee,base.main_company,
account_analytic_account_1400775,1400775,1,Jinasena_MasterData_Accounting.account_analytic_plan_employee,base.main_company,
account_analytic_account_1400780,1400780,1,Jinasena_MasterData_Accounting.account_analytic_plan_employee,base.main_company,
account_analytic_account_1400783,1400783,1,Jinasena_MasterData_Accounting.account_analytic_plan_employee,base.main_company,
account_analytic_account_1400787,1400787,1,Jinasena_MasterData_Accounting.account_analytic_plan_employee,base.main_company,
account_analytic_account_1400789,1400789,1,Jinasena_MasterData_Accounting.account_analytic_plan_employee,base.main_company,
account_analytic_account_1400791,1400791,1,Jinasena_MasterData_Accounting.account_analytic_plan_employee,base.main_company,
account_analytic_account_1400800,1400800,1,Jinasena_MasterData_Accounting.account_analytic_plan_employee,base.main_company,
account_analytic_account_1400817,1400817,1,Jinasena_MasterData_Accounting.account_analytic_plan_employee,base.main_company,
account_analytic_account_1400820,1400820,1,Jinasena_MasterData_Accounting.account_analytic_plan_employee,base.main_company,
account_analytic_account_1400826,1400826,1,Jinasena_MasterData_Accounting.account_analytic_plan_employee,base.main_company,
account_analytic_account_1400840,1400840,1,Jinasena_MasterData_Accounting.account_analytic_plan_employee,base.main_company,
account_analytic_account_1400853,1400853,1,Jinasena_MasterData_Accounting.account_analytic_plan_employee,base.main_company,
account_analytic_account_1400901,1400901,1,Jinasena_MasterData_Accounting.account_analytic_plan_employee,base.main_company,
account_analytic_account_1400902,1400902,1,Jinasena_MasterData_Accounting.account_analytic_plan_employee,base.main_company,
account_analytic_account_1400904,1400904,1,Jinasena_MasterData_Accounting.account_analytic_plan_employee,base.main_company,
account_analytic_account_1400905,1400905,1,Jinasena_MasterData_Accounting.account_analytic_plan_employee,base.main_company,
account_analytic_account_1400906,1400906,1,Jinasena_MasterData_Accounting.account_analytic_plan_employee,base.main_company,
account_analytic_account_1400907,1400907,1,Jinasena_MasterData_Accounting.account_analytic_plan_employee,base.main_company,
account_analytic_account_1400908,1400908,1,Jinasena_MasterData_Accounting.account_analytic_plan_employee,base.main_company,
account_analytic_account_1400909,1400909,1,Jinasena_MasterData_Accounting.account_analytic_plan_employee,base.main_company,
account_analytic_account_1400910,1400910,1,Jinasena_MasterData_Accounting.account_analytic_plan_employee,base.main_company,
account_analytic_account_1400911,1400911,1,Jinasena_MasterData_Accounting.account_analytic_plan_employee,base.main_company,
account_analytic_account_1400912,1400912,1,Jinasena_MasterData_Accounting.account_analytic_plan_employee,base.main_company,
account_analytic_account_1400913,1400913,1,Jinasena_MasterData_Accounting.account_analytic_plan_employee,base.main_company,
account_analytic_account_1400914,1400914,1,Jinasena_MasterData_Accounting.account_analytic_plan_employee,base.main_company,
account_analytic_account_1400915,1400915,1,Jinasena_MasterData_Accounting.account_analytic_plan_employee,base.main_company,
account_analytic_account_1400916,1400916,1,Jinasena_MasterData_Accounting.account_analytic_plan_employee,base.main_company,
account_analytic_account_1400917,1400917,1,Jinasena_MasterData_Accounting.account_analytic_plan_employee,base.main_company,
account_analytic_account_1400918,1400918,1,Jinasena_MasterData_Accounting.account_analytic_plan_employee,base.main_company,
account_analytic_account_1400920,1400920,1,Jinasena_MasterData_Accounting.account_analytic_plan_employee,base.main_company,
account_analytic_account_1400921,1400921,1,Jinasena_MasterData_Accounting.account_analytic_plan_employee,base.main_company,
account_analytic_account_1400922,1400922,1,Jinasena_MasterData_Accounting.account_analytic_plan_employee,base.main_company,
account_analytic_account_1400923,1400923,1,Jinasena_MasterData_Accounting.account_analytic_plan_employee,base.main_company,
account_analytic_account_1400924,1400924,1,Jinasena_MasterData_Accounting.account_analytic_plan_employee,base.main_company,
account_analytic_account_1400927,1400927,1,Jinasena_MasterData_Accounting.account_analytic_plan_employee,base.main_company,
account_analytic_account_1400928,1400928,1,Jinasena_MasterData_Accounting.account_analytic_plan_employee,base.main_company,
account_analytic_account_1400929,1400929,1,Jinasena_MasterData_Accounting.account_analytic_plan_employee,base.main_company,
account_analytic_account_1400931,1400931,1,Jinasena_MasterData_Accounting.account_analytic_plan_employee,base.main_company,
account_analytic_account_1400934,1400934,1,Jinasena_MasterData_Accounting.account_analytic_plan_employee,base.main_company,
account_analytic_account_1400936,1400936,1,Jinasena_MasterData_Accounting.account_analytic_plan_employee,base.main_company,
account_analytic_account_1400937,1400937,1,Jinasena_MasterData_Accounting.account_analytic_plan_employee,base.main_company,
account_analytic_account_1400939,1400939,1,Jinasena_MasterData_Accounting.account_analytic_plan_employee,base.main_company,
account_analytic_account_1400940,1400940,1,Jinasena_MasterData_Accounting.account_analytic_plan_employee,base.main_company,
account_analytic_account_1400942,1400942,1,Jinasena_MasterData_Accounting.account_analytic_plan_employee,base.main_company,
account_analytic_account_1400944,1400944,1,Jinasena_MasterData_Accounting.account_analytic_plan_employee,base.main_company,
account_analytic_account_1400945,1400945,1,Jinasena_MasterData_Accounting.account_analytic_plan_employee,base.main_company,
account_analytic_account_1400946,1400946,1,Jinasena_MasterData_Accounting.account_analytic_plan_employee,base.main_company,
account_analytic_account_1400948,1400948,1,Jinasena_MasterData_Accounting.account_analytic_plan_employee,base.main_company,
account_analytic_account_1400950,1400950,1,Jinasena_MasterData_Accounting.account_analytic_plan_employee,base.main_company,
account_analytic_account_1400951,1400951,1,Jinasena_MasterData_Accounting.account_analytic_plan_employee,base.main_company,
account_analytic_account_1400952,1400952,1,Jinasena_MasterData_Accounting.account_analytic_plan_employee,base.main_company,
account_analytic_account_1400953,1400953,1,Jinasena_MasterData_Accounting.account_analytic_plan_employee,base.main_company,
account_analytic_account_1400954,1400954,1,Jinasena_MasterData_Accounting.account_analytic_plan_employee,base.main_company,
account_analytic_account_1400955,1400955,1,Jinasena_MasterData_Accounting.account_analytic_plan_employee,base.main_company,
account_analytic_account_1400957,1400957,1,Jinasena_MasterData_Accounting.account_analytic_plan_employee,base.main_company,
account_analytic_account_1400958,1400958,1,Jinasena_MasterData_Accounting.account_analytic_plan_employee,base.main_company,
account_analytic_account_1400959,1400959,1,Jinasena_MasterData_Accounting.account_analytic_plan_employee,base.main_company,
account_analytic_account_1400960,1400960,1,Jinasena_MasterData_Accounting.account_analytic_plan_employee,base.main_company,
account_analytic_account_1400961,1400961,1,Jinasena_MasterData_Accounting.account_analytic_plan_employee,base.main_company,
account_analytic_account_1400962,1400962,1,Jinasena_MasterData_Accounting.account_analytic_plan_employee,base.main_company,
account_analytic_account_1400964,1400964,1,Jinasena_MasterData_Accounting.account_analytic_plan_employee,base.main_company,
account_analytic_account_1400966,1400966,1,Jinasena_MasterData_Accounting.account_analytic_plan_employee,base.main_company,
account_analytic_account_1400968,1400968,1,Jinasena_MasterData_Accounting.account_analytic_plan_employee,base.main_company,
account_analytic_account_1400970,1400970,1,Jinasena_MasterData_Accounting.account_analytic_plan_employee,base.main_company,
account_analytic_account_1400971,1400971,1,Jinasena_MasterData_Accounting.account_analytic_plan_employee,base.main_company,
account_analytic_account_1400972,1400972,1,Jinasena_MasterData_Accounting.account_analytic_plan_employee,base.main_company,
account_analytic_account_1400973,1400973,1,Jinasena_MasterData_Accounting.account_analytic_plan_employee,base.main_company,
account_analytic_account_1400974,1400974,1,Jinasena_MasterData_Accounting.account_analytic_plan_employee,base.main_company,
account_analytic_account_1400975,1400975,1,Jinasena_MasterData_Accounting.account_analytic_plan_employee,base.main_company,
account_analytic_account_1400977,1400977,1,Jinasena_MasterData_Accounting.account_analytic_plan_employee,base.main_company,
account_analytic_account_1400980,1400980,1,Jinasena_MasterData_Accounting.account_analytic_plan_employee,base.main_company,
account_analytic_account_1400981,1400981,1,Jinasena_MasterData_Accounting.account_analytic_plan_employee,base.main_company,
account_analytic_account_1400982,1400982,1,Jinasena_MasterData_Accounting.account_analytic_plan_employee,base.main_company,
account_analytic_account_1400987,1400987,1,Jinasena_MasterData_Accounting.account_analytic_plan_employee,base.main_company,
account_analytic_account_1400988,1400988,1,Jinasena_MasterData_Accounting.account_analytic_plan_employee,base.main_company,
account_analytic_account_1400989,1400989,1,Jinasena_MasterData_Accounting.account_analytic_plan_employee,base.main_company,
account_analytic_account_1400990,1400990,1,Jinasena_MasterData_Accounting.account_analytic_plan_employee,base.main_company,
account_analytic_account_1400992,1400992,1,Jinasena_MasterData_Accounting.account_analytic_plan_employee,base.main_company,
account_analytic_account_1400993,1400993,1,Jinasena_MasterData_Accounting.account_analytic_plan_employee,base.main_company,
account_analytic_account_1400994,1400994,1,Jinasena_MasterData_Accounting.account_analytic_plan_employee,base.main_company,
account_analytic_account_1400995,1400995,1,Jinasena_MasterData_Accounting.account_analytic_plan_employee,base.main_company,
account_analytic_account_1400996,1400996,1,Jinasena_MasterData_Accounting.account_analytic_plan_employee,base.main_company,
account_analytic_account_1400998,1400998,1,Jinasena_MasterData_Accounting.account_analytic_plan_employee,base.main_company,
account_analytic_account_1400999,1400999,1,Jinasena_MasterData_Accounting.account_analytic_plan_employee,base.main_company,
account_analytic_account_1401000,1401000,1,Jinasena_MasterData_Accounting.account_analytic_plan_employee,base.main_company,
account_analytic_account_1401010,1401010,1,Jinasena_MasterData_Accounting.account_analytic_plan_employee,base.main_company,
account_analytic_account_1401011,1401011,1,Jinasena_MasterData_Accounting.account_analytic_plan_employee,base.main_company,
account_analytic_account_1401012,1401012,1,Jinasena_MasterData_Accounting.account_analytic_plan_employee,base.main_company,
account_analytic_account_1401013,1401013,1,Jinasena_MasterData_Accounting.account_analytic_plan_employee,base.main_company,
account_analytic_account_1401014,1401014,1,Jinasena_MasterData_Accounting.account_analytic_plan_employee,base.main_company,
account_analytic_account_1401015,1401015,1,Jinasena_MasterData_Accounting.account_analytic_plan_employee,base.main_company,
account_analytic_account_1401016,1401016,1,Jinasena_MasterData_Accounting.account_analytic_plan_employee,base.main_company,
account_analytic_account_1401019,1401019,1,Jinasena_MasterData_Accounting.account_analytic_plan_employee,base.main_company,
account_analytic_account_1401021,1401021,1,Jinasena_MasterData_Accounting.account_analytic_plan_employee,base.main_company,
account_analytic_account_1401022,1401022,1,Jinasena_MasterData_Accounting.account_analytic_plan_employee,base.main_company,
account_analytic_account_1401023,1401023,1,Jinasena_MasterData_Accounting.account_analytic_plan_employee,base.main_company,
account_analytic_account_1401024,1401024,1,Jinasena_MasterData_Accounting.account_analytic_plan_employee,base.main_company,
account_analytic_account_1401025,1401025,1,Jinasena_MasterData_Accounting.account_analytic_plan_employee,base.main_company,
account_analytic_account_1401026,1401026,1,Jinasena_MasterData_Accounting.account_analytic_plan_employee,base.main_company,
account_analytic_account_1401027,1401027,1,Jinasena_MasterData_Accounting.account_analytic_plan_employee,base.main_company,
account_analytic_account_1401028,1401028,1,Jinasena_MasterData_Accounting.account_analytic_plan_employee,base.main_company,
account_analytic_account_1401030,1401030,1,Jinasena_MasterData_Accounting.account_analytic_plan_employee,base.main_company,
account_analytic_account_1401031,1401031,1,Jinasena_MasterData_Accounting.account_analytic_plan_employee,base.main_company,
account_analytic_account_1401033,1401033,1,Jinasena_MasterData_Accounting.account_analytic_plan_employee,base.main_company,
account_analytic_account_1401036,1401036,1,Jinasena_MasterData_Accounting.account_analytic_plan_employee,base.main_company,
account_analytic_account_1401038,1401038,1,Jinasena_MasterData_Accounting.account_analytic_plan_employee,base.main_company,
account_analytic_account_1401039,1401039,1,Jinasena_MasterData_Accounting.account_analytic_plan_employee,base.main_company,
account_analytic_account_1401040,1401040,1,Jinasena_MasterData_Accounting.account_analytic_plan_employee,base.main_company,
account_analytic_account_1401041,1401041,1,Jinasena_MasterData_Accounting.account_analytic_plan_employee,base.main_company,
account_analytic_account_1401042,1401042,1,Jinasena_MasterData_Accounting.account_analytic_plan_employee,base.main_company,
account_analytic_account_1401044,1401044,1,Jinasena_MasterData_Accounting.account_analytic_plan_employee,base.main_company,
account_analytic_account_1401045,1401045,1,Jinasena_MasterData_Accounting.account_analytic_plan_employee,base.main_company,
account_analytic_account_1401047,1401047,1,Jinasena_MasterData_Accounting.account_analytic_plan_employee,base.main_company,
account_analytic_account_1401048,1401048,1,Jinasena_MasterData_Accounting.account_analytic_plan_employee,base.main_company,
account_analytic_account_1401049,1401049,1,Jinasena_MasterData_Accounting.account_analytic_plan_employee,base.main_company,
account_analytic_account_1401051,1401051,1,Jinasena_MasterData_Accounting.account_analytic_plan_employee,base.main_company,
account_analytic_account_1401054,1401054,1,Jinasena_MasterData_Accounting.account_analytic_plan_employee,base.main_company,
account_analytic_account_1401055,1401055,1,Jinasena_MasterData_Accounting.account_analytic_plan_employee,base.main_company,
account_analytic_account_1401056,1401056,1,Jinasena_MasterData_Accounting.account_analytic_plan_employee,base.main_company,
account_analytic_account_1401058,1401058,1,Jinasena_MasterData_Accounting.account_analytic_plan_employee,base.main_company,
account_analytic_account_1401059,1401059,1,Jinasena_MasterData_Accounting.account_analytic_plan_employee,base.main_company,
account_analytic_account_1401061,1401061,1,Jinasena_MasterData_Accounting.account_analytic_plan_employee,base.main_company,
account_analytic_account_1401063,1401063,1,Jinasena_MasterData_Accounting.account_analytic_plan_employee,base.main_company,
account_analytic_account_1401066,1401066,1,Jinasena_MasterData_Accounting.account_analytic_plan_employee,base.main_company,
account_analytic_account_1401068,1401068,1,Jinasena_MasterData_Accounting.account_analytic_plan_employee,base.main_company,
account_analytic_account_1401070,1401070,1,Jinasena_MasterData_Accounting.account_analytic_plan_employee,base.main_company,
account_analytic_account_1401072,1401072,1,Jinasena_MasterData_Accounting.account_analytic_plan_employee,base.main_company,
account_analytic_account_1401073,1401073,1,Jinasena_MasterData_Accounting.account_analytic_plan_employee,base.main_company,
account_analytic_account_1401074,1401074,1,Jinasena_MasterData_Accounting.account_analytic_plan_employee,base.main_company,
account_analytic_account_1401078,1401078,1,Jinasena_MasterData_Accounting.account_analytic_plan_employee,base.main_company,
account_analytic_account_1401082,1401082,1,Jinasena_MasterData_Accounting.account_analytic_plan_employee,base.main_company,
account_analytic_account_1401084,1401084,1,Jinasena_MasterData_Accounting.account_analytic_plan_employee,base.main_company,
account_analytic_account_1401085,1401085,1,Jinasena_MasterData_Accounting.account_analytic_plan_employee,base.main_company,
account_analytic_account_1401086,1401086,1,Jinasena_MasterData_Accounting.account_analytic_plan_employee,base.main_company,
account_analytic_account_1401087,1401087,1,Jinasena_MasterData_Accounting.account_analytic_plan_employee,base.main_company,
account_analytic_account_1401093,1401093,1,Jinasena_MasterData_Accounting.account_analytic_plan_employee,base.main_company,
account_analytic_account_1401102,1401102,1,Jinasena_MasterData_Accounting.account_analytic_plan_employee,base.main_company,
account_analytic_account_1401103,1401103,1,Jinasena_MasterData_Accounting.account_analytic_plan_employee,base.main_company,
account_analytic_account_1401104,1401104,1,Jinasena_MasterData_Accounting.account_analytic_plan_employee,base.main_company,
account_analytic_account_1401106,1401106,1,Jinasena_MasterData_Accounting.account_analytic_plan_employee,base.main_company,
account_analytic_account_1401110,1401110,1,Jinasena_MasterData_Accounting.account_analytic_plan_employee,base.main_company,
account_analytic_account_1401111,1401111,1,Jinasena_MasterData_Accounting.account_analytic_plan_employee,base.main_company,
account_analytic_account_1401114,1401114,1,Jinasena_MasterData_Accounting.account_analytic_plan_employee,base.main_company,
account_analytic_account_1401116,1401116,1,Jinasena_MasterData_Accounting.account_analytic_plan_employee,base.main_company,
account_analytic_account_1401117,1401117,1,Jinasena_MasterData_Accounting.account_analytic_plan_employee,base.main_company,
account_analytic_account_1401118,1401118,1,Jinasena_MasterData_Accounting.account_analytic_plan_employee,base.main_company,
account_analytic_account_1401120,1401120,1,Jinasena_MasterData_Accounting.account_analytic_plan_employee,base.main_company,
account_analytic_account_1401124,1401124,1,Jinasena_MasterData_Accounting.account_analytic_plan_employee,base.main_company,
account_analytic_account_1401126,1401126,1,Jinasena_MasterData_Accounting.account_analytic_plan_employee,base.main_company,
account_analytic_account_1401127,1401127,1,Jinasena_MasterData_Accounting.account_analytic_plan_employee,base.main_company,
account_analytic_account_1401128,1401128,1,Jinasena_MasterData_Accounting.account_analytic_plan_employee,base.main_company,
account_analytic_account_1401129,1401129,1,Jinasena_MasterData_Accounting.account_analytic_plan_employee,base.main_company,
account_analytic_account_1401133,1401133,1,Jinasena_MasterData_Accounting.account_analytic_plan_employee,base.main_company,
account_analytic_account_1401134,1401134,1,Jinasena_MasterData_Accounting.account_analytic_plan_employee,base.main_company,
account_analytic_account_1401135,1401135,1,Jinasena_MasterData_Accounting.account_analytic_plan_employee,base.main_company,
account_analytic_account_1401136,1401136,1,Jinasena_MasterData_Accounting.account_analytic_plan_employee,base.main_company,
account_analytic_account_1401137,1401137,1,Jinasena_MasterData_Accounting.account_analytic_plan_employee,base.main_company,
account_analytic_account_1401138,1401138,1,Jinasena_MasterData_Accounting.account_analytic_plan_employee,base.main_company,
account_analytic_account_1401139,1401139,1,Jinasena_MasterData_Accounting.account_analytic_plan_employee,base.main_company,
account_analytic_account_1401140,1401140,1,Jinasena_MasterData_Accounting.account_analytic_plan_employee,base.main_company,
account_analytic_account_1401141,1401141,1,Jinasena_MasterData_Accounting.account_analytic_plan_employee,base.main_company,
account_analytic_account_1401145,1401145,1,Jinasena_MasterData_Accounting.account_analytic_plan_employee,base.main_company,
account_analytic_account_1401146,1401146,1,Jinasena_MasterData_Accounting.account_analytic_plan_employee,base.main_company,
account_analytic_account_1401147,1401147,1,Jinasena_MasterData_Accounting.account_analytic_plan_employee,base.main_company,
account_analytic_account_1401149,1401149,1,Jinasena_MasterData_Accounting.account_analytic_plan_employee,base.main_company,
account_analytic_account_1401152,1401152,1,Jinasena_MasterData_Accounting.account_analytic_plan_employee,base.main_company,
account_analytic_account_1401153,1401153,1,Jinasena_MasterData_Accounting.account_analytic_plan_employee,base.main_company,
account_analytic_account_1401155,1401155,1,Jinasena_MasterData_Accounting.account_analytic_plan_employee,base.main_company,
account_analytic_account_1401157,1401157,1,Jinasena_MasterData_Accounting.account_analytic_plan_employee,base.main_company,
account_analytic_account_1401158,1401158,1,Jinasena_MasterData_Accounting.account_analytic_plan_employee,base.main_company,
account_analytic_account_1401160,1401160,1,Jinasena_MasterData_Accounting.account_analytic_plan_employee,base.main_company,
account_analytic_account_1401161,1401161,1,Jinasena_MasterData_Accounting.account_analytic_plan_employee,base.main_company,
account_analytic_account_1401162,1401162,1,Jinasena_MasterData_Accounting.account_analytic_plan_employee,base.main_company,
account_analytic_account_1401163,1401163,1,Jinasena_MasterData_Accounting.account_analytic_plan_employee,base.main_company,
account_analytic_account_1401164,1401164,1,Jinasena_MasterData_Accounting.account_analytic_plan_employee,base.main_company,
account_analytic_account_1401165,1401165,1,Jinasena_MasterData_Accounting.account_analytic_plan_employee,base.main_company,
account_analytic_account_1401167,1401167,1,Jinasena_MasterData_Accounting.account_analytic_plan_employee,base.main_company,
account_analytic_account_1401168,1401168,1,Jinasena_MasterData_Accounting.account_analytic_plan_employee,base.main_company,
account_analytic_account_1401169,1401169,1,Jinasena_MasterData_Accounting.account_analytic_plan_employee,base.main_company,
account_analytic_account_1401172,1401172,1,Jinasena_MasterData_Accounting.account_analytic_plan_employee,base.main_company,
account_analytic_account_1401173,1401173,1,Jinasena_MasterData_Accounting.account_analytic_plan_employee,base.main_company,
account_analytic_account_1401174,1401174,1,Jinasena_MasterData_Accounting.account_analytic_plan_employee,base.main_company,
account_analytic_account_1401175,1401175,1,Jinasena_MasterData_Accounting.account_analytic_plan_employee,base.main_company,
account_analytic_account_1401176,1401176,1,Jinasena_MasterData_Accounting.account_analytic_plan_employee,base.main_company,
account_analytic_account_1401177,1401177,1,Jinasena_MasterData_Accounting.account_analytic_plan_employee,base.main_company,
account_analytic_account_1401178,1401178,1,Jinasena_MasterData_Accounting.account_analytic_plan_employee,base.main_company,
account_analytic_account_1401180,1401180,1,Jinasena_MasterData_Accounting.account_analytic_plan_employee,base.main_company,
account_analytic_account_1401181,1401181,1,Jinasena_MasterData_Accounting.account_analytic_plan_employee,base.main_company,
account_analytic_account_1401182,1401182,1,Jinasena_MasterData_Accounting.account_analytic_plan_employee,base.main_company,
account_analytic_account_1401183,1401183,1,Jinasena_MasterData_Accounting.account_analytic_plan_employee,base.main_company,
account_analytic_account_1401184,1401184,1,Jinasena_MasterData_Accounting.account_analytic_plan_employee,base.main_company,
account_analytic_account_1401185,1401185,1,Jinasena_MasterData_Accounting.account_analytic_plan_employee,base.main_company,
account_analytic_account_1401186,1401186,1,Jinasena_MasterData_Accounting.account_analytic_plan_employee,base.main_company,
account_analytic_account_1401188,1401188,1,Jinasena_MasterData_Accounting.account_analytic_plan_employee,base.main_company,
account_analytic_account_1401189,1401189,1,Jinasena_MasterData_Accounting.account_analytic_plan_employee,base.main_company,
account_analytic_account_1401190,1401190,1,Jinasena_MasterData_Accounting.account_analytic_plan_employee,base.main_company,
account_analytic_account_1401191,1401191,1,Jinasena_MasterData_Accounting.account_analytic_plan_employee,base.main_company,
account_analytic_account_1401193,1401193,1,Jinasena_MasterData_Accounting.account_analytic_plan_employee,base.main_company,
account_analytic_account_1401196,1401196,1,Jinasena_MasterData_Accounting.account_analytic_plan_employee,base.main_company,
account_analytic_account_1401197,1401197,1,Jinasena_MasterData_Accounting.account_analytic_plan_employee,base.main_company,
account_analytic_account_1401198,1401198,1,Jinasena_MasterData_Accounting.account_analytic_plan_employee,base.main_company,
account_analytic_account_1401199,1401199,1,Jinasena_MasterData_Accounting.account_analytic_plan_employee,base.main_company,
account_analytic_account_1401200,1401200,1,Jinasena_MasterData_Accounting.account_analytic_plan_employee,base.main_company,
account_analytic_account_1401201,1401201,1,Jinasena_MasterData_Accounting.account_analytic_plan_employee,base.main_company,
account_analytic_account_1401202,1401202,1,Jinasena_MasterData_Accounting.account_analytic_plan_employee,base.main_company,
account_analytic_account_1401203,1401203,1,Jinasena_MasterData_Accounting.account_analytic_plan_employee,base.main_company,
account_analytic_account_1401205,1401205,1,Jinasena_MasterData_Accounting.account_analytic_plan_employee,base.main_company,
account_analytic_account_1401206,1401206,1,Jinasena_MasterData_Accounting.account_analytic_plan_employee,base.main_company,
account_analytic_account_1401209,1401209,1,Jinasena_MasterData_Accounting.account_analytic_plan_employee,base.main_company,
account_analytic_account_1401211,1401211,1,Jinasena_MasterData_Accounting.account_analytic_plan_employee,base.main_company,
account_analytic_account_1401213,1401213,1,Jinasena_MasterData_Accounting.account_analytic_plan_employee,base.main_company,
account_analytic_account_1401215,1401215,1,Jinasena_MasterData_Accounting.account_analytic_plan_employee,base.main_company,
account_analytic_account_1401217,1401217,1,Jinasena_MasterData_Accounting.account_analytic_plan_employee,base.main_company,
account_analytic_account_1401218,1401218,1,Jinasena_MasterData_Accounting.account_analytic_plan_employee,base.main_company,
account_analytic_account_1401219,1401219,1,Jinasena_MasterData_Accounting.account_analytic_plan_employee,base.main_company,
account_analytic_account_1401220,1401220,1,Jinasena_MasterData_Accounting.account_analytic_plan_employee,base.main_company,
account_analytic_account_1401222,1401222,1,Jinasena_MasterData_Accounting.account_analytic_plan_employee,base.main_company,
account_analytic_account_1401223,1401223,1,Jinasena_MasterData_Accounting.account_analytic_plan_employee,base.main_company,
account_analytic_account_1401224,1401224,1,Jinasena_MasterData_Accounting.account_analytic_plan_employee,base.main_company,
account_analytic_account_1401225,1401225,1,Jinasena_MasterData_Accounting.account_analytic_plan_employee,base.main_company,
account_analytic_account_1401226,1401226,1,Jinasena_MasterData_Accounting.account_analytic_plan_employee,base.main_company,
account_analytic_account_1401227,1401227,1,Jinasena_MasterData_Accounting.account_analytic_plan_employee,base.main_company,
account_analytic_account_1401228,1401228,1,Jinasena_MasterData_Accounting.account_analytic_plan_employee,base.main_company,
account_analytic_account_1401229,1401229,1,Jinasena_MasterData_Accounting.account_analytic_plan_employee,base.main_company,
account_analytic_account_1401230,1401230,1,Jinasena_MasterData_Accounting.account_analytic_plan_employee,base.main_company,
account_analytic_account_1401231,1401231,1,Jinasena_MasterData_Accounting.account_analytic_plan_employee,base.main_company,
account_analytic_account_1401233,1401233,1,Jinasena_MasterData_Accounting.account_analytic_plan_employee,base.main_company,
account_analytic_account_1401234,1401234,1,Jinasena_MasterData_Accounting.account_analytic_plan_employee,base.main_company,
account_analytic_account_1401236,1401236,1,Jinasena_MasterData_Accounting.account_analytic_plan_employee,base.main_company,
account_analytic_account_1401240,1401240,1,Jinasena_MasterData_Accounting.account_analytic_plan_employee,base.main_company,
account_analytic_account_1401241,1401241,1,Jinasena_MasterData_Accounting.account_analytic_plan_employee,base.main_company,
account_analytic_account_1401242,1401242,1,Jinasena_MasterData_Accounting.account_analytic_plan_employee,base.main_company,
account_analytic_account_1401243,1401243,1,Jinasena_MasterData_Accounting.account_analytic_plan_employee,base.main_company,
account_analytic_account_1401244,1401244,1,Jinasena_MasterData_Accounting.account_analytic_plan_employee,base.main_company,
account_analytic_account_1401245,1401245,1,Jinasena_MasterData_Accounting.account_analytic_plan_employee,base.main_company,
account_analytic_account_1401246,1401246,1,Jinasena_MasterData_Accounting.account_analytic_plan_employee,base.main_company,
account_analytic_account_1401247,1401247,1,Jinasena_MasterData_Accounting.account_analytic_plan_employee,base.main_company,
account_analytic_account_1401248,1401248,1,Jinasena_MasterData_Accounting.account_analytic_plan_employee,base.main_company,
account_analytic_account_1401249,1401249,1,Jinasena_MasterData_Accounting.account_analytic_plan_employee,base.main_company,
account_analytic_account_1401250,1401250,1,Jinasena_MasterData_Accounting.account_analytic_plan_employee,base.main_company,
account_analytic_account_1401251,1401251,1,Jinasena_MasterData_Accounting.account_analytic_plan_employee,base.main_company,
account_analytic_account_1401252,1401252,1,Jinasena_MasterData_Accounting.account_analytic_plan_employee,base.main_company,
account_analytic_account_1401254,1401254,1,Jinasena_MasterData_Accounting.account_analytic_plan_employee,base.main_company,
account_analytic_account_1401255,1401255,1,Jinasena_MasterData_Accounting.account_analytic_plan_employee,base.main_company,
account_analytic_account_1401256,1401256,1,Jinasena_MasterData_Accounting.account_analytic_plan_employee,base.main_company,
account_analytic_account_1401257,1401257,1,Jinasena_MasterData_Accounting.account_analytic_plan_employee,base.main_company,
account_analytic_account_1401258,1401258,1,Jinasena_MasterData_Accounting.account_analytic_plan_employee,base.main_company,
account_analytic_account_1401260,1401260,1,Jinasena_MasterData_Accounting.account_analytic_plan_employee,base.main_company,
account_analytic_account_1401261,1401261,1,Jinasena_MasterData_Accounting.account_analytic_plan_employee,base.main_company,
account_analytic_account_1401264,1401264,1,Jinasena_MasterData_Accounting.account_analytic_plan_employee,base.main_company,
account_analytic_account_1401265,1401265,1,Jinasena_MasterData_Accounting.account_analytic_plan_employee,base.main_company,
account_analytic_account_1401267,1401267,1,Jinasena_MasterData_Accounting.account_analytic_plan_employee,base.main_company,
account_analytic_account_1401269,1401269,1,Jinasena_MasterData_Accounting.account_analytic_plan_employee,base.main_company,
account_analytic_account_1401271,1401271,1,Jinasena_MasterData_Accounting.account_analytic_plan_employee,base.main_company,
account_analytic_account_1401272,1401272,1,Jinasena_MasterData_Accounting.account_analytic_plan_employee,base.main_company,
account_analytic_account_1401273,1401273,1,Jinasena_MasterData_Accounting.account_analytic_plan_employee,base.main_company,
account_analytic_account_1401275,1401275,1,Jinasena_MasterData_Accounting.account_analytic_plan_employee,base.main_company,
account_analytic_account_1401278,1401278,1,Jinasena_MasterData_Accounting.account_analytic_plan_employee,base.main_company,
account_analytic_account_1401282,1401282,1,Jinasena_MasterData_Accounting.account_analytic_plan_employee,base.main_company,
account_analytic_account_1401284,1401284,1,Jinasena_MasterData_Accounting.account_analytic_plan_employee,base.main_company,
account_analytic_account_1401286,1401286,1,Jinasena_MasterData_Accounting.account_analytic_plan_employee,base.main_company,
account_analytic_account_1401288,1401288,1,Jinasena_MasterData_Accounting.account_analytic_plan_employee,base.main_company,
account_analytic_account_1401289,1401289,1,Jinasena_MasterData_Accounting.account_analytic_plan_employee,base.main_company,
account_analytic_account_1401302,1401302,1,Jinasena_MasterData_Accounting.account_analytic_plan_employee,base.main_company,
account_analytic_account_1401306,1401306,1,Jinasena_MasterData_Accounting.account_analytic_plan_employee,base.main_company,
account_analytic_account_1401311,1401311,1,Jinasena_MasterData_Accounting.account_analytic_plan_employee,base.main_company,
account_analytic_account_1401312,1401312,1,Jinasena_MasterData_Accounting.account_analytic_plan_employee,base.main_company,
account_analytic_account_1401314,1401314,1,Jinasena_MasterData_Accounting.account_analytic_plan_employee,base.main_company,
account_analytic_account_1401324,1401324,1,Jinasena_MasterData_Accounting.account_analytic_plan_employee,base.main_company,
account_analytic_account_1401330,1401330,1,Jinasena_MasterData_Accounting.account_analytic_plan_employee,base.main_company,
account_analytic_account_1401331,1401331,1,Jinasena_MasterData_Accounting.account_analytic_plan_employee,base.main_company,
account_analytic_account_1401333,1401333,1,Jinasena_MasterData_Accounting.account_analytic_plan_employee,base.main_company,
account_analytic_account_1401334,1401334,1,Jinasena_MasterData_Accounting.account_analytic_plan_employee,base.main_company,
account_analytic_account_1401337,1401337,1,Jinasena_MasterData_Accounting.account_analytic_plan_employee,base.main_company,
account_analytic_account_1401338,1401338,1,Jinasena_MasterData_Accounting.account_analytic_plan_employee,base.main_company,
account_analytic_account_1401339,1401339,1,Jinasena_MasterData_Accounting.account_analytic_plan_employee,base.main_company,
account_analytic_account_1401343,1401343,1,Jinasena_MasterData_Accounting.account_analytic_plan_employee,base.main_company,
account_analytic_account_1401348,1401348,1,Jinasena_MasterData_Accounting.account_analytic_plan_employee,base.main_company,
account_analytic_account_1401349,1401349,1,Jinasena_MasterData_Accounting.account_analytic_plan_employee,base.main_company,
account_analytic_account_1401358,1401358,1,Jinasena_MasterData_Accounting.account_analytic_plan_employee,base.main_company,
account_analytic_account_1401362,1401362,1,Jinasena_MasterData_Accounting.account_analytic_plan_employee,base.main_company,
account_analytic_account_1401373,1401373,1,Jinasena_MasterData_Accounting.account_analytic_plan_employee,base.main_company,
account_analytic_account_1401384,1401384,1,Jinasena_MasterData_Accounting.account_analytic_plan_employee,base.main_company,
account_analytic_account_1401392,1401392,1,Jinasena_MasterData_Accounting.account_analytic_plan_employee,base.main_company,
account_analytic_account_1401393,1401393,1,Jinasena_MasterData_Accounting.account_analytic_plan_employee,base.main_company,
account_analytic_account_1401397,1401397,1,Jinasena_MasterData_Accounting.account_analytic_plan_employee,base.main_company,
account_analytic_account_1401398,1401398,1,Jinasena_MasterData_Accounting.account_analytic_plan_employee,base.main_company,
account_analytic_account_1401399,1401399,1,Jinasena_MasterData_Accounting.account_analytic_plan_employee,base.main_company,
account_analytic_account_1401400,1401400,1,Jinasena_MasterData_Accounting.account_analytic_plan_employee,base.main_company,
account_analytic_account_1401402,1401402,1,Jinasena_MasterData_Accounting.account_analytic_plan_employee,base.main_company,
account_analytic_account_1401405,1401405,1,Jinasena_MasterData_Accounting.account_analytic_plan_employee,base.main_company,
account_analytic_account_1401406,1401406,1,Jinasena_MasterData_Accounting.account_analytic_plan_employee,base.main_company,
account_analytic_account_1401407,1401407,1,Jinasena_MasterData_Accounting.account_analytic_plan_employee,base.main_company,
account_analytic_account_1401409,1401409,1,Jinasena_MasterData_Accounting.account_analytic_plan_employee,base.main_company,
account_analytic_account_1401410,1401410,1,Jinasena_MasterData_Accounting.account_analytic_plan_employee,base.main_company,
account_analytic_account_1401411,1401411,1,Jinasena_MasterData_Accounting.account_analytic_plan_employee,base.main_company,
account_analytic_account_1401412,1401412,1,Jinasena_MasterData_Accounting.account_analytic_plan_employee,base.main_company,
account_analytic_account_1401413,1401413,1,Jinasena_MasterData_Accounting.account_analytic_plan_employee,base.main_company,
account_analytic_account_1401414,1401414,1,Jinasena_MasterData_Accounting.account_analytic_plan_employee,base.main_company,
account_analytic_account_1401415,1401415,1,Jinasena_MasterData_Accounting.account_analytic_plan_employee,base.main_company,
account_analytic_account_1401417,1401417,1,Jinasena_MasterData_Accounting.account_analytic_plan_employee,base.main_company,
account_analytic_account_1401418,1401418,1,Jinasena_MasterData_Accounting.account_analytic_plan_employee,base.main_company,
account_analytic_account_1401419,1401419,1,Jinasena_MasterData_Accounting.account_analytic_plan_employee,base.main_company,
account_analytic_account_1401420,1401420,1,Jinasena_MasterData_Accounting.account_analytic_plan_employee,base.main_company,
account_analytic_account_1401425,1401425,1,Jinasena_MasterData_Accounting.account_analytic_plan_employee,base.main_company,
account_analytic_account_1401426,1401426,1,Jinasena_MasterData_Accounting.account_analytic_plan_employee,base.main_company,
account_analytic_account_1401429,1401429,1,Jinasena_MasterData_Accounting.account_analytic_plan_employee,base.main_company,
account_analytic_account_1401430,1401430,1,Jinasena_MasterData_Accounting.account_analytic_plan_employee,base.main_company,
account_analytic_account_1401432,1401432,1,Jinasena_MasterData_Accounting.account_analytic_plan_employee,base.main_company,
account_analytic_account_1401434,1401434,1,Jinasena_MasterData_Accounting.account_analytic_plan_employee,base.main_company,
account_analytic_account_1401435,1401435,1,Jinasena_MasterData_Accounting.account_analytic_plan_employee,base.main_company,
account_analytic_account_1401438,1401438,1,Jinasena_MasterData_Accounting.account_analytic_plan_employee,base.main_company,
account_analytic_account_140213,140213,1,Jinasena_MasterData_Accounting.account_analytic_plan_employee,base.main_company,
account_analytic_account_140263,140263,1,Jinasena_MasterData_Accounting.account_analytic_plan_employee,base.main_company,
account_analytic_account_1420001,1420001,1,Jinasena_MasterData_Accounting.account_analytic_plan_employee,base.main_company,
account_analytic_account_1420002,1420002,1,Jinasena_MasterData_Accounting.account_analytic_plan_employee,base.main_company,
account_analytic_account_1420003,1420003,1,Jinasena_MasterData_Accounting.account_analytic_plan_employee,base.main_company,
account_analytic_account_1420004,1420004,1,Jinasena_MasterData_Accounting.account_analytic_plan_employee,base.main_company,
account_analytic_account_1420005,1420005,1,Jinasena_MasterData_Accounting.account_analytic_plan_employee,base.main_company,
account_analytic_account_1420006,1420006,1,Jinasena_MasterData_Accounting.account_analytic_plan_employee,base.main_company,
account_analytic_account_1420007,1420007,1,Jinasena_MasterData_Accounting.account_analytic_plan_employee,base.main_company,
account_analytic_account_1420008,1420008,1,Jinasena_MasterData_Accounting.account_analytic_plan_employee,base.main_company,
account_analytic_account_1420009,1420009,1,Jinasena_MasterData_Accounting.account_analytic_plan_employee,base.main_company,
account_analytic_account_1420010,1420010,1,Jinasena_MasterData_Accounting.account_analytic_plan_employee,base.main_company,
account_analytic_account_1420011,1420011,1,Jinasena_MasterData_Accounting.account_analytic_plan_employee,base.main_company,
account_analytic_account_1420012,1420012,1,Jinasena_MasterData_Accounting.account_analytic_plan_employee,base.main_company,
account_analytic_account_1420013,1420013,1,Jinasena_MasterData_Accounting.account_analytic_plan_employee,base.main_company,
account_analytic_account_1420014,1420014,1,Jinasena_MasterData_Accounting.account_analytic_plan_employee,base.main_company,
account_analytic_account_1420016,1420016,1,Jinasena_MasterData_Accounting.account_analytic_plan_employee,base.main_company,
account_analytic_account_1420020,1420020,1,Jinasena_MasterData_Accounting.account_analytic_plan_employee,base.main_company,
account_analytic_account_1420021,1420021,1,Jinasena_MasterData_Accounting.account_analytic_plan_employee,base.main_company,
account_analytic_account_1420022,1420022,1,Jinasena_MasterData_Accounting.account_analytic_plan_employee,base.main_company,
account_analytic_account_1420023,1420023,1,Jinasena_MasterData_Accounting.account_analytic_plan_employee,base.main_company,
account_analytic_account_1420025,1420025,1,Jinasena_MasterData_Accounting.account_analytic_plan_employee,base.main_company,
account_analytic_account_1420026,1420026,1,Jinasena_MasterData_Accounting.account_analytic_plan_employee,base.main_company,
account_analytic_account_1420027,1420027,1,Jinasena_MasterData_Accounting.account_analytic_plan_employee,base.main_company,
account_analytic_account_1420028,1420028,1,Jinasena_MasterData_Accounting.account_analytic_plan_employee,base.main_company,
account_analytic_account_1420029,1420029,1,Jinasena_MasterData_Accounting.account_analytic_plan_employee,base.main_company,
account_analytic_account_1420030,1420030,1,Jinasena_MasterData_Accounting.account_analytic_plan_employee,base.main_company,
account_analytic_account_1420031,1420031,1,Jinasena_MasterData_Accounting.account_analytic_plan_employee,base.main_company,
account_analytic_account_1420032,1420032,1,Jinasena_MasterData_Accounting.account_analytic_plan_employee,base.main_company,
account_analytic_account_1420033,1420033,1,Jinasena_MasterData_Accounting.account_analytic_plan_employee,base.main_company,
account_analytic_account_1420034,1420034,1,Jinasena_MasterData_Accounting.account_analytic_plan_employee,base.main_company,
account_analytic_account_1420035,1420035,1,Jinasena_MasterData_Accounting.account_analytic_plan_employee,base.main_company,
account_analytic_account_1420036,1420036,1,Jinasena_MasterData_Accounting.account_analytic_plan_employee,base.main_company,
account_analytic_account_1420038,1420038,1,Jinasena_MasterData_Accounting.account_analytic_plan_employee,base.main_company,
account_analytic_account_1420039,1420039,1,Jinasena_MasterData_Accounting.account_analytic_plan_employee,base.main_company,
account_analytic_account_1420040,1420040,1,Jinasena_MasterData_Accounting.account_analytic_plan_employee,base.main_company,
account_analytic_account_1420041,1420041,1,Jinasena_MasterData_Accounting.account_analytic_plan_employee,base.main_company,
account_analytic_account_1420042,1420042,1,Jinasena_MasterData_Accounting.account_analytic_plan_employee,base.main_company,
account_analytic_account_1420043,1420043,1,Jinasena_MasterData_Accounting.account_analytic_plan_employee,base.main_company,
account_analytic_account_1420044,1420044,1,Jinasena_MasterData_Accounting.account_analytic_plan_employee,base.main_company,
account_analytic_account_1420045,1420045,1,Jinasena_MasterData_Accounting.account_analytic_plan_employee,base.main_company,
account_analytic_account_1420046,1420046,1,Jinasena_MasterData_Accounting.account_analytic_plan_employee,base.main_company,
account_analytic_account_1420047,1420047,1,Jinasena_MasterData_Accounting.account_analytic_plan_employee,base.main_company,
account_analytic_account_1420048,1420048,1,Jinasena_MasterData_Accounting.account_analytic_plan_employee,base.main_company,
account_analytic_account_1420049,1420049,1,Jinasena_MasterData_Accounting.account_analytic_plan_employee,base.main_company,
account_analytic_account_1420050,1420050,1,Jinasena_MasterData_Accounting.account_analytic_plan_employee,base.main_company,
account_analytic_account_1420052,1420052,1,Jinasena_MasterData_Accounting.account_analytic_plan_employee,base.main_company,
account_analytic_account_1420054,1420054,1,Jinasena_MasterData_Accounting.account_analytic_plan_employee,base.main_company,
account_analytic_account_1420057,1420057,1,Jinasena_MasterData_Accounting.account_analytic_plan_employee,base.main_company,
account_analytic_account_1420061,1420061,1,Jinasena_MasterData_Accounting.account_analytic_plan_employee,base.main_company,
account_analytic_account_1420064,1420064,1,Jinasena_MasterData_Accounting.account_analytic_plan_employee,base.main_company,
account_analytic_account_1420066,1420066,1,Jinasena_MasterData_Accounting.account_analytic_plan_employee,base.main_company,
account_analytic_account_1420067,1420067,1,Jinasena_MasterData_Accounting.account_analytic_plan_employee,base.main_company,
account_analytic_account_1420068,1420068,1,Jinasena_MasterData_Accounting.account_analytic_plan_employee,base.main_company,
account_analytic_account_1420074,1420074,1,Jinasena_MasterData_Accounting.account_analytic_plan_employee,base.main_company,
account_analytic_account_1420075,1420075,1,Jinasena_MasterData_Accounting.account_analytic_plan_employee,base.main_company,
account_analytic_account_1420076,1420076,1,Jinasena_MasterData_Accounting.account_analytic_plan_employee,base.main_company,
account_analytic_account_1420079,1420079,1,Jinasena_MasterData_Accounting.account_analytic_plan_employee,base.main_company,
account_analytic_account_1420082,1420082,1,Jinasena_MasterData_Accounting.account_analytic_plan_employee,base.main_company,
account_analytic_account_1420085,1420085,1,Jinasena_MasterData_Accounting.account_analytic_plan_employee,base.main_company,
account_analytic_account_1420094,1420094,1,Jinasena_MasterData_Accounting.account_analytic_plan_employee,base.main_company,
account_analytic_account_1420100,1420100,1,Jinasena_MasterData_Accounting.account_analytic_plan_employee,base.main_company,
account_analytic_account_1420101,1420101,1,Jinasena_MasterData_Accounting.account_analytic_plan_employee,base.main_company,
account_analytic_account_1420103,1420103,1,Jinasena_MasterData_Accounting.account_analytic_plan_employee,base.main_company,
account_analytic_account_1420106,1420106,1,Jinasena_MasterData_Accounting.account_analytic_plan_employee,base.main_company,
account_analytic_account_1420107,1420107,1,Jinasena_MasterData_Accounting.account_analytic_plan_employee,base.main_company,
account_analytic_account_1420113,1420113,1,Jinasena_MasterData_Accounting.account_analytic_plan_employee,base.main_company,
account_analytic_account_1420114,1420114,1,Jinasena_MasterData_Accounting.account_analytic_plan_employee,base.main_company,
account_analytic_account_1420132,1420132,1,Jinasena_MasterData_Accounting.account_analytic_plan_employee,base.main_company,
account_analytic_account_1420188,1420188,1,Jinasena_MasterData_Accounting.account_analytic_plan_employee,base.main_company,
account_analytic_account_1420252,1420252,1,Jinasena_MasterData_Accounting.account_analytic_plan_employee,base.main_company,
account_analytic_account_1420263,1420263,1,Jinasena_MasterData_Accounting.account_analytic_plan_employee,base.main_company,
account_analytic_account_1420401,1420401,1,Jinasena_MasterData_Accounting.account_analytic_plan_employee,base.main_company,
account_analytic_account_1420470,1420470,1,Jinasena_MasterData_Accounting.account_analytic_plan_employee,base.main_company,
account_analytic_account_1420663,1420663,1,Jinasena_MasterData_Accounting.account_analytic_plan_employee,base.main_company,
account_analytic_account_1420718,1420718,1,Jinasena_MasterData_Accounting.account_analytic_plan_employee,base.main_company,
account_analytic_account_1420730,1420730,1,Jinasena_MasterData_Accounting.account_analytic_plan_employee,base.main_company,
account_analytic_account_1420787,1420787,1,Jinasena_MasterData_Accounting.account_analytic_plan_employee,base.main_company,
account_analytic_account_1420789,1420789,1,Jinasena_MasterData_Accounting.account_analytic_plan_employee,base.main_company,
account_analytic_account_1420800,1420800,1,Jinasena_MasterData_Accounting.account_analytic_plan_employee,base.main_company,
account_analytic_account_1421068,1421068,1,Jinasena_MasterData_Accounting.account_analytic_plan_employee,base.main_company,
account_analytic_account_1430006,1430006,1,Jinasena_MasterData_Accounting.account_analytic_plan_employee,base.main_company,
account_analytic_account_1430014,1430014,1,Jinasena_MasterData_Accounting.account_analytic_plan_employee,base.main_company,
account_analytic_account_1430018,1430018,1,Jinasena_MasterData_Accounting.account_analytic_plan_employee,base.main_company,
account_analytic_account_1430020,1430020,1,Jinasena_MasterData_Accounting.account_analytic_plan_employee,base.main_company,
account_analytic_account_1430021,1430021,1,Jinasena_MasterData_Accounting.account_analytic_plan_employee,base.main_company,
account_analytic_account_1430026,1430026,1,Jinasena_MasterData_Accounting.account_analytic_plan_employee,base.main_company,
account_analytic_account_1430038,1430038,1,Jinasena_MasterData_Accounting.account_analytic_plan_employee,base.main_company,
account_analytic_account_1430042,1430042,1,Jinasena_MasterData_Accounting.account_analytic_plan_employee,base.main_company,
account_analytic_account_1430077,1430077,1,Jinasena_MasterData_Accounting.account_analytic_plan_employee,base.main_company,
account_analytic_account_1430090,1430090,1,Jinasena_MasterData_Accounting.account_analytic_plan_employee,base.main_company,
account_analytic_account_1430100,1430100,1,Jinasena_MasterData_Accounting.account_analytic_plan_employee,base.main_company,
account_analytic_account_1430141,1430141,1,Jinasena_MasterData_Accounting.account_analytic_plan_employee,base.main_company,
account_analytic_account_1430146,1430146,1,Jinasena_MasterData_Accounting.account_analytic_plan_employee,base.main_company,
account_analytic_account_1430154,1430154,1,Jinasena_MasterData_Accounting.account_analytic_plan_employee,base.main_company,
account_analytic_account_1430164,1430164,1,Jinasena_MasterData_Accounting.account_analytic_plan_employee,base.main_company,
account_analytic_account_1430169,1430169,1,Jinasena_MasterData_Accounting.account_analytic_plan_employee,base.main_company,
account_analytic_account_1430173,1430173,1,Jinasena_MasterData_Accounting.account_analytic_plan_employee,base.main_company,
account_analytic_account_1430175,1430175,1,Jinasena_MasterData_Accounting.account_analytic_plan_employee,base.main_company,
account_analytic_account_1430196,1430196,1,Jinasena_MasterData_Accounting.account_analytic_plan_employee,base.main_company,
account_analytic_account_1430222,1430222,1,Jinasena_MasterData_Accounting.account_analytic_plan_employee,base.main_company,
account_analytic_account_1430224,1430224,1,Jinasena_MasterData_Accounting.account_analytic_plan_employee,base.main_company,
account_analytic_account_1430233,1430233,1,Jinasena_MasterData_Accounting.account_analytic_plan_employee,base.main_company,
account_analytic_account_1430244,1430244,1,Jinasena_MasterData_Accounting.account_analytic_plan_employee,base.main_company,
account_analytic_account_1430263,1430263,1,Jinasena_MasterData_Accounting.account_analytic_plan_employee,base.main_company,
account_analytic_account_1430289,1430289,1,Jinasena_MasterData_Accounting.account_analytic_plan_employee,base.main_company,
account_analytic_account_1430319,1430319,1,Jinasena_MasterData_Accounting.account_analytic_plan_employee,base.main_company,
account_analytic_account_1430324,1430324,1,Jinasena_MasterData_Accounting.account_analytic_plan_employee,base.main_company,
account_analytic_account_1430329,1430329,1,Jinasena_MasterData_Accounting.account_analytic_plan_employee,base.main_company,
account_analytic_account_1430342,1430342,1,Jinasena_MasterData_Accounting.account_analytic_plan_employee,base.main_company,
account_analytic_account_1430356,1430356,1,Jinasena_MasterData_Accounting.account_analytic_plan_employee,base.main_company,
account_analytic_account_1430364,1430364,1,Jinasena_MasterData_Accounting.account_analytic_plan_employee,base.main_company,
account_analytic_account_1430396,1430396,1,Jinasena_MasterData_Accounting.account_analytic_plan_employee,base.main_company,
account_analytic_account_1430428,1430428,1,Jinasena_MasterData_Accounting.account_analytic_plan_employee,base.main_company,
account_analytic_account_1430439,1430439,1,Jinasena_MasterData_Accounting.account_analytic_plan_employee,base.main_company,
account_analytic_account_1430442,1430442,1,Jinasena_MasterData_Accounting.account_analytic_plan_employee,base.main_company,
account_analytic_account_1430447,1430447,1,Jinasena_MasterData_Accounting.account_analytic_plan_employee,base.main_company,
account_analytic_account_1430465,1430465,1,Jinasena_MasterData_Accounting.account_analytic_plan_employee,base.main_company,
account_analytic_account_1430466,1430466,1,Jinasena_MasterData_Accounting.account_analytic_plan_employee,base.main_company,
account_analytic_account_1430482,1430482,1,Jinasena_MasterData_Accounting.account_analytic_plan_employee,base.main_company,
account_analytic_account_1430489,1430489,1,Jinasena_MasterData_Accounting.account_analytic_plan_employee,base.main_company,
account_analytic_account_1430525,1430525,1,Jinasena_MasterData_Accounting.account_analytic_plan_employee,base.main_company,
account_analytic_account_1430563,1430563,1,Jinasena_MasterData_Accounting.account_analytic_plan_employee,base.main_company,
account_analytic_account_1430568,1430568,1,Jinasena_MasterData_Accounting.account_analytic_plan_employee,base.main_company,
account_analytic_account_1430570,1430570,1,Jinasena_MasterData_Accounting.account_analytic_plan_employee,base.main_company,
account_analytic_account_1430595,1430595,1,Jinasena_MasterData_Accounting.account_analytic_plan_employee,base.main_company,
account_analytic_account_1430629,1430629,1,Jinasena_MasterData_Accounting.account_analytic_plan_employee,base.main_company,
account_analytic_account_1430642,1430642,1,Jinasena_MasterData_Accounting.account_analytic_plan_employee,base.main_company,
account_analytic_account_1430703,1430703,1,Jinasena_MasterData_Accounting.account_analytic_plan_employee,base.main_company,
account_analytic_account_1430731,1430731,1,Jinasena_MasterData_Accounting.account_analytic_plan_employee,base.main_company,
account_analytic_account_1430734,1430734,1,Jinasena_MasterData_Accounting.account_analytic_plan_employee,base.main_company,
account_analytic_account_1430811,1430811,1,Jinasena_MasterData_Accounting.account_analytic_plan_employee,base.main_company,
account_analytic_account_1430815,1430815,1,Jinasena_MasterData_Accounting.account_analytic_plan_employee,base.main_company,
account_analytic_account_1430822,1430822,1,Jinasena_MasterData_Accounting.account_analytic_plan_employee,base.main_company,
account_analytic_account_1430850,1430850,1,Jinasena_MasterData_Accounting.account_analytic_plan_employee,base.main_company,
account_analytic_account_1430851,1430851,1,Jinasena_MasterData_Accounting.account_analytic_plan_employee,base.main_company,
account_analytic_account_1430854,1430854,1,Jinasena_MasterData_Accounting.account_analytic_plan_employee,base.main_company,
account_analytic_account_1430858,1430858,1,Jinasena_MasterData_Accounting.account_analytic_plan_employee,base.main_company,
account_analytic_account_1430878,1430878,1,Jinasena_MasterData_Accounting.account_analytic_plan_employee,base.main_company,
account_analytic_account_1430879,1430879,1,Jinasena_MasterData_Accounting.account_analytic_plan_employee,base.main_company,
account_analytic_account_1430882,1430882,1,Jinasena_MasterData_Accounting.account_analytic_plan_employee,base.main_company,
account_analytic_account_1430883,1430883,1,Jinasena_MasterData_Accounting.account_analytic_plan_employee,base.main_company,
account_analytic_account_1430885,1430885,1,Jinasena_MasterData_Accounting.account_analytic_plan_employee,base.main_company,
account_analytic_account_1430886,1430886,1,Jinasena_MasterData_Accounting.account_analytic_plan_employee,base.main_company,
account_analytic_account_1430887,1430887,1,Jinasena_MasterData_Accounting.account_analytic_plan_employee,base.main_company,
account_analytic_account_1430888,1430888,1,Jinasena_MasterData_Accounting.account_analytic_plan_employee,base.main_company,
account_analytic_account_1430889,1430889,1,Jinasena_MasterData_Accounting.account_analytic_plan_employee,base.main_company,
account_analytic_account_1430892,1430892,1,Jinasena_MasterData_Accounting.account_analytic_plan_employee,base.main_company,
account_analytic_account_1430893,1430893,1,Jinasena_MasterData_Accounting.account_analytic_plan_employee,base.main_company,
account_analytic_account_1430894,1430894,1,Jinasena_MasterData_Accounting.account_analytic_plan_employee,base.main_company,
account_analytic_account_1430896,1430896,1,Jinasena_MasterData_Accounting.account_analytic_plan_employee,base.main_company,
account_analytic_account_1431298,1431298,1,Jinasena_MasterData_Accounting.account_analytic_plan_employee,base.main_company,
account_analytic_account_1431312,1431312,1,Jinasena_MasterData_Accounting.account_analytic_plan_employee,base.main_company,
account_analytic_account_1431313,1431313,1,Jinasena_MasterData_Accounting.account_analytic_plan_employee,base.main_company,
account_analytic_account_1431314,1431314,1,Jinasena_MasterData_Accounting.account_analytic_plan_employee,base.main_company,
account_analytic_account_1431317,1431317,1,Jinasena_MasterData_Accounting.account_analytic_plan_employee,base.main_company,
account_analytic_account_1431318,1431318,1,Jinasena_MasterData_Accounting.account_analytic_plan_employee,base.main_company,
account_analytic_account_1431319,1431319,1,Jinasena_MasterData_Accounting.account_analytic_plan_employee,base.main_company,
account_analytic_account_1431321,1431321,1,Jinasena_MasterData_Accounting.account_analytic_plan_employee,base.main_company,
account_analytic_account_143447,143447,1,Jinasena_MasterData_Accounting.account_analytic_plan_employee,base.main_company,
account_analytic_account_1500001,1500001,1,Jinasena_MasterData_Accounting.account_analytic_plan_employee,base.main_company,
account_analytic_account_20090,20090,1,Jinasena_MasterData_Accounting.account_analytic_plan_employee,base.main_company,
account_analytic_account_202,202,1,Jinasena_MasterData_Accounting.account_analytic_plan_employee,base.main_company,
account_analytic_account_2100523,2100523,1,Jinasena_MasterData_Accounting.account_analytic_plan_employee,base.main_company,
account_analytic_account_2110002,2110002,1,Jinasena_MasterData_Accounting.account_analytic_plan_employee,base.main_company,
account_analytic_account_2200327,2200327,1,Jinasena_MasterData_Accounting.account_analytic_plan_employee,base.main_company,
account_analytic_account_2200425,2200425,1,Jinasena_MasterData_Accounting.account_analytic_plan_employee,base.main_company,
account_analytic_account_2200465,2200465,1,Jinasena_MasterData_Accounting.account_analytic_plan_employee,base.main_company,
account_analytic_account_2200510,2200510,1,Jinasena_MasterData_Accounting.account_analytic_plan_employee,base.main_company,
account_analytic_account_2300511,2300511,1,Jinasena_MasterData_Accounting.account_analytic_plan_employee,base.main_company,
account_analytic_account_2300515,2300515,1,Jinasena_MasterData_Accounting.account_analytic_plan_employee,base.main_company,
account_analytic_account_2300544,2300544,1,Jinasena_MasterData_Accounting.account_analytic_plan_employee,base.main_company,
account_analytic_account_2300550,2300550,1,Jinasena_MasterData_Accounting.account_analytic_plan_employee,base.main_company,
account_analytic_account_2300551,2300551,1,Jinasena_MasterData_Accounting.account_analytic_plan_employee,base.main_company,
account_analytic_account_2310010,2310010,1,Jinasena_MasterData_Accounting.account_analytic_plan_employee,base.main_company,
account_analytic_account_4100103,4100103,1,Jinasena_MasterData_Accounting.account_analytic_plan_employee,base.main_company,
account_analytic_account_4200010,4200010,1,Jinasena_MasterData_Accounting.account_analytic_plan_employee,base.main_company,
account_analytic_account_4200010d,4200010D,1,Jinasena_MasterData_Accounting.account_analytic_plan_employee,base.main_company,
account_analytic_account_4200014,4200014,1,Jinasena_MasterData_Accounting.account_analytic_plan_employee,base.main_company,
account_analytic_account_4200016,4200016,1,Jinasena_MasterData_Accounting.account_analytic_plan_employee,base.main_company,
account_analytic_account_4200019,4200019,1,Jinasena_MasterData_Accounting.account_analytic_plan_employee,base.main_company,
account_analytic_account_4200020,4200020,1,Jinasena_MasterData_Accounting.account_analytic_plan_employee,base.main_company,
account_analytic_account_4200021,4200021,1,Jinasena_MasterData_Accounting.account_analytic_plan_employee,base.main_company,
account_analytic_account_4200102,4200102,1,Jinasena_MasterData_Accounting.account_analytic_plan_employee,base.main_company,
account_analytic_account_4300002,4300002,1,Jinasena_MasterData_Accounting.account_analytic_plan_employee,base.main_company,
account_analytic_account_4300011,4300011,1,Jinasena_MasterData_Accounting.account_analytic_plan_employee,base.main_company,
account_analytic_account_4300017,4300017,1,Jinasena_MasterData_Accounting.account_analytic_plan_employee,base.main_company,
account_analytic_account_4300023,4300023,1,Jinasena_MasterData_Accounting.account_analytic_plan_employee,base.main_company,
account_analytic_account_4300027,4300027,1,Jinasena_MasterData_Accounting.account_analytic_plan_employee,base.main_company,
account_analytic_account_4300040,4300040,1,Jinasena_MasterData_Accounting.account_analytic_plan_employee,base.main_company,
account_analytic_account_4300042,4300042,1,Jinasena_MasterData_Accounting.account_analytic_plan_employee,base.main_company,
account_analytic_account_4300045,4300045,1,Jinasena_MasterData_Accounting.account_analytic_plan_employee,base.main_company,
account_analytic_account_4300046,4300046,1,Jinasena_MasterData_Accounting.account_analytic_plan_employee,base.main_company,
account_analytic_account_4300049,4300049,1,Jinasena_MasterData_Accounting.account_analytic_plan_employee,base.main_company,
account_analytic_account_4300051,4300051,1,Jinasena_MasterData_Accounting.account_analytic_plan_employee,base.main_company,
account_analytic_account_4300052,4300052,1,Jinasena_MasterData_Accounting.account_analytic_plan_employee,base.main_company,
account_analytic_account_4300059,4300059,1,Jinasena_MasterData_Accounting.account_analytic_plan_employee,base.main_company,
account_analytic_account_4300069,4300069,1,Jinasena_MasterData_Accounting.account_analytic_plan_employee,base.main_company,
account_analytic_account_4300073,4300073,1,Jinasena_MasterData_Accounting.account_analytic_plan_employee,base.main_company,
account_analytic_account_4300075,4300075,1,Jinasena_MasterData_Accounting.account_analytic_plan_employee,base.main_company,
account_analytic_account_4300081,4300081,1,Jinasena_MasterData_Accounting.account_analytic_plan_employee,base.main_company,
account_analytic_account_4300086,4300086,1,Jinasena_MasterData_Accounting.account_analytic_plan_employee,base.main_company,
account_analytic_account_4300102,4300102,1,Jinasena_MasterData_Accounting.account_analytic_plan_employee,base.main_company,
account_analytic_account_4300112,4300112,1,Jinasena_MasterData_Accounting.account_analytic_plan_employee,base.main_company,
account_analytic_account_4300118,4300118,1,Jinasena_MasterData_Accounting.account_analytic_plan_employee,base.main_company,
account_analytic_account_4300138,4300138,1,Jinasena_MasterData_Accounting.account_analytic_plan_employee,base.main_company,
account_analytic_account_4300155,4300155,1,Jinasena_MasterData_Accounting.account_analytic_plan_employee,base.main_company,
account_analytic_account_4300158,4300158,1,Jinasena_MasterData_Accounting.account_analytic_plan_employee,base.main_company,
account_analytic_account_4300183,4300183,1,Jinasena_MasterData_Accounting.account_analytic_plan_employee,base.main_company,
account_analytic_account_4300185,4300185,1,Jinasena_MasterData_Accounting.account_analytic_plan_employee,base.main_company,
account_analytic_account_4300212,4300212,1,Jinasena_MasterData_Accounting.account_analytic_plan_employee,base.main_company,
account_analytic_account_4300214,4300214,1,Jinasena_MasterData_Accounting.account_analytic_plan_employee,base.main_company,
account_analytic_account_4300222,4300222,1,Jinasena_MasterData_Accounting.account_analytic_plan_employee,base.main_company,
account_analytic_account_4300224,4300224,1,Jinasena_MasterData_Accounting.account_analytic_plan_employee,base.main_company,
account_analytic_account_4300227,4300227,1,Jinasena_MasterData_Accounting.account_analytic_plan_employee,base.main_company,
account_analytic_account_4300230,4300230,1,Jinasena_MasterData_Accounting.account_analytic_plan_employee,base.main_company,
account_analytic_account_4300233,4300233,1,Jinasena_MasterData_Accounting.account_analytic_plan_employee,base.main_company,
account_analytic_account_4300241,4300241,1,Jinasena_MasterData_Accounting.account_analytic_plan_employee,base.main_company,
account_analytic_account_4300252,4300252,1,Jinasena_MasterData_Accounting.account_analytic_plan_employee,base.main_company,
account_analytic_account_4300257,4300257,1,Jinasena_MasterData_Accounting.account_analytic_plan_employee,base.main_company,
account_analytic_account_4300266,4300266,1,Jinasena_MasterData_Accounting.account_analytic_plan_employee,base.main_company,
account_analytic_account_4300270,4300270,1,Jinasena_MasterData_Accounting.account_analytic_plan_employee,base.main_company,
account_analytic_account_4300274,4300274,1,Jinasena_MasterData_Accounting.account_analytic_plan_employee,base.main_company,
account_analytic_account_4300279,4300279,1,Jinasena_MasterData_Accounting.account_analytic_plan_employee,base.main_company,
account_analytic_account_4300280,4300280,1,Jinasena_MasterData_Accounting.account_analytic_plan_employee,base.main_company,
account_analytic_account_4300282,4300282,1,Jinasena_MasterData_Accounting.account_analytic_plan_employee,base.main_company,
account_analytic_account_4300283,4300283,1,Jinasena_MasterData_Accounting.account_analytic_plan_employee,base.main_company,
account_analytic_account_4300285,4300285,1,Jinasena_MasterData_Accounting.account_analytic_plan_employee,base.main_company,
account_analytic_account_4300295,4300295,1,Jinasena_MasterData_Accounting.account_analytic_plan_employee,base.main_company,
account_analytic_account_4300297,4300297,1,Jinasena_MasterData_Accounting.account_analytic_plan_employee,base.main_company,
account_analytic_account_4300298,4300298,1,Jinasena_MasterData_Accounting.account_analytic_plan_employee,base.main_company,
account_analytic_account_4300310,4300310,1,Jinasena_MasterData_Accounting.account_analytic_plan_employee,base.main_company,
account_analytic_account_4300311,4300311,1,Jinasena_MasterData_Accounting.account_analytic_plan_employee,base.main_company,
account_analytic_account_4300318,4300318,1,Jinasena_MasterData_Accounting.account_analytic_plan_employee,base.main_company,
account_analytic_account_4300320,4300320,1,Jinasena_MasterData_Accounting.account_analytic_plan_employee,base.main_company,
account_analytic_account_4300326,4300326,1,Jinasena_MasterData_Accounting.account_analytic_plan_employee,base.main_company,
account_analytic_account_4300329,4300329,1,Jinasena_MasterData_Accounting.account_analytic_plan_employee,base.main_company,
account_analytic_account_4300330,4300330,1,Jinasena_MasterData_Accounting.account_analytic_plan_employee,base.main_company,
account_analytic_account_4300332,4300332,1,Jinasena_MasterData_Accounting.account_analytic_plan_employee,base.main_company,
account_analytic_account_4300333,4300333,1,Jinasena_MasterData_Accounting.account_analytic_plan_employee,base.main_company,
account_analytic_account_4300340,4300340,1,Jinasena_MasterData_Accounting.account_analytic_plan_employee,base.main_company,
account_analytic_account_4300343,4300343,1,Jinasena_MasterData_Accounting.account_analytic_plan_employee,base.main_company,
account_analytic_account_4300346,4300346,1,Jinasena_MasterData_Accounting.account_analytic_plan_employee,base.main_company,
account_analytic_account_4300350,4300350,1,Jinasena_MasterData_Accounting.account_analytic_plan_employee,base.main_company,
account_analytic_account_4300352,4300352,1,Jinasena_MasterData_Accounting.account_analytic_plan_employee,base.main_company,
account_analytic_account_4300353,4300353,1,Jinasena_MasterData_Accounting.account_analytic_plan_employee,base.main_company,
account_analytic_account_4300355,4300355,1,Jinasena_MasterData_Accounting.account_analytic_plan_employee,base.main_company,
account_analytic_account_4300361,4300361,1,Jinasena_MasterData_Accounting.account_analytic_plan_employee,base.main_company,
account_analytic_account_4300362,4300362,1,Jinasena_MasterData_Accounting.account_analytic_plan_employee,base.main_company,
account_analytic_account_4300363,4300363,1,Jinasena_MasterData_Accounting.account_analytic_plan_employee,base.main_company,
account_analytic_account_4300364,4300364,1,Jinasena_MasterData_Accounting.account_analytic_plan_employee,base.main_company,
account_analytic_account_4300366,4300366,1,Jinasena_MasterData_Accounting.account_analytic_plan_employee,base.main_company,
account_analytic_account_4300368,4300368,1,Jinasena_MasterData_Accounting.account_analytic_plan_employee,base.main_company,
account_analytic_account_4300372,4300372,1,Jinasena_MasterData_Accounting.account_analytic_plan_employee,base.main_company,
account_analytic_account_4300375,4300375,1,Jinasena_MasterData_Accounting.account_analytic_plan_employee,base.main_company,
account_analytic_account_4310001,4310001,1,Jinasena_MasterData_Accounting.account_analytic_plan_employee,base.main_company,
account_analytic_account_4310005,4310005,1,Jinasena_MasterData_Accounting.account_analytic_plan_employee,base.main_company,
account_analytic_account_4310006,4310006,1,Jinasena_MasterData_Accounting.account_analytic_plan_employee,base.main_company,
account_analytic_account_4310007,4310007,1,Jinasena_MasterData_Accounting.account_analytic_plan_employee,base.main_company,
account_analytic_account_4310009,4310009,1,Jinasena_MasterData_Accounting.account_analytic_plan_employee,base.main_company,
account_analytic_account_4310011,4310011,1,Jinasena_MasterData_Accounting.account_analytic_plan_employee,base.main_company,
account_analytic_account_4310012,4310012,1,Jinasena_MasterData_Accounting.account_analytic_plan_employee,base.main_company,
account_analytic_account_4310013,4310013,1,Jinasena_MasterData_Accounting.account_analytic_plan_employee,base.main_company,
account_analytic_account_4310015,4310015,1,Jinasena_MasterData_Accounting.account_analytic_plan_employee,base.main_company,
account_analytic_account_4310016,4310016,1,Jinasena_MasterData_Accounting.account_analytic_plan_employee,base.main_company,
account_analytic_account_4310017,4310017,1,Jinasena_MasterData_Accounting.account_analytic_plan_employee,base.main_company,
account_analytic_account_4310018,4310018,1,Jinasena_MasterData_Accounting.account_analytic_plan_employee,base.main_company,
account_analytic_account_4310019,4310019,1,Jinasena_MasterData_Accounting.account_analytic_plan_employee,base.main_company,
account_analytic_account_8100020,8100020,1,Jinasena_MasterData_Accounting.account_analytic_plan_employee,base.main_company,
account_analytic_account_8100021,8100021,1,Jinasena_MasterData_Accounting.account_analytic_plan_employee,base.main_company,
account_analytic_account_8100023,8100023,1,Jinasena_MasterData_Accounting.account_analytic_plan_employee,base.main_company,
account_analytic_account_8100024,8100024,1,Jinasena_MasterData_Accounting.account_analytic_plan_employee,base.main_company,
account_analytic_account_8100025,8100025,1,Jinasena_MasterData_Accounting.account_analytic_plan_employee,base.main_company,
account_analytic_account_8100026,8100026,1,Jinasena_MasterData_Accounting.account_analytic_plan_employee,base.main_company,
account_analytic_account_8100028,8100028,1,Jinasena_MasterData_Accounting.account_analytic_plan_employee,base.main_company,
account_analytic_account_8100031,8100031,1,Jinasena_MasterData_Accounting.account_analytic_plan_employee,base.main_company,
account_analytic_account_8100033,8100033,1,Jinasena_MasterData_Accounting.account_analytic_plan_employee,base.main_company,
account_analytic_account_8100034,8100034,1,Jinasena_MasterData_Accounting.account_analytic_plan_employee,base.main_company,
account_analytic_account_8100035,8100035,1,Jinasena_MasterData_Accounting.account_analytic_plan_employee,base.main_company,
account_analytic_account_8100037,8100037,1,Jinasena_MasterData_Accounting.account_analytic_plan_employee,base.main_company,
account_analytic_account_8100039,8100039,1,Jinasena_MasterData_Accounting.account_analytic_plan_employee,base.main_company,
account_analytic_account_8100040,8100040,1,Jinasena_MasterData_Accounting.account_analytic_plan_employee,base.main_company,
account_analytic_account_8100041,8100041,1,Jinasena_MasterData_Accounting.account_analytic_plan_employee,base.main_company,
account_analytic_account_8100043,8100043,1,Jinasena_MasterData_Accounting.account_analytic_plan_employee,base.main_company,
account_analytic_account_8100044,8100044,1,Jinasena_MasterData_Accounting.account_analytic_plan_employee,base.main_company,
account_analytic_account_8100045,8100045,1,Jinasena_MasterData_Accounting.account_analytic_plan_employee,base.main_company,
account_analytic_account_8100046,8100046,1,Jinasena_MasterData_Accounting.account_analytic_plan_employee,base.main_company,
account_analytic_account_8100047,8100047,1,Jinasena_MasterData_Accounting.account_analytic_plan_employee,base.main_company,
account_analytic_account_8100048,8100048,1,Jinasena_MasterData_Accounting.account_analytic_plan_employee,base.main_company,
account_analytic_account_8100050,8100050,1,Jinasena_MasterData_Accounting.account_analytic_plan_employee,base.main_company,
account_analytic_account_8100051,8100051,1,Jinasena_MasterData_Accounting.account_analytic_plan_employee,base.main_company,
account_analytic_account_8100052,8100052,1,Jinasena_MasterData_Accounting.account_analytic_plan_employee,base.main_company,
account_analytic_account_8100053,8100053,1,Jinasena_MasterData_Accounting.account_analytic_plan_employee,base.main_company,
account_analytic_account_8100056,8100056,1,Jinasena_MasterData_Accounting.account_analytic_plan_employee,base.main_company,
account_analytic_account_8100057,8100057,1,Jinasena_MasterData_Accounting.account_analytic_plan_employee,base.main_company,
account_analytic_account_8210005,8210005,1,Jinasena_MasterData_Accounting.account_analytic_plan_employee,base.main_company,
account_analytic_account_9100005,9100005,1,Jinasena_MasterData_Accounting.account_analytic_plan_employee,base.main_company,
account_analytic_account_9100007,9100007,1,Jinasena_MasterData_Accounting.account_analytic_plan_employee,base.main_company,
account_analytic_account_s0100758,S0100758,1,Jinasena_MasterData_Accounting.account_analytic_plan_employee,base.main_company,
account_analytic_account_s0109980,S0109980,1,Jinasena_MasterData_Accounting.account_analytic_plan_employee,base.main_company,
account_analytic_account_s0400147,S0400147,1,Jinasena_MasterData_Accounting.account_analytic_plan_employee,base.main_company,
account_analytic_account_s0600753,S0600753,1,Jinasena_MasterData_Accounting.account_analytic_plan_employee,base.main_company,
account_analytic_account_s0600754,S0600754,1,Jinasena_MasterData_Accounting.account_analytic_plan_employee,base.main_company,
account_analytic_account_s0600755,S0600755,1,Jinasena_MasterData_Accounting.account_analytic_plan_employee,base.main_company,
account_analytic_account_s0600757,S0600757,1,Jinasena_MasterData_Accounting.account_analytic_plan_employee,base.main_company,
account_analytic_account_s0609981,S0609981,1,Jinasena_MasterData_Accounting.account_analytic_plan_employee,base.main_company,
account_analytic_account_s0609982,S0609982,1,Jinasena_MasterData_Accounting.account_analytic_plan_employee,base.main_company,
account_analytic_account_s0609983,S0609983,1,Jinasena_MasterData_Accounting.account_analytic_plan_employee,base.main_company,
account_analytic_account_s0609984,S0609984,1,Jinasena_MasterData_Accounting.account_analytic_plan_employee,base.main_company,
account_analytic_account_s0609986,S0609986,1,Jinasena_MasterData_Accounting.account_analytic_plan_employee,base.main_company,
account_analytic_account_s0609987,S0609987,1,Jinasena_MasterData_Accounting.account_analytic_plan_employee,base.main_company,
account_analytic_account_s0609988,S0609988,1,Jinasena_MasterData_Accounting.account_analytic_plan_employee,base.main_company,
account_analytic_account_s0609989,S0609989,1,Jinasena_MasterData_Accounting.account_analytic_plan_employee,base.main_company,
account_analytic_account_s0609990,S0609990,1,Jinasena_MasterData_Accounting.account_analytic_plan_employee,base.main_company,
account_analytic_account_s0609991,S0609991,1,Jinasena_MasterData_Accounting.account_analytic_plan_employee,base.main_company,
account_analytic_account_s0609992,S0609992,1,Jinasena_MasterData_Accounting.account_analytic_plan_employee,base.main_company,
account_analytic_account_s0609996,S0609996,1,Jinasena_MasterData_Accounting.account_analytic_plan_employee,base.main_company,
account_analytic_account_sal1001,SAL1001,1,Jinasena_MasterData_Accounting.account_analytic_plan_employee,base.main_company,
account_analytic_account_sal1004,SAL1004,1,Jinasena_MasterData_Accounting.account_analytic_plan_employee,base.main_company,
