id,name,currency_id/id,code,account_type,include_initial_balance,internal_group,reconcile,company_id/id,create_asset,multiple_assets_per_line
account_account_pdc_receivable,PDC Receivable,,100101,asset_current,1,asset,1,base.main_company,no,
account_account_pdc_payable,PDC Payable,,100102,asset_current,1,asset,1,base.main_company,no,
account_account_overhead_cost,OverHead Cost,,101401,liability_current,1,liability,1,base.main_company,no,
account_account_outstanding_receipts,Outstanding Receipts,,1014010,asset_current,1,asset,1,base.main_company,no,
account_account_post_dated_cheque,Post Dated Cheque,,1014011,asset_cash,1,asset,,base.main_company,no,
account_account_advance_payment_copy,Advance payment (copy),base.LKR,1014012,asset_cash,1,asset,,base.main_company,no,
account_account_vendor_bills_copy,Vendor Bills (copy),base.LKR,1014013,asset_cash,1,asset,,base.main_company,no,
account_account_webxpay_journal,WebXPay Journal,,1014014,asset_cash,1,asset,,base.main_company,no,
account_account_overhead_cost_40,OverHead Cost,,101402,asset_cash,1,asset,,base.main_company,no,
account_account_general_cost,General Cost,,101403,asset_current,1,asset,1,base.main_company,no,
account_account_labour_cost,Labour Cost,,101404,asset_current,1,asset,1,base.main_company,no,
account_account_labour_cost_1426,Labour Cost,,101405,expense,,expense,,base.main_company,no,
account_account_general_cost_1427,General Cost,,101406,asset_current,1,asset,1,base.main_company,no,
account_account_outstanding_receipts_1428,Outstanding Receipts,,101407,asset_current,1,asset,1,base.main_company,no,
account_account_outstanding_payments,Outstanding Payments,,101408,asset_current,1,asset,1,base.main_company,no,
account_account_outstanding_payments_1434,Outstanding Payments,,101409,asset_current,1,asset,1,base.main_company,no,
account_account_labour_cost_37,Labour Cost,,101501,expense,,expense,,base.main_company,no,
account_account_labour_cost_38,Labour Cost,,101502,asset_current,1,asset,1,base.main_company,no,
account_account_outstanding_payments_39,Outstanding Payments,,101503,asset_current,1,asset,1,base.main_company,no,
account_account_general_cost_44,General Cost,,101504,asset_cash,1,asset,,base.main_company,no,
account_account_labour_ot_cost,Labour OT Cost,,101511,expense,,expense,,base.main_company,no,
account_account_labour_ot_cost_1449,Labour OT Cost,,101512,asset_current,1,asset,1,base.main_company,no,
account_account_land,LAND,base.LKR,11010010,asset_fixed,1,asset,1,Jinasena_MasterData_Common.res_company_jinasena_agricultural_machinery_pvt_ltd,draft,1
account_account_building,BUILDING,base.LKR,11010030,asset_fixed,1,asset,1,Jinasena_MasterData_Common.res_company_jinasena_agricultural_machinery_pvt_ltd,draft,1
account_account_plant_and_machinery,PLANT AND MACHINERY,base.LKR,11010050,asset_fixed,1,asset,1,Jinasena_MasterData_Common.res_company_jinasena_agricultural_machinery_pvt_ltd,draft,1
account_account_furniture,FURNITURE,base.LKR,11010070,asset_fixed,1,asset,1,Jinasena_MasterData_Common.res_company_jinasena_agricultural_machinery_pvt_ltd,draft,1
account_account_fixtures_fittings,FIXTURES & FITTINGS,base.LKR,11010090,asset_fixed,1,asset,1,Jinasena_MasterData_Common.res_company_jinasena_agricultural_machinery_pvt_ltd,draft,1
account_account_office_equipment,OFFICE EQUIPMENT,base.LKR,11010110,asset_fixed,1,asset,1,Jinasena_MasterData_Common.res_company_jinasena_agricultural_machinery_pvt_ltd,draft,1
account_account_tools,TOOLS,base.LKR,11010130,asset_fixed,1,asset,1,Jinasena_MasterData_Common.res_company_jinasena_agricultural_machinery_pvt_ltd,draft,1
account_account_pattern_design,PATTERN & DESIGN,base.LKR,11010150,asset_fixed,1,asset,1,Jinasena_MasterData_Common.res_company_jinasena_agricultural_machinery_pvt_ltd,draft,1
account_account_factory_equipment,FACTORY EQUIPMENT,base.LKR,11010170,asset_fixed,1,asset,1,Jinasena_MasterData_Common.res_company_jinasena_agricultural_machinery_pvt_ltd,draft,1
account_account_demonstration_machinery,DEMONSTRATION MACHINERY,base.LKR,11010190,asset_fixed,1,asset,1,Jinasena_MasterData_Common.res_company_jinasena_agricultural_machinery_pvt_ltd,draft,1
account_account_motor_vehicles,MOTOR VEHICLES,base.LKR,11010210,asset_fixed,1,asset,1,Jinasena_MasterData_Common.res_company_jinasena_agricultural_machinery_pvt_ltd,draft,
account_account_motor_vehicles_lease_hold,MOTOR VEHICLES - LEASE HOLD,,11010230,asset_fixed,1,asset,1,Jinasena_MasterData_Common.res_company_jinasena_agricultural_machinery_pvt_ltd,draft,
account_account_provision_for_depreciation_buildings,PROVISION FOR DEPRECIATION - BUILDINGS,base.LKR,11020030,asset_fixed,1,asset,1,Jinasena_MasterData_Common.res_company_jinasena_agricultural_machinery_pvt_ltd,no,
account_account_provision_for_depreciation_plant_machine,PROVISION FOR DEPRECIATION - PLANT & MACHINERY,base.LKR,11020050,asset_fixed,1,asset,1,Jinasena_MasterData_Common.res_company_jinasena_agricultural_machinery_pvt_ltd,no,
account_account_provision_for_depreciation_furniture,PROVISION FOR DEPRECIATION - FURNITURE,base.LKR,11020070,asset_fixed,1,asset,1,Jinasena_MasterData_Common.res_company_jinasena_agricultural_machinery_pvt_ltd,no,
account_account_provision_for_depreciation_fixtures_fitt,PROVISION FOR DEPRECIATION - FIXTURES & FITTINGS,base.LKR,11020090,asset_fixed,1,asset,1,Jinasena_MasterData_Common.res_company_jinasena_agricultural_machinery_pvt_ltd,no,
account_account_provision_for_depreciation_office_equipm,PROVISION FOR DEPRECIATION - OFFICE EQUIPMENT,base.LKR,11020110,asset_fixed,1,asset,1,Jinasena_MasterData_Common.res_company_jinasena_agricultural_machinery_pvt_ltd,no,
account_account_provision_for_depreciation_tools,PROVISION FOR DEPRECIATION - TOOLS,base.LKR,11020130,asset_fixed,1,asset,1,Jinasena_MasterData_Common.res_company_jinasena_agricultural_machinery_pvt_ltd,no,
account_account_provision_for_depreciation_pattern_desig,PROVISION FOR DEPRECIATION - PATTERN & DESIGN,base.LKR,11020150,asset_fixed,1,asset,1,Jinasena_MasterData_Common.res_company_jinasena_agricultural_machinery_pvt_ltd,no,
account_account_provision_for_depreciation_factory_equip,PROVISION FOR DEPRECIATION - FACTORY EQUIPMENT,base.LKR,11020170,asset_fixed,1,asset,1,Jinasena_MasterData_Common.res_company_jinasena_agricultural_machinery_pvt_ltd,no,
account_account_provision_for_depreciation_demonstration,PROVISION FOR DEPRECIATION - DEMONSTRATION MACHINERY,base.LKR,11020190,asset_fixed,1,asset,1,Jinasena_MasterData_Common.res_company_jinasena_agricultural_machinery_pvt_ltd,no,
account_account_provision_for_depreciation_motor_vehicle,PROVISION FOR DEPRECIATION - MOTOR VEHICLES,,11020210,asset_fixed,1,asset,1,Jinasena_MasterData_Common.res_company_jinasena_agricultural_machinery_pvt_ltd,no,
account_account_provision_for_depreciation_leasehold_mot,PROVISION FOR DEPRECIATION - LEASEHOLD  MOTOR VEHICLES,,11020230,asset_fixed,1,asset,1,Jinasena_MasterData_Common.res_company_jinasena_agricultural_machinery_pvt_ltd,no,
account_account_inventory_raw_materials,INVENTORY - RAW MATERIALS,base.LKR,12010010,asset_current,1,asset,1,Jinasena_MasterData_Common.res_company_jinasena_agricultural_machinery_pvt_ltd,no,
account_account_inventory_raw_materials_interim_received,INVENTORY - RAW MATERIALS INTERIM (RECEIVED),base.LKR,12010011,asset_current,1,asset,1,Jinasena_MasterData_Common.res_company_jinasena_agricultural_machinery_pvt_ltd,no,
account_account_inventory_raw_materials_interim_delivere,INVENTORY - RAW MATERIALS INTERIM (DELIVERED),base.LKR,12010012,asset_current,1,asset,1,Jinasena_MasterData_Common.res_company_jinasena_agricultural_machinery_pvt_ltd,no,
account_account_inventory_w_i_p,INVENTORY - W I P,base.LKR,12010030,asset_current,1,asset,1,Jinasena_MasterData_Common.res_company_jinasena_agricultural_machinery_pvt_ltd,no,
account_account_inventory_w_i_p_interim_received,INVENTORY - W I P INTERIM (RECEIVED),base.LKR,12010031,asset_current,1,asset,1,Jinasena_MasterData_Common.res_company_jinasena_agricultural_machinery_pvt_ltd,no,
account_account_inventory_w_i_p_interim_delivered,INVENTORY - W I P INTERIM (DELIVERED),base.LKR,12010032,asset_current,1,asset,1,Jinasena_MasterData_Common.res_company_jinasena_agricultural_machinery_pvt_ltd,no,
account_account_inventory_finished_goods,INVENTORY - FINISHED GOODS,base.LKR,12010050,asset_current,1,asset,1,Jinasena_MasterData_Common.res_company_jinasena_agricultural_machinery_pvt_ltd,no,
account_account_inventory_finished_goods_interim_receive,INVENTORY - FINISHED GOODS INTERIM (RECEIVED),base.LKR,12010051,asset_current,1,asset,1,Jinasena_MasterData_Common.res_company_jinasena_agricultural_machinery_pvt_ltd,no,
account_account_inventory_finished_goods_interim_deliver,INVENTORY - FINISHED GOODS INTERIM (DELIVERED),base.LKR,12010052,asset_current,1,asset,1,Jinasena_MasterData_Common.res_company_jinasena_agricultural_machinery_pvt_ltd,no,
account_account_inventory_tools,INVENTORY - TOOLS,base.LKR,12010070,asset_current,1,asset,1,Jinasena_MasterData_Common.res_company_jinasena_agricultural_machinery_pvt_ltd,no,
account_account_inventory_finish_goods_overheads,INVENTORY - FINISH GOODS OVERHEADS,base.LKR,12010110,asset_current,1,asset,1,Jinasena_MasterData_Common.res_company_jinasena_agricultural_machinery_pvt_ltd,no,
account_account_inventory_wip_assets,INVENTORY - WIP - ASSETS,base.LKR,12010130,asset_current,1,asset,1,Jinasena_MasterData_Common.res_company_jinasena_agricultural_machinery_pvt_ltd,no,
account_account_inventory_stationery,INVENTORY - STATIONERY,base.LKR,12010150,asset_current,1,asset,1,Jinasena_MasterData_Common.res_company_jinasena_agricultural_machinery_pvt_ltd,no,
account_account_provision_for_inventory_local,PROVISION FOR INVENTORY LOCAL,base.LKR,12010170,asset_current,1,asset,1,Jinasena_MasterData_Common.res_company_jinasena_agricultural_machinery_pvt_ltd,no,
account_account_provision_for_obsolete_inventory,PROVISION FOR OBSOLETE INVENTORY,base.LKR,12010190,asset_current,1,asset,1,Jinasena_MasterData_Common.res_company_jinasena_agricultural_machinery_pvt_ltd,no,
account_account_goods_in_transit,GOODS IN TRANSIT,base.LKR,12010210,asset_current,1,asset,1,Jinasena_MasterData_Common.res_company_jinasena_agricultural_machinery_pvt_ltd,no,
account_account_inventory_shortage_excess,INVENTORY SHORTAGE/EXCESS,base.LKR,12010230,asset_current,1,asset,1,Jinasena_MasterData_Common.res_company_jinasena_agricultural_machinery_pvt_ltd,no,
account_account_inventory_non_stock_items,INVENTORY - NON STOCK ITEMS,base.LKR,12010900,asset_current,1,asset,1,Jinasena_MasterData_Common.res_company_jinasena_agricultural_machinery_pvt_ltd,no,
account_account_debtors_ledger_control_trade,DEBTORS LEDGER CONTROL - TRADE,base.LKR,12020010,asset_receivable,1,asset,1,Jinasena_MasterData_Common.res_company_jinasena_agricultural_machinery_pvt_ltd,no,
account_account_creditors_control_suspense,CREDITORS CONTROL - SUSPENSE,base.LKR,12020030,asset_current,1,asset,1,Jinasena_MasterData_Common.res_company_jinasena_agricultural_machinery_pvt_ltd,no,
account_account_provision_for_bad_debts,PROVISION FOR BAD DEBTS,base.LKR,12020050,asset_current,1,asset,1,Jinasena_MasterData_Common.res_company_jinasena_agricultural_machinery_pvt_ltd,no,
account_account_staff_ledger_control_salary_advances,STAFF LEDGER CONTROL -  SALARY ADVANCES,base.LKR,12030010,asset_current,1,asset,1,Jinasena_MasterData_Common.res_company_jinasena_agricultural_machinery_pvt_ltd,no,
account_account_staff_ledger_control_other_deductions,STAFF LEDGER CONTROL - OTHER DEDUCTIONS,base.LKR,12030030,asset_current,1,asset,1,Jinasena_MasterData_Common.res_company_jinasena_agricultural_machinery_pvt_ltd,no,
account_account_staff_ledger_control_standing_order,STAFF LEDGER CONTROL - STANDING ORDER,base.LKR,12030050,asset_current,1,asset,1,Jinasena_MasterData_Common.res_company_jinasena_agricultural_machinery_pvt_ltd,no,
account_account_staff_ledger_control_contribution,STAFF LEDGER CONTROL - CONTRIBUTION,base.LKR,12030070,asset_current,1,asset,1,Jinasena_MasterData_Common.res_company_jinasena_agricultural_machinery_pvt_ltd,no,
account_account_staff_ledger_control_funeral_fund,STAFF LEDGER CONTROL - FUNERAL FUND,base.LKR,12030090,asset_current,1,asset,1,Jinasena_MasterData_Common.res_company_jinasena_agricultural_machinery_pvt_ltd,no,
account_account_staff_ledger_control_employee_loans,STAFF LEDGER CONTROL - EMPLOYEE LOANS,base.LKR,12030110,asset_current,1,asset,1,Jinasena_MasterData_Common.res_company_jinasena_agricultural_machinery_pvt_ltd,no,
account_account_staff_ledger_control_festival_advance,STAFF LEDGER CONTROL - FESTIVAL ADVANCE,base.LKR,12030130,asset_current,1,asset,1,Jinasena_MasterData_Common.res_company_jinasena_agricultural_machinery_pvt_ltd,no,
account_account_insurance_claims,INSURANCE CLAIMS,base.LKR,12030150,asset_current,1,asset,1,Jinasena_MasterData_Common.res_company_jinasena_agricultural_machinery_pvt_ltd,no,
account_account_staff_ledger_control_unclaimed_salaries_,STAFF LEDGER CONTROL - UNCLAIMED SALARIES & WAGES,base.LKR,12030170,asset_current,1,asset,1,Jinasena_MasterData_Common.res_company_jinasena_agricultural_machinery_pvt_ltd,no,
account_account_bank_guarantees,BANK GUARANTEES,base.LKR,12030190,asset_current,1,asset,1,Jinasena_MasterData_Common.res_company_jinasena_agricultural_machinery_pvt_ltd,no,
account_account_advance_payments_pending_final_documents,ADVANCE PAYMENTS PENDING FINAL DOCUMENTS,base.LKR,12030210,asset_current,1,asset,1,Jinasena_MasterData_Common.res_company_jinasena_agricultural_machinery_pvt_ltd,no,
account_account_advances_tractor_registration,ADVANCES - TRACTOR REGISTRATION,base.LKR,12030230,asset_current,1,asset,1,Jinasena_MasterData_Common.res_company_jinasena_agricultural_machinery_pvt_ltd,no,
account_account_stock_shortage_2020_2021_sales_centers,STOCK SHORTAGE-2020-2021(SALES CENTERS),base.LKR,12030250,asset_current,1,asset,1,Jinasena_MasterData_Common.res_company_jinasena_agricultural_machinery_pvt_ltd,no,
account_account_stock_shortage_2020_2021_thambuttegama,STOCK SHORTAGE-2020-2021(THAMBUTTEGAMA),base.LKR,12030270,asset_current,1,asset,1,Jinasena_MasterData_Common.res_company_jinasena_agricultural_machinery_pvt_ltd,no,
account_account_stock_shortage_2021_2022_sales_centers,STOCK SHORTAGE-2021-2022(SALES CENTERS),base.LKR,12030280,asset_current,1,asset,1,Jinasena_MasterData_Common.res_company_jinasena_agricultural_machinery_pvt_ltd,no,
account_account_imports_margin,IMPORTS MARGIN,base.LKR,12030290,asset_current,1,asset,1,Jinasena_MasterData_Common.res_company_jinasena_agricultural_machinery_pvt_ltd,no,
account_account_debtors_ledger_control_inter_companies,DEBTORS LEDGER CONTROL - INTER COMPANIES,base.LKR,12040010,asset_receivable,1,asset,1,Jinasena_MasterData_Common.res_company_jinasena_agricultural_machinery_pvt_ltd,no,
account_account_pre_payments_deferred_expence,PRE-PAYMENTS (DEFERRED EXPENCE),base.LKR,12060010,asset_current,1,asset,1,Jinasena_MasterData_Common.res_company_jinasena_agricultural_machinery_pvt_ltd,no,
account_account_general_deposite,GENERAL DEPOSITE,base.LKR,12060030,asset_current,1,asset,1,Jinasena_MasterData_Common.res_company_jinasena_agricultural_machinery_pvt_ltd,no,
account_account_debtors_ledger_control_other_companies,DEBTORS LEDGER CONTROL - OTHER COMPANIES,base.LKR,12060050,asset_receivable,1,asset,1,Jinasena_MasterData_Common.res_company_jinasena_agricultural_machinery_pvt_ltd,no,
account_account_commercial_bank_of_ceylon_plc_colombo_7_,COMMERCIAL BANK OF CEYLON PLC - COLOMBO 7 BRANCH-MAIN,base.LKR,12090030,asset_cash,1,asset,1,Jinasena_MasterData_Common.res_company_jinasena_agricultural_machinery_pvt_ltd,no,
account_account_commercial_bank_of_ceylon_plc_colombo_7__4358,COMMERCIAL BANK OF CEYLON PLC - COLOMBO 7 BRANCH-RECEIPT,base.LKR,12090031,asset_current,1,asset,1,Jinasena_MasterData_Common.res_company_jinasena_agricultural_machinery_pvt_ltd,no,
account_account_commercial_bank_of_ceylon_plc_colombo_7__4359,COMMERCIAL BANK OF CEYLON PLC - COLOMBO 7 BRANCH-PAYMENT,base.LKR,12090032,liability_current,1,liability,1,Jinasena_MasterData_Common.res_company_jinasena_agricultural_machinery_pvt_ltd,no,
account_account_bank_of_ceylon_corporate_branch_main,BANK OF CEYLON -CORPORATE BRANCH - MAIN,base.LKR,12090050,asset_cash,1,asset,1,Jinasena_MasterData_Common.res_company_jinasena_agricultural_machinery_pvt_ltd,no,
account_account_bank_of_ceylon_corporate_branch_receipt,BANK OF CEYLON - CORPORATE BRANCH - RECEIPT,base.LKR,12090051,asset_current,1,asset,1,Jinasena_MasterData_Common.res_company_jinasena_agricultural_machinery_pvt_ltd,no,
account_account_bank_of_ceylon_corporate_branch_payment,BANK OF CEYLON - CORPORATE BRANCH - PAYMENT,base.LKR,12090052,liability_current,1,liability,1,Jinasena_MasterData_Common.res_company_jinasena_agricultural_machinery_pvt_ltd,no,
account_account_bank_suspense,BANK SUSPENSE,base.LKR,12090250,asset_current,1,asset,1,Jinasena_MasterData_Common.res_company_jinasena_agricultural_machinery_pvt_ltd,no,
account_account_outstanding_receipts_4364,OUTSTANDING RECEIPTS,base.LKR,12090251,asset_current,1,asset,1,Jinasena_MasterData_Common.res_company_jinasena_agricultural_machinery_pvt_ltd,no,
account_account_outstanding_payments_4365,OUTSTANDING PAYMENTS,base.LKR,12090252,asset_current,1,asset,1,Jinasena_MasterData_Common.res_company_jinasena_agricultural_machinery_pvt_ltd,no,
account_account_liquidity_transfer,LIQUIDITY TRANSFER,base.LKR,12090253,asset_current,1,asset,1,Jinasena_MasterData_Common.res_company_jinasena_agricultural_machinery_pvt_ltd,no,
account_account_cheques_in_hand,CHEQUES IN HAND,base.LKR,12090270,asset_cash,1,asset,1,Jinasena_MasterData_Common.res_company_jinasena_agricultural_machinery_pvt_ltd,no,
account_account_cash_in_hand_sales_centres,CASH IN HAND - SALES CENTRES,base.LKR,12090290,asset_cash,1,asset,1,Jinasena_MasterData_Common.res_company_jinasena_agricultural_machinery_pvt_ltd,no,
account_account_cheques_in_hand_sales_centres,CHEQUES IN HAND - SALES CENTRES,base.LKR,12090310,asset_cash,1,asset,1,Jinasena_MasterData_Common.res_company_jinasena_agricultural_machinery_pvt_ltd,no,
account_account_cash_floats,CASH FLOATS,base.LKR,12090330,asset_cash,1,asset,1,Jinasena_MasterData_Common.res_company_jinasena_agricultural_machinery_pvt_ltd,no,
account_account_cash_in_hand,CASH IN HAND,base.LKR,12090350,asset_cash,1,asset,1,Jinasena_MasterData_Common.res_company_jinasena_agricultural_machinery_pvt_ltd,no,
account_account_sales_advance_payment,Sales - Advance Payment,,123456,liability_payable,1,liability,1,base.main_company,no,
account_account_rohana_bank,ROHANA BANK,base.LKR,123456,asset_cash,1,asset,,Jinasena_MasterData_Common.res_company_jinasena_agricultural_machinery_pvt_ltd,no,
account_account_provision_for_gratuity,PROVISION FOR GRATUITY,base.LKR,21010010,liability_non_current,1,liability,1,Jinasena_MasterData_Common.res_company_jinasena_agricultural_machinery_pvt_ltd,no,
account_account_deferred_tax_liability,DEFERRED TAX LIABILITY,base.LKR,21020010,liability_non_current,1,liability,1,Jinasena_MasterData_Common.res_company_jinasena_agricultural_machinery_pvt_ltd,no,
account_account_lease_liability_cbn_3660,LEASE LIABILITY CBN 3660,base.LKR,21050010,liability_non_current,1,liability,1,Jinasena_MasterData_Common.res_company_jinasena_agricultural_machinery_pvt_ltd,no,
account_account_interest_in_suspense_cbn_3660,INTEREST IN SUSPENSE CBN 3660,base.LKR,21050030,liability_non_current,1,liability,1,Jinasena_MasterData_Common.res_company_jinasena_agricultural_machinery_pvt_ltd,no,
account_account_creditors_control_trade,CREDITORS CONTROL - TRADE,base.LKR,22010010,liability_payable,1,liability,1,Jinasena_MasterData_Common.res_company_jinasena_agricultural_machinery_pvt_ltd,no,
account_account_creditors_control_imports,CREDITORS CONTROL - IMPORTS,base.LKR,22010030,liability_payable,1,liability,1,Jinasena_MasterData_Common.res_company_jinasena_agricultural_machinery_pvt_ltd,no,
account_account_unidentified_bank_credits,UNIDENTIFIED BANK CREDITS,base.LKR,22020030,liability_payable,1,liability,1,Jinasena_MasterData_Common.res_company_jinasena_agricultural_machinery_pvt_ltd,no,
account_account_epf_payable,EPF - PAYABLE,base.LKR,22020050,liability_payable,1,liability,1,Jinasena_MasterData_Common.res_company_jinasena_agricultural_machinery_pvt_ltd,no,
account_account_etf_payable,ETF - PAYABLE,base.LKR,22020070,liability_payable,1,liability,1,Jinasena_MasterData_Common.res_company_jinasena_agricultural_machinery_pvt_ltd,no,
account_account_salaries_payable,SALARIES - PAYABLE,base.LKR,22020090,liability_payable,1,liability,1,Jinasena_MasterData_Common.res_company_jinasena_agricultural_machinery_pvt_ltd,no,
account_account_wages_payable,WAGES -PAYABLE,base.LKR,22020110,liability_payable,1,liability,1,Jinasena_MasterData_Common.res_company_jinasena_agricultural_machinery_pvt_ltd,no,
account_account_unpaid_salaries_and_wages,UNPAID SALARIES AND WAGES,base.LKR,22020130,liability_payable,1,liability,1,Jinasena_MasterData_Common.res_company_jinasena_agricultural_machinery_pvt_ltd,no,
account_account_accrued_expenses,ACCRUED EXPENSES,base.LKR,22020150,liability_payable,1,liability,1,Jinasena_MasterData_Common.res_company_jinasena_agricultural_machinery_pvt_ltd,no,
account_account_deferred_revenue,DEFERRED REVENUE,base.LKR,22020160,liability_current,1,liability,1,Jinasena_MasterData_Common.res_company_jinasena_agricultural_machinery_pvt_ltd,no,
account_account_sales_advances,SALES - ADVANCES,base.LKR,22020170,liability_payable,1,liability,1,Jinasena_MasterData_Common.res_company_jinasena_agricultural_machinery_pvt_ltd,no,
account_account_interim_a_c_for_expenses_customs_duty,INTERIM A/C FOR EXPENSES - CUSTOMS DUTY,base.LKR,22020190,liability_current,1,liability,1,Jinasena_MasterData_Common.res_company_jinasena_agricultural_machinery_pvt_ltd,no,
account_account_interim_a_c_for_expenses_customs_vat,INTERIM A/C FOR EXPENSES - CUSTOMS VAT,base.LKR,22020210,liability_current,1,liability,1,Jinasena_MasterData_Common.res_company_jinasena_agricultural_machinery_pvt_ltd,no,
account_account_interim_a_c_for_expenses_customs_other_c,INTERIM A/C FOR EXPENSES - CUSTOMS OTHER CHARGES,base.LKR,22020230,liability_current,1,liability,1,Jinasena_MasterData_Common.res_company_jinasena_agricultural_machinery_pvt_ltd,no,
account_account_interim_a_c_for_expenses_clearing_charge,INTERIM A/C FOR EXPENSES - CLEARING CHARGES,base.LKR,22020250,liability_current,1,liability,1,Jinasena_MasterData_Common.res_company_jinasena_agricultural_machinery_pvt_ltd,no,
account_account_interim_a_c_for_expenses_customs_nbt,INTERIM A/C FOR EXPENSES - CUSTOMS NBT,base.LKR,22020270,liability_current,1,liability,1,Jinasena_MasterData_Common.res_company_jinasena_agricultural_machinery_pvt_ltd,no,
account_account_interim_liability_import_vendors,INTERIM LIABILITY - IMPORT VENDORS,base.LKR,22020290,liability_current,1,liability,1,Jinasena_MasterData_Common.res_company_jinasena_agricultural_machinery_pvt_ltd,no,
account_account_interim_liability_local_vendors,INTERIM LIABILITY - LOCAL  VENDORS,base.LKR,22020310,liability_current,1,liability,1,Jinasena_MasterData_Common.res_company_jinasena_agricultural_machinery_pvt_ltd,no,
account_account_interim_liability_import_tp_vendors,INTERIM LIABILITY - IMPORT TP  VENDORS,base.LKR,22020330,liability_current,1,liability,1,Jinasena_MasterData_Common.res_company_jinasena_agricultural_machinery_pvt_ltd,no,
account_account_sales_incentive_payable,SALES INCENTIVE PAYABLE,base.LKR,22020350,liability_payable,1,liability,1,Jinasena_MasterData_Common.res_company_jinasena_agricultural_machinery_pvt_ltd,no,
account_account_trust_receipt_loan,TRUST RECEIPT LOAN,base.LKR,22020370,liability_payable,1,liability,1,Jinasena_MasterData_Common.res_company_jinasena_agricultural_machinery_pvt_ltd,no,
account_account_creditors_control_commission,CREDITORS CONTROL - COMMISSION,base.LKR,22020390,liability_payable,1,liability,1,Jinasena_MasterData_Common.res_company_jinasena_agricultural_machinery_pvt_ltd,no,
account_account_creditor_control_employee,CREDITOR CONTROL - EMPLOYEE,base.LKR,22020410,liability_payable,1,liability,1,Jinasena_MasterData_Common.res_company_jinasena_agricultural_machinery_pvt_ltd,no,
account_account_vat_payable,VAT PAYABLE,base.LKR,22050010,liability_payable,1,liability,1,Jinasena_MasterData_Common.res_company_jinasena_agricultural_machinery_pvt_ltd,no,
account_account_stamp_duty_payable,STAMP DUTY PAYABLE,base.LKR,22050030,liability_payable,1,liability,1,Jinasena_MasterData_Common.res_company_jinasena_agricultural_machinery_pvt_ltd,no,
account_account_with_holding_tax_payable,WITH HOLDING TAX PAYABLE,base.LKR,22050050,liability_payable,1,liability,1,Jinasena_MasterData_Common.res_company_jinasena_agricultural_machinery_pvt_ltd,no,
account_account_paye_payable,PAYE PAYABLE,base.LKR,22050070,liability_payable,1,liability,1,Jinasena_MasterData_Common.res_company_jinasena_agricultural_machinery_pvt_ltd,no,
account_account_provision_for_taxation,PROVISION FOR TAXATION,base.LKR,22050090,liability_payable,1,liability,1,Jinasena_MasterData_Common.res_company_jinasena_agricultural_machinery_pvt_ltd,no,
account_account_sscl_payable,SSCL PAYABLE,base.LKR,22050110,liability_payable,1,liability,1,Jinasena_MasterData_Common.res_company_jinasena_agricultural_machinery_pvt_ltd,no,
account_account_creditors_control_inter_company,CREDITORS CONTROL - INTER COMPANY,base.LKR,22070010,liability_payable,1,liability,1,Jinasena_MasterData_Common.res_company_jinasena_agricultural_machinery_pvt_ltd,no,
account_account_issued_share_capital,ISSUED SHARE CAPITAL,base.LKR,31010010,equity,1,equity,1,Jinasena_MasterData_Common.res_company_jinasena_agricultural_machinery_pvt_ltd,no,
account_account_retained_profit,RETAINED PROFIT,base.LKR,31020010,equity,1,equity,1,Jinasena_MasterData_Common.res_company_jinasena_agricultural_machinery_pvt_ltd,no,
account_account_other_comprehensive_income,OTHER COMPREHENSIVE INCOME,base.LKR,31020030,equity,1,equity,1,Jinasena_MasterData_Common.res_company_jinasena_agricultural_machinery_pvt_ltd,no,
account_account_opening_balance_suspense,OPENING BALANCE SUSPENSE,base.LKR,31090010,equity,1,equity,1,Jinasena_MasterData_Common.res_company_jinasena_agricultural_machinery_pvt_ltd,no,
account_account_sales,SALES,base.LKR,41010010,income,,income,1,Jinasena_MasterData_Common.res_company_jinasena_agricultural_machinery_pvt_ltd,no,
account_account_sales_special_projects,SALES - SPECIAL PROJECTS,base.LKR,41010030,income,,income,1,Jinasena_MasterData_Common.res_company_jinasena_agricultural_machinery_pvt_ltd,no,
account_account_service_income,SERVICE INCOME,base.LKR,41010050,income,,income,1,Jinasena_MasterData_Common.res_company_jinasena_agricultural_machinery_pvt_ltd,no,
account_account_sundry_income,SUNDRY INCOME,base.LKR,41010070,income,,income,1,Jinasena_MasterData_Common.res_company_jinasena_agricultural_machinery_pvt_ltd,no,
account_account_sales_discounts,SALES DISCOUNTS,,41010090,income,,income,1,Jinasena_MasterData_Common.res_company_jinasena_agricultural_machinery_pvt_ltd,no,
account_account_cost_of_goods_sold,COST OF GOODS SOLD,base.LKR,51010010,expense_direct_cost,,expense,1,Jinasena_MasterData_Common.res_company_jinasena_agricultural_machinery_pvt_ltd,no,
account_account_scrap_issues,SCRAP ISSUES,base.LKR,51010030,expense_direct_cost,,expense,1,Jinasena_MasterData_Common.res_company_jinasena_agricultural_machinery_pvt_ltd,no,
account_account_consumables,CONSUMABLES,base.LKR,51010050,expense_direct_cost,,expense,1,Jinasena_MasterData_Common.res_company_jinasena_agricultural_machinery_pvt_ltd,no,
account_account_service_outsource_charges,SERVICE & OUTSOURCE CHARGES,base.LKR,51010070,expense_direct_cost,,expense,1,Jinasena_MasterData_Common.res_company_jinasena_agricultural_machinery_pvt_ltd,no,
account_account_general_issues_production,GENERAL ISSUES - PRODUCTION,base.LKR,51010090,expense_direct_cost,,expense,1,Jinasena_MasterData_Common.res_company_jinasena_agricultural_machinery_pvt_ltd,no,
account_account_general_issues_services_repairs,GENERAL ISSUES & SERVICES - REPAIRS,base.LKR,51010110,expense_direct_cost,,expense,1,Jinasena_MasterData_Common.res_company_jinasena_agricultural_machinery_pvt_ltd,no,
account_account_workers_wages,WORKERS - WAGES,base.LKR,51020010,expense_direct_cost,,expense,1,Jinasena_MasterData_Common.res_company_jinasena_agricultural_machinery_pvt_ltd,no,
account_account_workers_e_p_f,WORKERS - E.P.F.,base.LKR,51020030,expense_direct_cost,,expense,1,Jinasena_MasterData_Common.res_company_jinasena_agricultural_machinery_pvt_ltd,no,
account_account_workers_e_t_f,WORKERS - E.T.F.,base.LKR,51020050,expense_direct_cost,,expense,1,Jinasena_MasterData_Common.res_company_jinasena_agricultural_machinery_pvt_ltd,no,
account_account_workers_exgratia,WORKERS - EXGRATIA,base.LKR,51020070,expense_direct_cost,,expense,1,Jinasena_MasterData_Common.res_company_jinasena_agricultural_machinery_pvt_ltd,no,
account_account_workers_overtime,WORKERS - OVERTIME,base.LKR,51020090,expense_direct_cost,,expense,1,Jinasena_MasterData_Common.res_company_jinasena_agricultural_machinery_pvt_ltd,no,
account_account_workers_bonus,WORKERS - BONUS,base.LKR,51020110,expense_direct_cost,,expense,1,Jinasena_MasterData_Common.res_company_jinasena_agricultural_machinery_pvt_ltd,no,
account_account_workers_gratuity,WORKERS - GRATUITY,base.LKR,51020130,expense_direct_cost,,expense,1,Jinasena_MasterData_Common.res_company_jinasena_agricultural_machinery_pvt_ltd,no,
account_account_workers_medical,WORKERS - MEDICAL,base.LKR,51020150,expense_direct_cost,,expense,1,Jinasena_MasterData_Common.res_company_jinasena_agricultural_machinery_pvt_ltd,no,
account_account_workers_casual_wages,WORKERS - CASUAL WAGES,base.LKR,51020170,expense_direct_cost,,expense,1,Jinasena_MasterData_Common.res_company_jinasena_agricultural_machinery_pvt_ltd,no,
account_account_workers_welfare_expenses,WORKERS - WELFARE EXPENSES,base.LKR,51020190,expense_direct_cost,,expense,1,Jinasena_MasterData_Common.res_company_jinasena_agricultural_machinery_pvt_ltd,no,
account_account_workers_compansation_insurance,WORKERS - COMPANSATION INSURANCE,base.LKR,51020210,expense_direct_cost,,expense,1,Jinasena_MasterData_Common.res_company_jinasena_agricultural_machinery_pvt_ltd,no,
account_account_workers_training,WORKERS - TRAINING,base.LKR,51020230,expense_direct_cost,,expense,1,Jinasena_MasterData_Common.res_company_jinasena_agricultural_machinery_pvt_ltd,no,
account_account_workers_contract_labour,WORKERS - CONTRACT LABOUR,base.LKR,51020250,expense_direct_cost,,expense,1,Jinasena_MasterData_Common.res_company_jinasena_agricultural_machinery_pvt_ltd,no,
account_account_workers_travelling,WORKERS - TRAVELLING,base.LKR,51020270,expense_direct_cost,,expense,1,Jinasena_MasterData_Common.res_company_jinasena_agricultural_machinery_pvt_ltd,no,
account_account_depreciation_building,DEPRECIATION - BUILDING,base.LKR,51030010,expense,,expense,1,Jinasena_MasterData_Common.res_company_jinasena_agricultural_machinery_pvt_ltd,no,
account_account_depreciation_plant_and_machinary,DEPRECIATION - PLANT AND MACHINARY,base.LKR,51030030,expense,,expense,1,Jinasena_MasterData_Common.res_company_jinasena_agricultural_machinery_pvt_ltd,no,
account_account_depreciation_tools,DEPRECIATION - TOOLS,base.LKR,51030050,expense,,expense,1,Jinasena_MasterData_Common.res_company_jinasena_agricultural_machinery_pvt_ltd,no,
account_account_depreciation_pattern_design,DEPRECIATION - PATTERN & DESIGN,base.LKR,51030070,expense,,expense,1,Jinasena_MasterData_Common.res_company_jinasena_agricultural_machinery_pvt_ltd,no,
account_account_depreciation_factory_equipment,DEPRECIATION - FACTORY EQUIPMENT,base.LKR,51030090,expense,,expense,1,Jinasena_MasterData_Common.res_company_jinasena_agricultural_machinery_pvt_ltd,no,
account_account_maintenance_tools,MAINTENANCE - TOOLS,base.LKR,51040010,expense_direct_cost,,expense,1,Jinasena_MasterData_Common.res_company_jinasena_agricultural_machinery_pvt_ltd,no,
account_account_maintenance_factory,MAINTENANCE - FACTORY,base.LKR,51040030,expense_direct_cost,,expense,1,Jinasena_MasterData_Common.res_company_jinasena_agricultural_machinery_pvt_ltd,no,
account_account_maintenance_plant_and_machinary,MAINTENANCE - PLANT AND MACHINARY,base.LKR,51040050,expense_direct_cost,,expense,1,Jinasena_MasterData_Common.res_company_jinasena_agricultural_machinery_pvt_ltd,no,
account_account_maintenance_pattern_design,MAINTENANCE - PATTERN & DESIGN,base.LKR,51040070,expense_direct_cost,,expense,1,Jinasena_MasterData_Common.res_company_jinasena_agricultural_machinery_pvt_ltd,no,
account_account_maintenance_factory_equipment,MAINTENANCE - FACTORY EQUIPMENT,base.LKR,51040090,expense_direct_cost,,expense,1,Jinasena_MasterData_Common.res_company_jinasena_agricultural_machinery_pvt_ltd,no,
account_account_maintenance_factory_building,MAINTENANCE - FACTORY BUILDING,base.LKR,51040110,expense_direct_cost,,expense,1,Jinasena_MasterData_Common.res_company_jinasena_agricultural_machinery_pvt_ltd,no,
account_account_electricity,ELECTRICITY,base.LKR,51050010,expense_direct_cost,,expense,1,Jinasena_MasterData_Common.res_company_jinasena_agricultural_machinery_pvt_ltd,no,
account_account_expenses_water_sewerage_charges,EXPENSES - WATER & SEWERAGE CHARGES,base.LKR,51050030,expense_direct_cost,,expense,1,Jinasena_MasterData_Common.res_company_jinasena_agricultural_machinery_pvt_ltd,no,
account_account_expenses_rates_and_taxes,EXPENSES - RATES AND TAXES,base.LKR,51050050,expense_direct_cost,,expense,1,Jinasena_MasterData_Common.res_company_jinasena_agricultural_machinery_pvt_ltd,no,
account_account_foreign_exchange_gain,FOREIGN EXCHANGE GAIN,,61010010,income_other,,income,1,Jinasena_MasterData_Common.res_company_jinasena_agricultural_machinery_pvt_ltd,no,
account_account_inventory_profit,INVENTORY PROFIT,base.LKR,61010030,income_other,,income,1,Jinasena_MasterData_Common.res_company_jinasena_agricultural_machinery_pvt_ltd,no,
account_account_sales_commision,SALES COMMISION,base.LKR,71010010,expense,,expense,1,Jinasena_MasterData_Common.res_company_jinasena_agricultural_machinery_pvt_ltd,no,
account_account_sales_promotion,SALES PROMOTION,base.LKR,71010030,expense,,expense,1,Jinasena_MasterData_Common.res_company_jinasena_agricultural_machinery_pvt_ltd,no,
account_account_advertising_general,ADVERTISING - GENERAL,base.LKR,71010050,expense,,expense,1,Jinasena_MasterData_Common.res_company_jinasena_agricultural_machinery_pvt_ltd,no,
account_account_expenses_transport,EXPENSES - TRANSPORT,base.LKR,71010070,expense,,expense,1,Jinasena_MasterData_Common.res_company_jinasena_agricultural_machinery_pvt_ltd,no,
account_account_directors_fees,DIRECTORS' FEES,base.LKR,72010010,expense,,expense,1,Jinasena_MasterData_Common.res_company_jinasena_agricultural_machinery_pvt_ltd,no,
account_account_staff_salaries,STAFF - SALARIES,base.LKR,72020010,expense,,expense,1,Jinasena_MasterData_Common.res_company_jinasena_agricultural_machinery_pvt_ltd,no,
account_account_staff_e_p_f,STAFF - E.P.F.,base.LKR,72020030,expense,,expense,1,Jinasena_MasterData_Common.res_company_jinasena_agricultural_machinery_pvt_ltd,no,
account_account_staff_e_t_f,STAFF - E.T.F.,base.LKR,72020050,expense,,expense,1,Jinasena_MasterData_Common.res_company_jinasena_agricultural_machinery_pvt_ltd,no,
account_account_staff_ex_gratia,STAFF - EX-GRATIA,base.LKR,72020070,expense,,expense,1,Jinasena_MasterData_Common.res_company_jinasena_agricultural_machinery_pvt_ltd,no,
account_account_staff_casual_salaries,STAFF - CASUAL SALARIES,base.LKR,72020090,expense,,expense,1,Jinasena_MasterData_Common.res_company_jinasena_agricultural_machinery_pvt_ltd,no,
account_account_staff_bonus,STAFF - BONUS,base.LKR,72020110,expense,,expense,1,Jinasena_MasterData_Common.res_company_jinasena_agricultural_machinery_pvt_ltd,no,
account_account_staff_gratuity,STAFF - GRATUITY,base.LKR,72020130,expense,,expense,1,Jinasena_MasterData_Common.res_company_jinasena_agricultural_machinery_pvt_ltd,no,
account_account_staff_insurance,STAFF - INSURANCE,base.LKR,72020150,expense,,expense,1,Jinasena_MasterData_Common.res_company_jinasena_agricultural_machinery_pvt_ltd,no,
account_account_staff_training,STAFF - TRAINING,base.LKR,72020170,expense,,expense,1,Jinasena_MasterData_Common.res_company_jinasena_agricultural_machinery_pvt_ltd,no,
account_account_staff_welfare_expenses,STAFF - WELFARE EXPENSES,base.LKR,72020190,expense,,expense,1,Jinasena_MasterData_Common.res_company_jinasena_agricultural_machinery_pvt_ltd,no,
account_account_staff_medical,STAFF - MEDICAL,base.LKR,72020210,expense,,expense,1,Jinasena_MasterData_Common.res_company_jinasena_agricultural_machinery_pvt_ltd,no,
account_account_staff_pension,STAFF - PENSION,base.LKR,72020230,expense,,expense,1,Jinasena_MasterData_Common.res_company_jinasena_agricultural_machinery_pvt_ltd,no,
account_account_staff_overtime,STAFF - OVERTIME,base.LKR,72020250,expense,,expense,1,Jinasena_MasterData_Common.res_company_jinasena_agricultural_machinery_pvt_ltd,no,
account_account_staff_travelling,STAFF - TRAVELLING,base.LKR,72020270,expense,,expense,1,Jinasena_MasterData_Common.res_company_jinasena_agricultural_machinery_pvt_ltd,no,
account_account_centre_expenses,CENTRE EXPENSES,base.LKR,72030010,expense,,expense,1,Jinasena_MasterData_Common.res_company_jinasena_agricultural_machinery_pvt_ltd,no,
account_account_scrap_issues_4467,SCRAP ISSUES,base.LKR,72030020,expense,,expense,1,Jinasena_MasterData_Common.res_company_jinasena_agricultural_machinery_pvt_ltd,no,
account_account_cost_of_imported_samples,COST OF IMPORTED SAMPLES,base.LKR,72030030,expense,,expense,1,Jinasena_MasterData_Common.res_company_jinasena_agricultural_machinery_pvt_ltd,no,
account_account_expenses_product_modifications_repairs,EXPENSES - PRODUCT MODIFICATIONS & REPAIRS,base.LKR,72030050,expense,,expense,1,Jinasena_MasterData_Common.res_company_jinasena_agricultural_machinery_pvt_ltd,no,
account_account_expenses_generator_running,EXPENSES - GENERATOR RUNNING,base.LKR,72030070,expense,,expense,1,Jinasena_MasterData_Common.res_company_jinasena_agricultural_machinery_pvt_ltd,no,
account_account_expenses_r_d,EXPENSES - R. & D.,base.LKR,72030090,expense,,expense,1,Jinasena_MasterData_Common.res_company_jinasena_agricultural_machinery_pvt_ltd,no,
account_account_bank_charges,BANK CHARGES,base.LKR,72030110,expense,,expense,1,Jinasena_MasterData_Common.res_company_jinasena_agricultural_machinery_pvt_ltd,no,
account_account_general_insurance,GENERAL INSURANCE,base.LKR,72030130,expense,,expense,1,Jinasena_MasterData_Common.res_company_jinasena_agricultural_machinery_pvt_ltd,no,
account_account_general_medical,GENERAL MEDICAL,base.LKR,72030150,expense,,expense,1,Jinasena_MasterData_Common.res_company_jinasena_agricultural_machinery_pvt_ltd,no,
account_account_licence_fees,LICENCE FEES,base.LKR,72030170,expense,,expense,1,Jinasena_MasterData_Common.res_company_jinasena_agricultural_machinery_pvt_ltd,no,
account_account_office_expenses,OFFICE EXPENSES,base.LKR,72030190,expense,,expense,1,Jinasena_MasterData_Common.res_company_jinasena_agricultural_machinery_pvt_ltd,no,
account_account_rent,RENT,base.LKR,72030210,expense,,expense,1,Jinasena_MasterData_Common.res_company_jinasena_agricultural_machinery_pvt_ltd,no,
account_account_security,SECURITY,base.LKR,72030230,expense,,expense,1,Jinasena_MasterData_Common.res_company_jinasena_agricultural_machinery_pvt_ltd,no,
account_account_telephone,TELEPHONE,base.LKR,72030250,expense,,expense,1,Jinasena_MasterData_Common.res_company_jinasena_agricultural_machinery_pvt_ltd,no,
account_account_telex_internet_email,"TELEX,. INTERNET, EMAIL",base.LKR,72030270,expense,,expense,1,Jinasena_MasterData_Common.res_company_jinasena_agricultural_machinery_pvt_ltd,no,
account_account_local_travelling_bata,LOCAL TRAVELLING & BATA,base.LKR,72030290,expense,,expense,1,Jinasena_MasterData_Common.res_company_jinasena_agricultural_machinery_pvt_ltd,no,
account_account_postag_and_telegrams,POSTAG AND TELEGRAMS,base.LKR,72030310,expense,,expense,1,Jinasena_MasterData_Common.res_company_jinasena_agricultural_machinery_pvt_ltd,no,
account_account_stationery,STATIONERY,base.LKR,72030330,expense,,expense,1,Jinasena_MasterData_Common.res_company_jinasena_agricultural_machinery_pvt_ltd,no,
account_account_royalty,ROYALTY,base.LKR,72030350,expense,,expense,1,Jinasena_MasterData_Common.res_company_jinasena_agricultural_machinery_pvt_ltd,no,
account_account_disposal_of_assets,DISPOSAL OF ASSETS,base.LKR,72030370,expense,,expense,1,Jinasena_MasterData_Common.res_company_jinasena_agricultural_machinery_pvt_ltd,no,
account_account_invoice_rounding_off,INVOICE ROUNDING OFF,base.LKR,72030390,expense,,expense,1,Jinasena_MasterData_Common.res_company_jinasena_agricultural_machinery_pvt_ltd,no,
account_account_inventory_loss,INVENTORY LOSS,base.LKR,72030410,expense,,expense,1,Jinasena_MasterData_Common.res_company_jinasena_agricultural_machinery_pvt_ltd,no,
account_account_expenses_general,EXPENSES - GENERAL,base.LKR,72030430,expense,,expense,1,Jinasena_MasterData_Common.res_company_jinasena_agricultural_machinery_pvt_ltd,no,
account_account_stamp_duty,STAMP DUTY,base.LKR,72030450,expense,,expense,1,Jinasena_MasterData_Common.res_company_jinasena_agricultural_machinery_pvt_ltd,no,
account_account_charity_donation,CHARITY & DONATION,base.LKR,72030470,expense,,expense,1,Jinasena_MasterData_Common.res_company_jinasena_agricultural_machinery_pvt_ltd,no,
account_account_demonstration_expenses,DEMONSTRATION EXPENSES,base.LKR,72030490,expense,,expense,1,Jinasena_MasterData_Common.res_company_jinasena_agricultural_machinery_pvt_ltd,no,
account_account_inventory_slow_moving,INVENTORY - SLOW MOVING,base.LKR,72030510,expense,,expense,1,Jinasena_MasterData_Common.res_company_jinasena_agricultural_machinery_pvt_ltd,no,
account_account_tax_written_off,TAX WRITTEN OFF,base.LKR,72030530,expense,,expense,1,Jinasena_MasterData_Common.res_company_jinasena_agricultural_machinery_pvt_ltd,no,
account_account_legal_expenses,LEGAL EXPENSES,base.LKR,72030550,expense,,expense,1,Jinasena_MasterData_Common.res_company_jinasena_agricultural_machinery_pvt_ltd,no,
account_account_bad_debts,BAD DEBTS,base.LKR,72030570,expense,,expense,1,Jinasena_MasterData_Common.res_company_jinasena_agricultural_machinery_pvt_ltd,no,
account_account_expenses_vehicle_hiring,EXPENSES - VEHICLE HIRING,base.LKR,72030590,expense,,expense,1,Jinasena_MasterData_Common.res_company_jinasena_agricultural_machinery_pvt_ltd,no,
account_account_miscellaneous_write_off,MISCELLANEOUS WRITE OFF,base.LKR,72030610,expense,,expense,1,Jinasena_MasterData_Common.res_company_jinasena_agricultural_machinery_pvt_ltd,no,
account_account_defeerred_tax_expenses,DEFEERRED TAX EXPENSES,base.LKR,72030630,expense,,expense,1,Jinasena_MasterData_Common.res_company_jinasena_agricultural_machinery_pvt_ltd,no,
account_account_nation_building_tax,NATION BUILDING TAX,base.LKR,72030650,expense,,expense,1,Jinasena_MasterData_Common.res_company_jinasena_agricultural_machinery_pvt_ltd,no,
account_account_audit_fees,AUDIT FEES,base.LKR,72030670,expense,,expense,1,Jinasena_MasterData_Common.res_company_jinasena_agricultural_machinery_pvt_ltd,no,
account_account_projects_accrued_income,PROJECTS ACCRUED INCOME,base.LKR,72030690,expense,,expense,1,Jinasena_MasterData_Common.res_company_jinasena_agricultural_machinery_pvt_ltd,no,
account_account_repairs_tractors,REPAIRS - TRACTORS,base.LKR,72030710,expense,,expense,1,Jinasena_MasterData_Common.res_company_jinasena_agricultural_machinery_pvt_ltd,no,
account_account_repairs_threshers,REPAIRS - THRESHERS,base.LKR,72030730,expense,,expense,1,Jinasena_MasterData_Common.res_company_jinasena_agricultural_machinery_pvt_ltd,no,
account_account_repairs_machines,REPAIRS - MACHINES,base.LKR,72030750,expense,,expense,1,Jinasena_MasterData_Common.res_company_jinasena_agricultural_machinery_pvt_ltd,no,
account_account_profit_loss_appropriation,PROFIT & LOSS APPROPRIATION,base.LKR,72030770,expense,,expense,1,Jinasena_MasterData_Common.res_company_jinasena_agricultural_machinery_pvt_ltd,no,
account_account_expenses_new_products_services,EXPENSES - NEW PRODUCTS & SERVICES,base.LKR,72030790,expense,,expense,1,Jinasena_MasterData_Common.res_company_jinasena_agricultural_machinery_pvt_ltd,no,
account_account_material_consumption_projects,MATERIAL CONSUMPTION - PROJECTS,base.LKR,72030810,expense,,expense,1,Jinasena_MasterData_Common.res_company_jinasena_agricultural_machinery_pvt_ltd,no,
account_account_value_added_tax,VALUE ADDED TAX,base.LKR,72030830,expense,,expense,1,Jinasena_MasterData_Common.res_company_jinasena_agricultural_machinery_pvt_ltd,no,
account_account_social_responsibility_levy,SOCIAL RESPONSIBILITY LEVY,base.LKR,72030850,expense,,expense,1,Jinasena_MasterData_Common.res_company_jinasena_agricultural_machinery_pvt_ltd,no,
account_account_professional_management_fee,PROFESSIONAL & MANAGEMENT FEE,base.LKR,72040010,expense,,expense,1,Jinasena_MasterData_Common.res_company_jinasena_agricultural_machinery_pvt_ltd,no,
account_account_r_u_g_repairs_under_guarantee,R.U.G. - REPAIRS UNDER GUARANTEE,base.LKR,72050010,expense,,expense,1,Jinasena_MasterData_Common.res_company_jinasena_agricultural_machinery_pvt_ltd,no,
account_account_maintenance_ofice_equipment,MAINTENANCE - OFICE EQUIPMENT,base.LKR,72080010,expense,,expense,1,Jinasena_MasterData_Common.res_company_jinasena_agricultural_machinery_pvt_ltd,no,
account_account_maintenance_fixtures_fittings,MAINTENANCE - FIXTURES & FITTINGS,base.LKR,72080030,expense,,expense,1,Jinasena_MasterData_Common.res_company_jinasena_agricultural_machinery_pvt_ltd,no,
account_account_maintenance_furniture,MAINTENANCE - FURNITURE,base.LKR,72080050,expense,,expense,1,Jinasena_MasterData_Common.res_company_jinasena_agricultural_machinery_pvt_ltd,no,
account_account_maintenance_dimo_machinary,MAINTENANCE - DIMO MACHINARY,base.LKR,72080070,expense,,expense,1,Jinasena_MasterData_Common.res_company_jinasena_agricultural_machinery_pvt_ltd,no,
account_account_depreciation_fixtures_and_fittings,DEPRECIATION - FIXTURES AND FITTINGS,base.LKR,72090010,expense,,expense,1,Jinasena_MasterData_Common.res_company_jinasena_agricultural_machinery_pvt_ltd,no,
account_account_depreciation_furniture,DEPRECIATION - FURNITURE,base.LKR,72090030,expense,,expense,1,Jinasena_MasterData_Common.res_company_jinasena_agricultural_machinery_pvt_ltd,no,
account_account_depreciation_office_equipment,DEPRECIATION - OFFICE EQUIPMENT,base.LKR,72090050,expense,,expense,1,Jinasena_MasterData_Common.res_company_jinasena_agricultural_machinery_pvt_ltd,no,
account_account_depreciation_demonstration_machinery,DEPRECIATION - DEMONSTRATION MACHINERY,base.LKR,72090070,expense,,expense,1,Jinasena_MasterData_Common.res_company_jinasena_agricultural_machinery_pvt_ltd,no,
account_account_depreciation_leasehold_motor_vehicles,DEPRECIATION - LEASEHOLD  MOTOR VEHICLES,base.LKR,72090090,expense_depreciation,,expense,1,Jinasena_MasterData_Common.res_company_jinasena_agricultural_machinery_pvt_ltd,no,
account_account_interest_overdraft,INTEREST - OVERDRAFT,base.LKR,81010010,expense,,expense,1,Jinasena_MasterData_Common.res_company_jinasena_agricultural_machinery_pvt_ltd,no,
account_account_interest_trust_receipt_loans,INTEREST - TRUST RECEIPT LOANS,base.LKR,81010030,expense,,expense,1,Jinasena_MasterData_Common.res_company_jinasena_agricultural_machinery_pvt_ltd,no,
account_account_foreign_exchange_loss,FOREIGN EXCHANGE LOSS,base.LKR,81010050,expense,,expense,1,Jinasena_MasterData_Common.res_company_jinasena_agricultural_machinery_pvt_ltd,no,
account_account_interest_lease,INTEREST - LEASE,,81010070,expense,,expense,1,Jinasena_MasterData_Common.res_company_jinasena_agricultural_machinery_pvt_ltd,no,
account_account_income_tax,INCOME TAX,,91010010,expense,,expense,1,Jinasena_MasterData_Common.res_company_jinasena_agricultural_machinery_pvt_ltd,no,
account_account_undistributed_profits_losses,Undistributed Profits/Losses,,999999,equity_unaffected,1,equity,,base.main_company,no,
account_account_undistributed_profits_losses_3130,Undistributed Profits/Losses,,999999,equity_unaffected,1,equity,,Jinasena_MasterData_Common.res_company_jinasena_agricultural_machinery_pvt_ltd,no,
account_account_agricultural_machinary_sales_promotions_,AGRICULTURAL MACHINARY - SALES PROMOTIONS/ DEMONSTRATIONS,,AG001,expense,,expense,,base.main_company,no,
account_account_agricultural_machinary_services,AGRICULTURAL MACHINARY - SERVICES,,AG003,expense,,expense,,base.main_company,no,
account_account_amortization_software,AMORTIZATION - SOFTWARE,,AM001,expense,,expense,,base.main_company,no,
account_account_expenses_agriculture_machinary,EXPENSES - AGRICULTURE MACHINARY,,AP001,expense,,expense,,base.main_company,no,
account_account_expenses_agriculture_machinary_1290,EXPENSES - AGRICULTURE MACHINARY,,AP002,expense,,expense,,base.main_company,no,
account_account_advertising_general_1291,ADVERTISING - GENERAL,,AP003,expense,,expense,,base.main_company,no,
account_account_demonstration_general,DEMONSTRATION - GENERAL,,AP004,expense,,expense,,base.main_company,no,
account_account_sales_promotion_general,SALES PROMOTION - GENERAL,,AP005,expense,,expense,,base.main_company,no,
account_account_expenses_automobile_division,EXPENSES - AUTOMOBILE DIVISION,,AU001,expense,,expense,,base.main_company,no,
account_account_debtors_ledger_control_trade_1033,DEBTORS LEDGER CONTROL - TRADE,,CA001,asset_current,1,asset,,base.main_company,no,
account_account_debtors_ledger_control_other_companies_1034,DEBTORS LEDGER CONTROL - OTHER COMPANIES,,CA002,asset_current,1,asset,,base.main_company,no,
account_account_debtors_ledger_control_inter_companies_1070,DEBTORS LEDGER CONTROL - INTER COMPANIES,,CA003,asset_current,1,asset,,base.main_company,no,
account_account_pre_payments,PRE-PAYMENTS,,CA004,asset_current,1,asset,,base.main_company,no,
account_account_general_deposits,GENERAL DEPOSITS,,CA005,asset_current,1,asset,,base.main_company,no,
account_account_interim_debtors_projects,INTERIM DEBTORS - PROJECTS,,CA006,asset_current,1,asset,,base.main_company,no,
account_account_insurance_claims_1185,INSURANCE CLAIMS,,CA007,liability_non_current,1,liability,,base.main_company,no,
account_account_imports_margin_1053,IMPORTS MARGIN,,CA008,asset_current,1,asset,,base.main_company,no,
account_account_security_deposit_dealers,SECURITY DEPOSIT -   DEALERS,,CA009,liability_non_current,1,liability,,base.main_company,no,
account_account_interest_collection_suspense_dealers,INTEREST COLLECTION SUSPENSE -  DEALERS,,CA010,liability_non_current,1,liability,,base.main_company,no,
account_account_collection_due_on_calenders,COLLECTION DUE ON CALENDERS,,CA011,liability_non_current,1,liability,,base.main_company,no,
account_account_excess_payments,EXCESS PAYMENTS,,CA012,liability_non_current,1,liability,,base.main_company,no,
account_account_returned_cheque_outstanding_consignment,RETURNED CHEQUE OUTSTANDING - CONSIGNMENT,,CA015,asset_current,1,asset,,base.main_company,no,
account_account_stamp_float,STAMP FLOAT,,CA017,asset_current,1,asset,,base.main_company,no,
account_account_cash_floats_1106,CASH FLOATS,,CA018,asset_current,1,asset,,base.main_company,no,
account_account_cgir_wht_recoverable_from_income_tax,CGIR - WHT -  RECOVERABLE FROM INCOME TAX,,CA019,asset_current,1,asset,,base.main_company,no,
account_account_cgir_gst,CGIR - GST,,CA021,asset_current,1,asset,,base.main_company,no,
account_account_reimbursement_tsj_snr_bungalow_expenses,REIMBURSEMENT - TSJ (SNR) BUNGALOW EXPENSES,,CA023,asset_current,1,asset,,base.main_company,no,
account_account_staff_ledger_control_employee_loans_1038,STAFF LEDGER CONTROL - EMPLOYEE LOANS,,CA025,asset_current,1,asset,,base.main_company,no,
account_account_advance_payments_pending_final_documents_1045,ADVANCE PAYMENTS PENDING FINAL DOCUMENTS,,CA026,asset_current,1,asset,,base.main_company,no,
account_account_tender_deposits,TENDER DEPOSITS,,CA027,asset_current,1,asset,,base.main_company,no,
account_account_welfare_shop_clombo, WELFARE SHOP (CLOMBO),,CA031,liability_non_current,1,liability,,base.main_company,no,
account_account_welfare_shop_ekala,WELFARE SHOP (EKALA),,CA032,liability_non_current,1,liability,,base.main_company,no,
account_account_lease_interest_suspense_cfl,LEASE INTEREST SUSPENSE (CFL),,CA033,asset_current,1,asset,,base.main_company,no,
account_account_lease_interest_suspense_hnb,LEASE INTEREST SUSPENSE (HNB),,CA034,asset_current,1,asset,,base.main_company,no,
account_account_bank_of_ceylon_corporate_branch,BANK OF CEYLON -CORPORATE BRANCH,,CA035,asset_current,1,asset,,base.main_company,no,
account_account_bank_of_ceylon_personal_branch_us,BANK OF CEYLON - PERSONAL BRANCH (US$),,CA036,asset_current,1,asset,,base.main_company,no,
account_account_bank_of_ceylon_union_place_no_01,BANK OF CEYLON - UNION PLACE  (NO: 01),,CA037,asset_current,1,asset,,base.main_company,no,
account_account_bank_of_ceylon_union_place_no_02,BANK OF CEYLON - UNION PLACE  (NO: 02),,CA038,asset_current,1,asset,,base.main_company,no,
account_account_commercial_bank_of_ceylon_ltd_no_1,COMMERCIAL BANK OF CEYLON LTD (NO:1),,CA041,asset_current,1,asset,,base.main_company,no,
account_account_commercial_bank_of_ceylon_ltd_no_2,COMMERCIAL BANK OF CEYLON LTD (NO:2),,CA042,asset_current,1,asset,,base.main_company,no,
account_account_hatton_national_bank,HATTON NATIONAL BANK,,CA043,asset_current,1,asset,,base.main_company,no,
account_account_sampath_bank_limited,SAMPATH BANK LIMITED,,CA044,asset_current,1,asset,,base.main_company,no,
account_account_peoples_bank_park_street,PEOPLES BANK - PARK STREET,,CA045,asset_current,1,asset,,base.main_company,no,
account_account_cash_in_hand_cashier,CASH IN HAND - CASHIER,,CA046,asset_current,1,asset,,base.main_company,no,
account_account_cash_in_hand_safe,CASH IN HAND - SAFE,,CA047,asset_current,1,asset,,base.main_company,no,
account_account_wilpattu_nursary_school,WILPATTU NURSARY SCHOOL,,CA050,asset_current,1,asset,,base.main_company,no,
account_account_staff_ledger_control_salary_advances_1056,STAFF LEDGER CONTROL -  SALARY ADVANCES,,CA054,asset_current,1,asset,,base.main_company,no,
account_account_staff_ledger_control_other_deductions_1182,STAFF LEDGER CONTROL - OTHER DEDUCTIONS,,CA055,liability_non_current,1,liability,,base.main_company,no,
account_account_staff_ledger_control_funeral_fund_1183,STAFF LEDGER CONTROL - FUNERAL FUND,,CA056,liability_non_current,1,liability,,base.main_company,no,
account_account_staff_ledger_control_unclaimed_salaries__1184,STAFF LEDGER CONTROL - UNCLAIMED SALARIES & WAGES,,CA057,liability_non_current,1,liability,,base.main_company,no,
account_account_cheques_in_hand_safe,CHEQUES IN HAND - SAFE,,CA058,asset_current,1,asset,,base.main_company,no,
account_account_cheques_in_hand_sales_centres_1112,CHEQUES IN HAND - SALES CENTRES,,CA059,asset_current,1,asset,,base.main_company,no,
account_account_cash_in_hand_sales_centres_1107,CASH IN HAND - SALES CENTRES,,CA060,asset_current,1,asset,,base.main_company,no,
account_account_inter_co_stationery_issues_recoverable,INTER CO. STATIONERY ISSUES RECOVERABLE,,CA062,asset_current,1,asset,,base.main_company,no,
account_account_inter_company_telephone_charges_recovera,INTER COMPANY TELEPHONE CHARGES-RECOVERABLE,,CA064,asset_current,1,asset,,base.main_company,no,
account_account_vat_receivable,VAT RECEIVABLE,,CA066,asset_current,1,asset,,base.main_company,no,
account_account_nbt_recoverable,NBT RECOVERABLE,,CA067,asset_current,1,asset,,base.main_company,no,
account_account_short_supplied_imports,SHORT SUPPLIED IMPORTS,,CA068,liability_non_current,1,liability,,base.main_company,no,
account_account_cash_in_hand_repair_spares_cmb,CASH IN HAND - REPAIR & SPARES (CMB),,CA069,asset_current,1,asset,,base.main_company,no,
account_account_cheques_in_hand_repair_spares_cmb,CHEQUES IN HAND - REPAIR & SPARES (CMB),,CA070,asset_current,1,asset,,base.main_company,no,
account_account_commercial_bank_of_ceylon_ltd_ekala,COMMERCIAL BANK OF CEYLON LTD - EKALA,,CA071,asset_current,1,asset,,base.main_company,no,
account_account_recoveries_pending,RECOVERIES - PENDING,,CA072,liability_non_current,1,liability,,base.main_company,no,
account_account_opening_balance_account_for_data_importi,OPENING BALANCE ACCOUNT FOR DATA IMPORTING (JEM),,CA073,liability_non_current,1,liability,,base.main_company,no,
account_account_stock_shortage_n_eliya,STOCK SHORTAGE -N'ELIYA,,CA074,asset_current,1,asset,,base.main_company,no,
account_account_jinasena_infortech_pvt_ltd,JINASENA INFORTECH (PVT) LTD,,CA075,asset_current,1,asset,,base.main_company,no,
account_account_unidentified_trasactions_boc_union_place,UNIDENTIFIED TRASACTIONS- BOC UNION PLACE  A/C (2),,CA076,liability_non_current,1,liability,,base.main_company,no,
account_account_unidentified_trasactions_cbc_colombo_7_a,UNIDENTIFIED TRASACTIONS- CBC COLOMBO 7  A/C (1),,CA077,liability_non_current,1,liability,,base.main_company,no,
account_account_unidentified_trasactions_cbc_colombo_7_a_1174,UNIDENTIFIED TRASACTIONS- CBC COLOMBO 7  A/C (2),,CA078,liability_non_current,1,liability,,base.main_company,no,
account_account_unidentified_trasactions_hnb,UNIDENTIFIED TRASACTIONS- HNB,,CA079,liability_non_current,1,liability,,base.main_company,no,
account_account_flood_claims,FLOOD CLAIMS,,CA080,liability_non_current,1,liability,,base.main_company,no,
account_account_nescafe_machine_colombo,NESCAFE MACHINE - COLOMBO,,CA081,asset_current,1,asset,,base.main_company,no,
account_account_stock_shortage_anuradhapura,STOCK SHORTAGE -ANURADHAPURA,,CA082,liability_non_current,1,liability,,base.main_company,no,
account_account_stock_shortage_t_gama,STOCK SHORTAGE -T'GAMA,,CA083,asset_current,1,asset,,base.main_company,no,
account_account_stock_shortage_tissa_legal_issue_kumara,STOCK SHORTAGE -TISSA (LEGAL ISSUE - KUMARA),,CA084,asset_current,1,asset,,base.main_company,no,
account_account_castings_plastic_scrap_returns,CASTINGS & PLASTIC SCRAP RETURNS,,CA085,liability_non_current,1,liability,,base.main_company,no,
account_account_stock_shortage_ambalanthota,STOCK SHORTAGE -AMBALANTHOTA,,CA086,asset_current,1,asset,,base.main_company,no,
account_account_svat_recoverable_a_c,SVAT RECOVERABLE A/C,,CA087,asset_current,1,asset,,base.main_company,no,
account_account_onak_erp_training_acadamy_pvt_ltd,ONAK ERP TRAINING ACADAMY (PVT) LTD,,CA088,asset_current,1,asset,,base.main_company,no,
account_account_stock_shortage_ekala_kapila,STOCK SHORTAGE-EKALA (KAPILA),,CA089,asset_current,1,asset,,base.main_company,no,
account_account_lease_interest_in_suspense_ndb,LEASE INTEREST IN SUSPENSE(NDB),,CA092,asset_current,1,asset,,base.main_company,no,
account_account_cash_advance_for_local_purchasing,CASH ADVANCE FOR LOCAL PURCHASING,,CA093,asset_current,1,asset,,base.main_company,no,
account_account_pre_paid_staff_benefit,PRE PAID STAFF BENEFIT,,CA094,asset_current,1,asset,,base.main_company,no,
account_account_unidentified_trasactions_boc_union_place_1178,UNIDENTIFIED TRASACTIONS- BOC UNION PLACE  A/C (1),,CA095,liability_non_current,1,liability,,base.main_company,no,
account_account_unidentified_trasactions_sampath_a_c,UNIDENTIFIED TRASACTIONS-SAMPATH A/C,,CA096,liability_non_current,1,liability,,base.main_company,no,
account_account_unidentified_trasactions_peoples_a_c,UNIDENTIFIED TRASACTIONS- PEOPLES A/C,,CA097,liability_non_current,1,liability,,base.main_company,no,
account_account_commercial_bank_money_market_account,COMMERCIAL BANK - MONEY MARKET ACCOUNT,,CA098,asset_current,1,asset,,base.main_company,no,
account_account_unidentified_trasactions_boc_corporate_b,UNIDENTIFIED TRASACTIONS- BOC CORPORATE BRANCH,,CA099,liability_non_current,1,liability,,base.main_company,no,
account_account_lease_interest_in_suspense_m_i_f_plc,LEASE INTEREST IN SUSPENSE(M.I&F PLC),,CA100,asset_current,1,asset,,base.main_company,no,
account_account_public_bank_berhad,PUBLIC BANK BERHAD,,CA101,asset_current,1,asset,,base.main_company,no,
account_account_mortgage_interest_in_suspense_public_ban,MORTGAGE INTEREST IN SUSPENSE(PUBLIC BANK),,CA102,asset_current,1,asset,,base.main_company,no,
account_account_bank_of_ceylon_plc_project_ac,BANK OF CEYLON PLC-PROJECT AC,,CA103,asset_current,1,asset,,base.main_company,no,
account_account_public_bank_savings_account,PUBLIC BANK SAVINGS ACCOUNT,,CA104,asset_current,1,asset,,base.main_company,no,
account_account_commercial_bank_savings_a_c_ekala_branch,COMMERCIAL BANK SAVINGS A/C-EKALA BRANCH,,CA105,asset_current,1,asset,,base.main_company,no,
account_account_lease_interest_in_suspense_com_bank,LEASE INTEREST IN SUSPENSE(COM.BANK),,CA106,asset_current,1,asset,,base.main_company,no,
account_account_pending_legal_stock_issues,PENDING LEGAL STOCK ISSUES,,CA107,asset_current,1,asset,,base.main_company,no,
account_account_consignment_recoverable,CONSIGNMENT RECOVERABLE,,CA108,asset_current,1,asset,,base.main_company,no,
account_account_commercial_bank_csr_project_ac_col_1,COMMERCIAL BANK-CSR PROJECT AC-COL 1,,CA109,asset_current,1,asset,,base.main_company,no,
account_account_hatton_national_bank_project_ac,HATTON NATIONAL BANK PROJECT AC,,CA110,asset_current,1,asset,,base.main_company,no,
account_account_castings_plastic_scrap_returns_machine_r,CASTINGS & PLASTIC SCRAP RETURNS (MACHINE REJECTS),,CA111,asset_current,1,asset,,base.main_company,no,
account_account_seylan_bank_current_account,SEYLAN BANK - CURRENT ACCOUNT,,CA112,asset_current,1,asset,,base.main_company,no,
account_account_seylan_bank_saving_account,SEYLAN BANK - SAVING ACCOUNT,,CA113,asset_current,1,asset,,base.main_company,no,
account_account_sales_center_stock_and_other_issues,SALES CENTER STOCK AND OTHER ISSUES,,CA114,asset_current,1,asset,,base.main_company,no,
account_account_national_development_bank_current_accoun,NATIONAL DEVELOPMENT BANK - CURRENT ACCOUNT,,CA115,asset_current,1,asset,,base.main_company,no,
account_account_pre_incorporation_payments,PRE INCORPORATION PAYMENTS,,CA116,asset_current,1,asset,,base.main_company,no,
account_account_stock_shortage_2018_2019_sales_centers,STOCK SHORTAGE-2018-2019(SALES CENTERS),,CA117,asset_current,1,asset,,base.main_company,no,
account_account_peoples_bank_borrella_brance,PEOPLES BANK - BORRELLA BRANCE,,CA118,asset_current,1,asset,,base.main_company,no,
account_account_interest_receivable,INTEREST RECEIVABLE,,CA119,asset_current,1,asset,,base.main_company,no,
account_account_peoples_bank_borrella_cr_jinasena_pvt_lt,PEOPLES BANK BORRELLA CR JINASENA (PVT) LTD A/C 078200130032,,CA120,asset_current,1,asset,,base.main_company,no,
account_account_stock_shortage_2020_2021_sales_centers_1025,STOCK SHORTAGE-2020-2021(SALES CENTERS),,CA121,asset_non_current,1,asset,,base.main_company,no,
account_account_prepaid_insurance,PrePaid Insurance,,CA999,asset_current,1,asset,,base.main_company,validate,
account_account_centre_expenses_1298,CENTRE EXPENSES,,CE001,expense,,expense,,base.main_company,no,
account_account_sales_centre_maintenance_stores_issues,SALES CENTRE - MAINTENANCE STORES ISSUES,,CE002,expense,,expense,,base.main_company,no,
account_account_creditors_control_trade_1127,CREDITORS CONTROL - TRADE,,CL001,liability_non_current,1,liability,1,base.main_company,no,
account_account_creditors_control_inter_company_1199,CREDITORS CONTROL - INTER COMPANY,,CL002,liability_non_current,1,liability,,base.main_company,no,
account_account_creditors_control_leasing,CREDITORS CONTROL - LEASING,,CL004,liability_non_current,1,liability,,base.main_company,no,
account_account_creditors_control_suspense_1140,CREDITORS CONTROL - SUSPENSE,,CL005,liability_non_current,1,liability,,base.main_company,no,
account_account_creditors_control_suspense_4544,CREDITORS CONTROL - SUSPENSE,,CL005,asset_non_current,1,asset,,Jinasena_MasterData_Common.res_company_jinasena_agricultural_machinery_pvt_ltd,no,
account_account_creditors_control_imports_1128,CREDITORS CONTROL - IMPORTS,,CL006,liability_payable,1,liability,1,base.main_company,no,
account_account_accrued_expenses_1132,ACCRUED EXPENSES,,CL007,liability_non_current,1,liability,,base.main_company,no,
account_account_provision_for_dimunition_value_of_invest,PROVISION FOR DIMUNITION VALUE OF INVESTMENTS,,CL008,liability_non_current,1,liability,,base.main_company,no,
account_account_provision_for_obsolete_inventory_1027,PROVISION FOR OBSOLETE INVENTORY,,CL009,asset_non_current,1,asset,,base.main_company,no,
account_account_provision_for_bad_debts_1189,PROVISION FOR BAD DEBTS,,CL010,liability_non_current,1,liability,,base.main_company,no,
account_account_provision_for_taxation_1078,PROVISION FOR TAXATION,,CL011,asset_current,1,asset,,base.main_company,no,
account_account_provision_for_esc,PROVISION FOR ESC,,CL012,asset_current,1,asset,,base.main_company,no,
account_account_advances_tractor_registration_1133,ADVANCES - TRACTOR REGISTRATION,,CL013,liability_non_current,1,liability,,base.main_company,no,
account_account_advances_motor_cycle_registration,ADVANCES - MOTOR CYCLE REGISTRATION,,CL014,liability_non_current,1,liability,,base.main_company,no,
account_account_advances_colombo_products,ADVANCES - COLOMBO PRODUCTS,,CL015,liability_non_current,1,liability,,base.main_company,no,
account_account_advances_colombo_repairs,ADVANCES - COLOMBO REPAIRS,,CL016,liability_non_current,1,liability,,base.main_company,no,
account_account_advances_center_products,ADVANCES - CENTER PRODUCTS,,CL017,liability_non_current,1,liability,,base.main_company,no,
account_account_advances_center_repairs_drip_irrigation,ADVANCES - CENTER REPAIRS & DRIP IRRIGATION,,CL018,liability_non_current,1,liability,,base.main_company,no,
account_account_excess_shortage_in_cash_department,EXCESS/SHORTAGE IN CASH DEPARTMENT,,CL019,liability_non_current,1,liability,,base.main_company,no,
account_account_social_fund_staff_workers,SOCIAL FUND - STAFF/WORKERS,,CL020,liability_non_current,1,liability,,base.main_company,no,
account_account_paye_payable_1143,PAYE - PAYABLE,,CL021,liability_non_current,1,liability,,base.main_company,no,
account_account_paye_executives_payable,PAYE  (EXECUTIVES) - PAYABLE,,CL022,liability_non_current,1,liability,,base.main_company,no,
account_account_epf_payable_1145,EPF - PAYABLE,,CL023,liability_non_current,1,liability,,base.main_company,no,
account_account_etf_payable_1146,ETF - PAYABLE,,CL024,liability_non_current,1,liability,,base.main_company,no,
account_account_salaries_payable_1147,SALARIES - PAYABLE,,CL025,liability_non_current,1,liability,,base.main_company,no,
account_account_wages_payable_1148,WAGES -PAYABLE,,CL026,liability_non_current,1,liability,,base.main_company,no,
account_account_provincial_council_t_t,PROVINCIAL COUNCIL - T.T,,CL027,liability_non_current,1,liability,,base.main_company,no,
account_account_vat_payable_1192,VAT PAYABLE,,CL028,liability_non_current,1,liability,,base.main_company,no,
account_account_cgir_wht_payable_deducted_on_services,CGIR - WHT PAYABLE  (DEDUCTED ON SERVICES),,CL029,liability_non_current,1,liability,,base.main_company,no,
account_account_trust_receipt_loan_1191,TRUST RECEIPT LOAN,,CL030,liability_non_current,1,liability,,base.main_company,no,
account_account_r_d_fund_windmarine,R & D FUND - WINDMARINE,,CL031,liability_non_current,1,liability,,base.main_company,no,
account_account_t_s_jinasena_snr,T.S. JINASENA (SNR),,CL032,liability_non_current,1,liability,,base.main_company,no,
account_account_t_n_jinasena,T.N. JINASENA,,CL033,liability_non_current,1,liability,,base.main_company,no,
account_account_t_r_jinasena,T.R. JINASENA,,CL034,liability_non_current,1,liability,,base.main_company,no,
account_account_r_t_jinasena,R.T. JINASENA,,CL035,liability_non_current,1,liability,,base.main_company,no,
account_account_t_s_jinasena_jnr,T.S. JINASENA (JNR),,CL036,liability_non_current,1,liability,,base.main_company,no,
account_account_advances_center_spares,ADVANCES - CENTER SPARES,,CL039,liability_non_current,1,liability,,base.main_company,no,
account_account_stamp_duty_payable_1155,STAMP DUTY PAYABLE,,CL040,liability_non_current,1,liability,,base.main_company,no,
account_account_sales_advances_1187,SALES - ADVANCES,,CL041,liability_non_current,1,liability,,base.main_company,no,
account_account_creditors_control_commission_1129,CREDITORS CONTROL - COMMISSION,,CL042,liability_non_current,1,liability,,base.main_company,no,
account_account_petty_cash_factory,PETTY CASH  - FACTORY,,CL043,liability_non_current,1,liability,,base.main_company,no,
account_account_petty_cash_factory_4543,PETTY CASH  - FACTORY,,CL043,asset_non_current,1,asset,,Jinasena_MasterData_Common.res_company_jinasena_agricultural_machinery_pvt_ltd,no,
account_account_nbt_payable,NBT PAYABLE,,CL044,liability_non_current,1,liability,,base.main_company,no,
account_account_advance_payments_projects,ADVANCE PAYMENTS - PROJECTS,,CL045,asset_current,1,asset,,base.main_company,no,
account_account_r_a_jinasena,R.A. JINASENA,,CL047,liability_non_current,1,liability,,base.main_company,no,
account_account_advances_suspense,ADVANCES - SUSPENSE,,CL048,liability_non_current,1,liability,,base.main_company,no,
account_account_auction_suspenses,AUCTION - SUSPENSES,,CL050,liability_non_current,1,liability,,base.main_company,no,
account_account_advances_for_water_plant_projects,ADVANCES FOR WATER PLANT PROJECTS,,CL051,asset_current,1,asset,,base.main_company,no,
account_account_head_office_payments_suspense,HEAD OFFICE PAYMENTS SUSPENSE,,CL052,liability_non_current,1,liability,,base.main_company,no,
account_account_provision_for_bad_debts_of_merged_compan,PROVISION FOR BAD DEBTS OF MERGED COMPANIES,,CL053,liability_non_current,1,liability,,base.main_company,no,
account_account_returend_standing_orders,RETUREND STANDING ORDERS,,CL054,liability_non_current,1,liability,,base.main_company,no,
account_account_creditor_control_employee_1160,CREDITOR CONTROL - EMPLOYEE,,CL055,liability_non_current,1,liability,,base.main_company,no,
account_account_with_holding_tax_payable_1195,WITH HOLDING TAX PAYABLE,,CL057,liability_non_current,1,liability,,base.main_company,no,
account_account_mrs_ruvini_jinasena,MRS.RUVINI JINASENA,,CL058,asset_current,1,asset,,base.main_company,no,
account_account_sales_commission_for_staff,SALES COMMISSION FOR STAFF,base.LKR,CM001,liability_payable,1,liability,1,base.main_company,no,
account_account_commercial_bank,Commercial Bank,base.LKR,COM.001,asset_cash,1,asset,,base.main_company,no,
account_account_cost_of_goods_sold_1218,COST OF GOODS SOLD,,CS001,expense_direct_cost,,expense,,base.main_company,no,
account_account_cost_of_raw_materials_sold_jam,COST OF RAW MATERIALS SOLD - JAM,,CS006,expense_direct_cost,,expense,,base.main_company,no,
account_account_cost_of_raw_materials_sold_other_cos,COST OF RAW MATERIALS SOLD - OTHER COS,,CS008,expense_direct_cost,,expense,,base.main_company,no,
account_account_general_issues_production_1221,GENERAL ISSUES - PRODUCTION,,CS021,expense_direct_cost,,expense,,base.main_company,no,
account_account_general_issues_services_repairs_1222,GENERAL ISSUES & SERVICES - REPAIRS,,CS022,expense_direct_cost,,expense,,base.main_company,no,
account_account_adjustments_to_stocks_short_excess_on_pu,ADJUSTMENTS TO STOCKS (SHORT/EXCESS ON PURCHASES),,CS024,expense_direct_cost,,expense,,base.main_company,no,
account_account_cost_of_imported_samples_1224,COST OF IMPORTED SAMPLES,,CS025,expense_direct_cost,,expense,,base.main_company,no,
account_account_expenses_product_modifications,EXPENSES - PRODUCT MODIFICATIONS,,CS026,expense_direct_cost,,expense,,base.main_company,no,
account_account_scrap_issues_1226,SCRAP ISSUES,,CS027,expense_direct_cost,,expense,,base.main_company,no,
account_account_diesel_issues_ekala,DIESEL ISSUES - EKALA,,CS028,expense_direct_cost,,expense,,base.main_company,no,
account_account_casting_melt_losses,CASTING MELT LOSSES,,CS029,expense_direct_cost,,expense,,base.main_company,no,
account_account_production_expenses_castings,PRODUCTION EXPENSES - CASTINGS,,CS030,expense_direct_cost,,expense,,base.main_company,no,
account_account_cost_of_materials_for_eicher_tractors,COST OF MATERIALS FOR EICHER TRACTORS,,CS031,expense_direct_cost,,expense,,base.main_company,no,
account_account_depreciation_bangalow_equipment,DEPRECIATION - BANGALOW EQUIPMENT,,DA001,expense,,expense,,base.main_company,no,
account_account_depreciation_bicycles,DEPRECIATION - BICYCLES,,DA002,expense,,expense,,base.main_company,no,
account_account_depreciation_computer_and_accessories,DEPRECIATION - COMPUTER AND ACCESSORIES,,DA003,expense,,expense,,base.main_company,no,
account_account_depreciation_fixtures_and_fittings_1397,DEPRECIATION - FIXTURES AND FITTINGS,,DA004,expense,,expense,,base.main_company,no,
account_account_depreciation_furniture_1398,DEPRECIATION - FURNITURE,,DA005,expense,,expense,,base.main_company,no,
account_account_depreciation_lease_hold_motor_vehicles,DEPRECIATION - LEASE HOLD MOTOR VEHICLES,,DA006,expense,,expense,,base.main_company,no,
account_account_depreciation_motor_vehicles,DEPRECIATION - MOTOR VEHICLES,,DA007,expense,,expense,,base.main_company,no,
account_account_depreciation_office_equipment_1401,DEPRECIATION - OFFICE EQUIPMENT,,DA008,expense,,expense,,base.main_company,no,
account_account_depreciation_other_equipment,DEPRECIATION - OTHER EQUIPMENT,,DA009,expense,,expense,,base.main_company,no,
account_account_depreciation_training_centre_assets,DEPRECIATION - TRAINING CENTRE ASSETS,,DA010,expense,,expense,,base.main_company,no,
account_account_depreciation_lease_hold_machineries,DEPRECIATION - LEASE HOLD MACHINERIES,,DA011,expense_direct_cost,,expense,,base.main_company,no,
account_account_sales_discounts_1302,SALES DISCOUNTS,,DC001,expense,,expense,,base.main_company,no,
account_account_workers_wages_1234,WORKERS - WAGES,,DL001,expense_direct_cost,,expense,,base.main_company,no,
account_account_workers_e_p_f_1235,WORKERS - E.P.F.,,DL002,expense_direct_cost,,expense,,base.main_company,no,
account_account_workers_e_t_f_1236,WORKERS - E.T.F.,,DL003,expense_direct_cost,,expense,,base.main_company,no,
account_account_workers_exgratia_1237,WORKERS - EXGRATIA,,DL004,expense_direct_cost,,expense,,base.main_company,no,
account_account_workers_overtime_1238,WORKERS - OVERTIME,,DL005,expense,,expense,,base.main_company,no,
account_account_workers_bonus_1239,WORKERS - BONUS,,DL006,expense_direct_cost,,expense,,base.main_company,no,
account_account_workers_gratuity_1240,WORKERS - GRATUITY,,DL007,expense_direct_cost,,expense,,base.main_company,no,
account_account_workers_medical_1241,WORKERS - MEDICAL,,DL008,expense_direct_cost,,expense,,base.main_company,no,
account_account_workers_casual_wages_1242,WORKERS - CASUAL WAGES,,DL009,expense_direct_cost,,expense,,base.main_company,no,
account_account_workers_welfare_expenses_1243,WORKERS - WELFARE EXPENSES,,DL010,expense_direct_cost,,expense,,base.main_company,no,
account_account_workers_compansation_insurance_1244,WORKERS - COMPANSATION INSURANCE,,DL011,expense_direct_cost,,expense,,base.main_company,no,
account_account_workers_training_1245,WORKERS - TRAINING,,DL012,expense_direct_cost,,expense,,base.main_company,no,
account_account_workers_meals_travelling_and_bata,WORKERS - MEALS TRAVELLING AND BATA,,DL013,expense_direct_cost,,expense,,base.main_company,no,
account_account_workers_contract_labour_1247,WORKERS - CONTRACT LABOUR,,DL014,expense_direct_cost,,expense,,base.main_company,no,
account_account_workers_pension,WORKERS - PENSION,,DL015,expense_direct_cost,,expense,,base.main_company,no,
account_account_workers_prject_overtime,WORKERS - PRJECT OVERTIME,,DL016,expense_direct_cost,,expense,,base.main_company,no,
account_account_workers_labour_cost_absorption,WORKERS - LABOUR COST ABSORPTION,,DL017,expense_direct_cost,,expense,,base.main_company,no,
account_account_depreciation_factory_building,DEPRECIATION - FACTORY BUILDING,,DM001,expense_direct_cost,,expense,,base.main_company,no,
account_account_depreciation_measuring_instruments,DEPRECIATION - MEASURING INSTRUMENTS,,DM002,expense_direct_cost,,expense,,base.main_company,no,
account_account_depreciation_mould_base_components,DEPRECIATION - MOULD BASE COMPONENTS,,DM003,expense_direct_cost,,expense,,base.main_company,no,
account_account_depreciation_plant_and_machinary_1254,DEPRECIATION - PLANT AND MACHINARY,,DM004,expense_direct_cost,,expense,,base.main_company,no,
account_account_depreciation_tools_1255,DEPRECIATION - TOOLS,,DM005,expense_direct_cost,,expense,,base.main_company,no,
account_account_depreciation_dimo_machinery,DEPRECIATION - DIMO MACHINERY,,DM006,expense,,expense,,base.main_company,no,
account_account_directors_fees_1303,DIRECTORS' FEES,,DS001,expense,,expense,,base.main_company,no,
account_account_directors_salaries,DIRECTORS' SALARIES,,DS002,expense,,expense,,base.main_company,no,
account_account_directors_gratuity,DIRECTORS' GRATUITY,,DS003,expense,,expense,,base.main_company,no,
account_account_expenses_export_promotion,EXPENSES - EXPORT PROMOTION,,EE001,expense,,expense,,base.main_company,no,
account_account_export_freight_handling,EXPORT - FREIGHT HANDLING,,EE005,expense,,expense,,base.main_company,no,
account_account_expenses_export, EXPENSES - EXPORT,,EE007,expense,,expense,,base.main_company,no,
account_account_export_sales,EXPORT SALES,,EI001,income,,income,1,base.main_company,no,
account_account_land_966,LAND,,FA001,asset_non_current,1,asset,,base.main_company,no,
account_account_lease_hold_property,LEASE HOLD PROPERTY,,FA002,asset_non_current,1,asset,1,base.main_company,no,
account_account_building_968,BUILDING,,FA003,asset_non_current,1,asset,,base.main_company,no,
account_account_plant_and_machinery_969,PLANT AND MACHINERY,,FA004,asset_non_current,1,asset,,base.main_company,no,
account_account_motor_vehicles_970,MOTOR VEHICLES,,FA005,asset_non_current,1,asset,1,base.main_company,no,
account_account_motor_vehicles_lease_hold_971,MOTOR VEHICLES - LEASE HOLD,,FA006,asset_non_current,1,asset,1,base.main_company,no,
account_account_furniture_972,FURNITURE,,FA007,asset_non_current,1,asset,,base.main_company,no,
account_account_fixtures_fittings_973,FIXTURES & FITTINGS,,FA008,asset_non_current,1,asset,1,base.main_company,no,
account_account_office_equipment_974,OFFICE EQUIPMENT,,FA009,asset_non_current,1,asset,1,base.main_company,no,
account_account_computers_accessori,COMPUTERS & ACCESSORI,,FA010,asset_non_current,1,asset,,base.main_company,no,
account_account_measuring_instruments,MEASURING INSTRUMENTS,,FA011,asset_non_current,1,asset,1,base.main_company,no,
account_account_bunglow_equipment,BUNGLOW EQUIPMENT,,FA012,asset_non_current,1,asset,,base.main_company,no,
account_account_other_equipment,OTHER EQUIPMENT,,FA013,asset_non_current,1,asset,1,base.main_company,no,
account_account_mould_base_components,MOULD BASE COMPONENTS,,FA014,asset_non_current,1,asset,1,base.main_company,no,
account_account_training_centre_assets,TRAINING CENTRE ASSETS,,FA015,asset_non_current,1,asset,1,base.main_company,no,
account_account_tools_981,TOOLS,,FA016,asset_non_current,1,asset,1,base.main_company,no,
account_account_bicycles,BICYCLES,,FA017,asset_non_current,1,asset,,base.main_company,no,
account_account_intangible_assets_software,INTANGIBLE ASSETS - SOFTWARE,,FA018,asset_non_current,1,asset,,base.main_company,no,
account_account_dimo_machinery,DIMO MACHINERY,,FA019,asset_non_current,1,asset,,base.main_company,no,
account_account_fixtures_new_building,FIXTURES - NEW BUILDING,,FA020,asset_non_current,1,asset,,base.main_company,no,
account_account_machineries_lease_hold,MACHINERIES - LEASE HOLD,,FA021,asset_non_current,1,asset,,base.main_company,no,
account_account_capital_work_in_progress,CAPITAL WORK IN PROGRESS,,FA022,asset_non_current,1,asset,,base.main_company,no,
account_account_exchange_rate_difference,EXCHANGE RATE DIFFERENCE,,FC001,expense,,expense,,base.main_company,no,
account_account_interest_medium_term_loan_cbc,INTEREST - (MEDIUM TERM LOAN) - CBC,,FC002,expense,,expense,,base.main_company,no,
account_account_interest_short_term_loan_hnb,INTEREST - (SHORT TERM LOAN) - HNB,,FC003,expense,,expense,,base.main_company,no,
account_account_interest_lease_1411,INTEREST - LEASE,,FC004,expense,,expense,,base.main_company,no,
account_account_interest_overdraft_1412,INTEREST - OVERDRAFT,,FC005,expense,,expense,,base.main_company,no,
account_account_interest_trust_receipt_loans_1413,INTEREST - TRUST RECEIPT LOANS,,FC006,expense,,expense,,base.main_company,no,
account_account_interest_public_bank_mortgage_loan,INTEREST - PUBLIC BANK MORTGAGE LOAN,,FC007,expense,,expense,,base.main_company,no,
account_account_interest_term_loan_public_bank,INTEREST - TERM LOAN - PUBLIC BANK,,FC008,expense,,expense,,base.main_company,no,
account_account_interest_term_loan_sampath_bank,INTEREST - TERM LOAN SAMPATH BANK,,FC009,expense,,expense,,base.main_company,no,
account_account_interest_short_term_loan_boc,INTEREST - (SHORT TERM LOAN) - BOC,,FC010,expense,,expense,,base.main_company,no,
account_account_interest_charged_to_special_project,INTEREST- CHARGED TO SPECIAL PROJECT,,FC011,expense,,expense,,base.main_company,no,
account_account_interest_revolving_loan_seylan_bank,INTEREST - REVOLVING LOAN - SEYLAN BANK,,FC012,expense,,expense,,base.main_company,no,
account_account_interest_director_s_loan,INTEREST - DIRECTOR'S LOAN,,FC013,expense,,expense,,base.main_company,no,
account_account_consumable_stores_issues_office,CONSUMABLE STORES ISSUES - OFFICE,,FO001,expense_direct_cost,,expense,,base.main_company,no,
account_account_consumable_for_assembly_centres0,CONSUMABLE FOR ASSEMBLY - CENTRES0,,FO002,expense_direct_cost,,expense,,base.main_company,no,
account_account_electricity_1264,ELECTRICITY,,FO003,expense_direct_cost,,expense,,base.main_company,no,
account_account_expenses_generator_running_1265,EXPENSES - GENERATOR RUNNING,,FO004,expense_direct_cost,,expense,,base.main_company,no,
account_account_expenses_insurance_manufacturing,EXPENSES - INSURANCE MANUFACTURING,,FO005,expense_direct_cost,,expense,,base.main_company,no,
account_account_expenses_transport_inward,EXPENSES - TRANSPORT (INWARD),,FO006,expense,,expense,,base.main_company,no,
account_account_expenses_water_sewerage_charges_1268,EXPENSES - WATER & SEWERAGE CHARGES,,FO007,expense_direct_cost,,expense,,base.main_company,no,
account_account_expenses_trade_licence_fees,EXPENSES - TRADE LICENCE FEES,,FO008,expense_direct_cost,,expense,,base.main_company,no,
account_account_expenses_r_d_1270,EXPENSES - R. & D.,,FO009,expense_direct_cost,,expense,,base.main_company,no,
account_account_expenses_rates_and_taxes_1271,EXPENSES - RATES AND TAXES,,FO010,expense_direct_cost,,expense,,base.main_company,no,
account_account_maintenance_ekala, MAINTENANCE-EKALA,,FO012,expense_direct_cost,,expense,,base.main_company,no,
account_account_factory_overhead_absorption,FACTORY OVERHEAD ABSORPTION,,FO013,expense_direct_cost,,expense,,base.main_company,no,
account_account_bank_charges_1323,BANK CHARGES,,GO001,expense,,expense,,base.main_company,no,
account_account_charges_courier,CHARGES  - COURIER,,GO002,expense,,expense,,base.main_company,no,
account_account_charity_and_donations_approved,CHARITY AND DONATIONS - APPROVED,,GO003,expense,,expense,,base.main_company,no,
account_account_charity_and_donations_not_approved,CHARITY AND DONATIONS - NOT APPROVED,,GO004,expense,,expense,,base.main_company,no,
account_account_disposal_of_assets_1407,DISPOSAL OF ASSETS,,GO006,expense,,expense,,base.main_company,no,
account_account_general_insurance_1327,GENERAL INSURANCE,,GO008,expense,,expense,,base.main_company,no,
account_account_general_medical_1328,GENERAL MEDICAL,,GO009,expense,,expense,,base.main_company,no,
account_account_licence_fees_1329,LICENCE FEES,,GO010,expense,,expense,,base.main_company,no,
account_account_newspapers_periodicals,"NEWSPAPERS , PERIODICALS",,GO011,expense,,expense,,base.main_company,no,
account_account_office_expenses_1331,OFFICE EXPENSES,,GO012,expense,,expense,,base.main_company,no,
account_account_printing,PRINTING,,GO013,expense,,expense,,base.main_company,no,
account_account_rent_1333,RENT,,GO015,expense,,expense,,base.main_company,no,
account_account_security_1334,SECURITY,,GO016,expense,,expense,,base.main_company,no,
account_account_social_responsibility_levy_on_i_t,SOCIAL RESPONSIBILITY LEVY ON I/T,,GO017,expense,,expense,,base.main_company,no,
account_account_stamp_duty_1336,STAMP DUTY,,GO018,expense,,expense,,base.main_company,no,
account_account_stock_written_off,STOCK WRITTEN-OFF,,GO019,expense,,expense,,base.main_company,no,
account_account_subscriptions,SUBSCRIPTIONS,,GO020,expense,,expense,,base.main_company,no,
account_account_telephone_1339,TELEPHONE,,GO021,expense,,expense,,base.main_company,no,
account_account_telex_internet_email_1340,"TELEX,. INTERNET, EMAIL",,GO022,expense,,expense,,base.main_company,no,
account_account_travelling_foreign,TRAVELLING - FOREIGN,,GO023,expense,,expense,,base.main_company,no,
account_account_travelling_local,TRAVELLING - LOCAL,,GO024,expense,,expense,,base.main_company,no,
account_account_bad_debts_1343,BAD DEBTS,,GO025,expense,,expense,,base.main_company,no,
account_account_expenses_city_guilds,EXPENSES - CITY & GUILDS,,GO026,expense,,expense,,base.main_company,no,
account_account_diminution_value_of_invesments,DIMINUTION VALUE OF INVESMENTS,,GO028,expense,,expense,,base.main_company,no,
account_account_postag_and_telegrams_1346,POSTAG AND TELEGRAMS,,GO029,expense,,expense,,base.main_company,no,
account_account_stationery_1347,STATIONERY,,GO030,expense,,expense,,base.main_company,no,
account_account_invoice_rounding_off_1348,INVOICE ROUNDING OFF,,GO031,expense,,expense,,base.main_company,no,
account_account_inventory_profit_loss,INVENTORY PROFIT/LOSS,,GO032,expense_direct_cost,,expense,,base.main_company,no,
account_account_entertainment,ENTERTAINMENT,,GO033,expense,,expense,,base.main_company,no,
account_account_expenses_staff_boarding_house_ekala,EXPENSES - STAFF BOARDING HOUSE EKALA,,GO037,expense,,expense,,base.main_company,no,
account_account_expenses_erp_system,EXPENSES - ERP SYSTEM,,GO038,expense,,expense,,base.main_company,no,
account_account_expenses_vehical_hiring,EXPENSES - VEHICAL HIRING,,GO040,expense,,expense,,base.main_company,no,
account_account_overheads_absorbed_on_manufactured_fg,OVERHEADS ABSORBED ON MANUFACTURED FG,,GO042,expense_direct_cost,,expense,,base.main_company,no,
account_account_carriage_outward,CARRIAGE OUTWARD,,GO044,expense,,expense,,base.main_company,no,
account_account_expenses_payrole_outsourcing,EXPENSES - PAYROLE OUTSOURCING,,GO045,expense,,expense,,base.main_company,no,
account_account_interim_a_c_for_expenses_customs_duty_1028,INTERIM A/C FOR EXPENSES - CUSTOMS DUTY,,IE001,asset_non_current,1,asset,,base.main_company,no,
account_account_interim_a_c_for_expenses_customs_vat_1029,INTERIM A/C FOR EXPENSES - CUSTOMS VAT,,IE002,asset_non_current,1,asset,,base.main_company,no,
account_account_interim_a_c_for_expenses_customs_other_c_1030,INTERIM A/C FOR EXPENSES - CUSTOMS OTHER CHARGES,,IE003,asset_non_current,1,asset,,base.main_company,no,
account_account_interim_a_c_for_expenses_clearing_charge_1031,INTERIM A/C FOR EXPENSES - CLEARING CHARGES,,IE004,asset_non_current,1,asset,,base.main_company,no,
account_account_goods_in_transit_1032,GOODS IN TRANSIT,,IE005,asset_non_current,1,asset,,base.main_company,no,
account_account_investment_jinasena_agricultural_machina,INVESTMENT-JINASENA AGRICULTURAL MACHINARY (PVT) LTD,,IG010,asset_non_current,1,asset,,base.main_company,no,
account_account_investment_jinasena_infotech_pvt_ltd,INVESTMENT-JINASENA INFOTECH (PVT) LTD,,IG014,asset_non_current,1,asset,,base.main_company,no,
account_account_investment_onak_erp_training_academy_pvt,INVESTMENT-ONAK ERP TRAINING ACADEMY (PVT) LTD,,IG015,asset_non_current,1,asset,,base.main_company,no,
account_account_interim_liability_import_vendors_1161,INTERIM LIABILITY - IMPORT VENDORS,,IL001,liability_non_current,1,liability,,base.main_company,no,
account_account_interim_liability_local_vendors_1162,INTERIM LIABILITY - LOCAL  VENDORS,,IL002,liability_non_current,1,liability,,base.main_company,no,
account_account_interim_liability_import_tp_vendors_1163,INTERIM LIABILITY -IMPORT TP  VENDORS,,IL003,liability_non_current,1,liability,,base.main_company,no,
account_account_investment_araliya_hotel_limited,INVESTMENT - ARALIYA HOTEL LIMITED,,IO001,asset_non_current,1,asset,,base.main_company,no,
account_account_investment_bolanka,INVESTMENT - BOLANKA,,IO002,asset_non_current,1,asset,,base.main_company,no,
account_account_investment_city_finance_corporation_ltd,INVESTMENT - CITY FINANCE CORPORATION LTD,,IO006,asset_non_current,1,asset,,base.main_company,no,
account_account_investment_fixed_deposit,INVESTMENT - FIXED DEPOSIT,,IO007,asset_current,1,asset,,base.main_company,no,
account_account_income_tax_1422,INCOME TAX,,IT001,expense,,expense,,base.main_company,no,
account_account_medium_term_loan_trj,MEDIUM TERM LOAN - TRJ,,LL001,liability_non_current,1,liability,,base.main_company,no,
account_account_term_loan_commercial_bank_of_ceylon_ltd,TERM LOAN - COMMERCIAL BANK OF CEYLON LTD,,LL002,liability_non_current,1,liability,,base.main_company,no,
account_account_deferred_taxation,DEFERRED TAXATION,,LL003,liability_non_current,1,liability,,base.main_company,no,
account_account_provision_for_gratuity_1114,PROVISION FOR GRATUITY,,LL004,liability_non_current,1,liability,,base.main_company,no,
account_account_term_loan_hatton_national_bank,TERM LOAN - HATTON NATIONAL  BANK,,LL005,liability_non_current,1,liability,,base.main_company,no,
account_account_mortgage_loans_public_bank,MORTGAGE LOANS - PUBLIC BANK,,LL006,liability_non_current,1,liability,,base.main_company,no,
account_account_term_loan_public_bank,TERM LOAN - PUBLIC BANK,,LL007,liability_non_current,1,liability,,base.main_company,no,
account_account_term_loan_sampath_bank,TERM LOAN - SAMPATH BANK,,LL008,liability_non_current,1,liability,,base.main_company,no,
account_account_term_loan_bank_of_ceylon,TERM LOAN - BANK OF CEYLON,,LL009,liability_non_current,1,liability,,base.main_company,no,
account_account_term_loan_seylan_bank_revolving_loan,TERM LOAN - SEYLAN BANK REVOLVING LOAN,,LL010,liability_non_current,1,liability,,base.main_company,no,
account_account_medium_term_loan_mrs_ruvini,MEDIUM TERM LOAN - MRS.RUVINI,,LL011,liability_non_current,1,liability,,base.main_company,no,
account_account_term_loan_peoples_bank_borrella,TERM LOAN - PEOPLES BANK-BORRELLA,,LL012,liability_non_current,1,liability,,base.main_company,no,
account_account_term_loan_ndb,TERM LOAN - NDB,,LL013,liability_non_current,1,liability,,base.main_company,no,
account_account_maintenance_bangalow,MAINTENANCE - BANGALOW,,MA001,expense,,expense,,base.main_company,no,
account_account_maintenance_bicycles,MAINTENANCE - BICYCLES,,MA002,expense,,expense,,base.main_company,no,
account_account_maintenance_computer_accessories,MAINTENANCE - COMPUTER ACCESSORIES,,MA003,expense,,expense,,base.main_company,no,
account_account_maintenance_fixtures_and_fittings,MAINTENANCE - FIXTURES AND FITTINGS,,MA004,expense,,expense,,base.main_company,no,
account_account_maintenance_furniture_1385,MAINTENANCE - FURNITURE,,MA005,expense,,expense,,base.main_company,no,
account_account_maintenance_motor_vehicles_pool,MAINTENANCE - MOTOR VEHICLES (POOL),,MA006,expense,,expense,,base.main_company,no,
account_account_maintenance_nuwara_eliya_bangalow_direct,MAINTENANCE - NUWARA ELIYA BANGALOW - DIRECTORS,,MA007,expense,,expense,,base.main_company,no,
account_account_maintenance_nuwara_eliya_staff_bangalow,MAINTENANCE - NUWARA ELIYA STAFF BANGALOW,,MA008,expense,,expense,,base.main_company,no,
account_account_maintenance_office_and_building,MAINTENANCE - OFFICE AND BUILDING,,MA009,expense,,expense,,base.main_company,no,
account_account_maintenance_ofice_equipment_1390,MAINTENANCE - OFICE EQUIPMENT,,MA010,expense,,expense,,base.main_company,no,
account_account_maintenance_photo_copier,MAINTENANCE - PHOTO COPIER,,MA011,expense,,expense,,base.main_company,no,
account_account_maintenance_lake_cresent_building,MAINTENANCE - LAKE CRESENT BUILDING,,MA012,expense,,expense,,base.main_company,no,
account_account_maintenance_other_equipment,MAINTENANCE - OTHER EQUIPMENT,,MA013,expense,,expense,,base.main_company,no,
account_account_maintenance_tools_1261,MAINTENANCE - TOOLS,,MA014,expense_direct_cost,,expense,,base.main_company,no,
account_account_sales_1211,SALES,,MI001,income,,income,1,base.main_company,no,
account_account_sales_inter_company_raw_materials,SALES-INTER COMPANY RAW MATERIALS,,MI002,income,,income,1,base.main_company,no,
account_account_sales_seeds,SALES - SEEDS,,MI003,income,,income,1,base.main_company,no,
account_account_sales_special_projects_1214,SALES - SPECIAL PROJECTS,,MI004,income,,income,1,base.main_company,no,
account_account_sold_not_delivered,SOLD NOT DELIVERED,,MI005,income,,income,1,base.main_company,no,
account_account_transfer_sales_manufacturing,TRANSFER SALES  (Manufacturing),,MI006,income,,income,1,base.main_company,no,
account_account_maintenance_factory_1257,MAINTENANCE - FACTORY,,MM001,expense_direct_cost,,expense,,base.main_company,no,
account_account_maintenance_factory_building_1258,MAINTENANCE - FACTORY BUILDING,,MM002,expense_direct_cost,,expense,,base.main_company,no,
account_account_maintenance_instruments,MAINTENANCE - INSTRUMENTS,,MM003,expense_direct_cost,,expense,,base.main_company,no,
account_account_maintenance_plant_and_machinary_1260,MAINTENANCE - PLANT AND MACHINARY,,MM004,expense_direct_cost,,expense,,base.main_company,no,
account_account_motor_vehicle_insurance,MOTOR VEHICLE - INSURANCE,,MV001,expense,,expense,,base.main_company,no,
account_account_motor_vehicle_running_expenses,MOTOR VEHICLE  - RUNNING EXPENSES,,MV002,expense,,expense,,base.main_company,no,
account_account_maintenance_motor_vehicle,MAINTENANCE - MOTOR VEHICLE,,MV003,expense,,expense,,base.main_company,no,
account_account_nation_building_tax_1423,NATION BUILDING TAX,,NT001,expense,,expense,,base.main_company,no,
account_account_expenses_peliyagoda_division,EXPENSES - PELIYAGODA DIVISION,,OD001,expense_direct_cost,,expense,,base.main_company,no,
account_account_expenses_die_and_mould_division,EXPENSES - DIE AND MOULD DIVISION,,OD002,expense_direct_cost,,expense,,base.main_company,no,
account_account_expenses_plastic_division,EXPENSES - PLASTIC DIVISION,,OD003,expense_direct_cost,,expense,,base.main_company,no,
account_account_expenses_tractor_assembly_division,EXPENSES - TRACTOR ASSEMBLY DIVISION,,OD005,expense_direct_cost,,expense,,base.main_company,no,
account_account_income_transport,INCOME - TRANSPORT,,OI001,income_other,,income,,base.main_company,no,
account_account_management_fees,MANAGEMENT FEES,,OI002,income_other,,income,,base.main_company,no,
account_account_rent_income,RENT-INCOME,,OI003,income_other,,income,,base.main_company,no,
account_account_sundry_income_1281,SUNDRY INCOME,,OI004,income_other,,income,,base.main_company,no,
account_account_dividend_income_on_investments,DIVIDEND INCOME (ON INVESTMENTS),,OI006,income_other,,income,,base.main_company,no,
account_account_income_city_guilds,INCOME - CITY & GUILDS,,OI007,income_other,,income,,base.main_company,no,
account_account_income_commission,INCOME - COMMISSION,,OI008,income_other,,income,,base.main_company,no,
account_account_interest_income_investemnt,INTEREST INCOME - INVESTEMNT,,OI009,expense,,expense,,base.main_company,no,
account_account_income_die_mould,INCOME-DIE & MOULD,,OI010,income_other,,income,,base.main_company,no,
account_account_auction_sale_income,AUCTION SALE INCOME,,OI011,income_other,,income,,base.main_company,no,
account_account_provision_for_amortization_software,PROVISION FOR AMORTIZATION - SOFTWARE,,PA001,asset_non_current,1,asset,,base.main_company,no,
account_account_provision_for_depreciation_buildings_987,PROVISION FOR DEPRECIATION - BUILDINGS,,PD001,asset_non_current,1,asset,,base.main_company,no,
account_account_provision_for_depreciation_plant_machi,PROVISION FOR DEPRECIATION - PLANT & MACHI,,PD002,asset_non_current,1,asset,1,base.main_company,no,
account_account_provision_for_depreciation_motor_vehicle_989,PROVISION FOR DEPRECIATION - MOTOR VEHICLES,,PD003,asset_non_current,1,asset,1,base.main_company,no,
account_account_provision_for_depreciation_leasehold_mot_990,PROVISION FOR DEPRECIATION - LEASEHOLD  MOTOR VEHICLES,,PD004,asset_non_current,1,asset,,base.main_company,no,
account_account_provision_for_depreciation_furniture_991,PROVISION FOR DEPRECIATION - FURNITURE,,PD005,asset_non_current,1,asset,,base.main_company,no,
account_account_provision_for_depreciation_fixtures_fitt_992,PROVISION FOR DEPRECIATION - FIXTURES & FITTINGS,,PD006,asset_non_current,1,asset,,base.main_company,no,
account_account_provision_for_depreciation_office_equipm_993,PROVISION FOR DEPRECIATION - OFFICE EQUIPMENT,,PD007,asset_non_current,1,asset,,base.main_company,no,
account_account_provision_for_depreciation_computers_acc,PROVISION FOR DEPRECIATION - COMPUTERS & ACCESSORIES,,PD008,asset_non_current,1,asset,,base.main_company,no,
account_account_provision_for_depreciation_mesuring_inst,PROVISION FOR DEPRECIATION - MESURING INSTRUMENTS,,PD009,asset_non_current,1,asset,,base.main_company,no,
account_account_provision_for_depreciation_bungalow_equi,PROVISION FOR DEPRECIATION - BUNGALOW EQUIPMENT,,PD010,asset_non_current,1,asset,,base.main_company,no,
account_account_provision_for_depreciation_other_equipme,PROVISION FOR DEPRECIATION - OTHER EQUIPMENT,,PD011,asset_non_current,1,asset,,base.main_company,no,
account_account_provision_for_depreciation_mould_base_co,PROVISION FOR DEPRECIATION - MOULD BASE COMPONENTS,,PD012,asset_non_current,1,asset,,base.main_company,no,
account_account_provision_for_depreciation_training_cent,PROVISION FOR DEPRECIATION - TRAINING CENTER ASSETS,,PD013,asset_non_current,1,asset,,base.main_company,no,
account_account_provision_for_depreciation_tools_1000,PROVISION FOR DEPRECIATION - TOOLS,,PD014,asset_non_current,1,asset,,base.main_company,no,
account_account_provision_for_depreciation_bicycles,PROVISION FOR DEPRECIATION - BICYCLES,,PD015,asset_non_current,1,asset,,base.main_company,no,
account_account_provision_for_depreciation_dimo_machiner,PROVISION FOR DEPRECIATION - DIMO MACHINERY,,PD016,asset_non_current,1,asset,,base.main_company,no,
account_account_provision_for_depreciation_leasehold_mac,PROVISION FOR DEPRECIATION - LEASEHOLD  MACHINERIES,,PD017,asset_non_current,1,asset,,base.main_company,no,
account_account_expenses_special_projects,EXPENSES - SPECIAL PROJECTS,,PE001,expense,,expense,,base.main_company,no,
account_account_expenses_new_projects,EXPENSES - NEW  PROJECTS,,PE002,expense,,expense,,base.main_company,no,
account_account_erp_marketing_expenses,ERP MARKETING EXPENSES,,PE003,expense,,expense,,base.main_company,no,
account_account_audit_fees_1354,AUDIT FEES,,PF001,expense,,expense,,base.main_company,no,
account_account_professional_fees,PROFESSIONAL FEES,,PF002,expense,,expense,,base.main_company,no,
account_account_leagal_expenses,LEAGAL EXPENSES,,PF003,expense,,expense,,base.main_company,no,
account_account_revenue,Revenue,,REV01,income,,income,1,base.main_company,no,
account_account_deferred_revenue_a_c,Deferred Revenue A/C,base.LKR,REV02,liability_current,1,liability,,base.main_company,validate,
account_account_r_u_g_pump,R.U.G. - PUMP,,RG002,expense,,expense,,base.main_company,no,
account_account_r_u_g_motor_cycles,R.U.G. - MOTOR CYCLES,,RG003,expense,,expense,,base.main_company,no,
account_account_r_u_g_agricultural_machinary,R.U.G. - AGRICULTURAL MACHINARY,,RG004,expense,,expense,,base.main_company,no,
account_account_r_u_g_spares,R.U.G. - SPARES,,RG005,expense,,expense,,base.main_company,no,
account_account_r_u_g_repairs,R.U.G. - REPAIRS,,RG006,expense,,expense,,base.main_company,no,
account_account_r_u_g_special_projects,R.U.G. - SPECIAL PROJECTS,,RG007,expense,,expense,,base.main_company,no,
account_account_issued_sharecapital,ISSUED SHARECAPITAL,,RS001,equity,1,equity,,base.main_company,no,
account_account_preferance_share_capital,PREFERANCE SHARE CAPITAL,,RS002,equity,1,equity,,base.main_company,no,
account_account_capital_redemption_reserve_fund,CAPITAL REDEMPTION RESERVE FUND,,RS003,equity,1,equity,,base.main_company,no,
account_account_retained_profit_1210,RETAINED PROFIT,,RS004,equity,1,equity,,base.main_company,no,
account_account_revaluation_reserve,REVALUATION RESERVE,,RS005,equity,1,equity,,base.main_company,no,
account_account_advance_against_shares_to_be_alloted,ADVANCE AGAINST SHARES TO BE ALLOTED,,RS008,equity,1,equity,,base.main_company,no,
account_account_tnj_share_swap_a_c,TNJ SHARE SWAP A/C,,RS009,equity,1,equity,,base.main_company,no,
account_account_rtj_share_swap_a_c,RTJ SHARE SWAP A/C,,RS010,equity,1,equity,,base.main_company,no,
account_account_tsj_share_swap_a_c,TSJ SHARE SWAP A/C,,RS011,equity,1,equity,,base.main_company,no,
account_account_merger_reserves,MERGER RESERVES,,RS012,equity,1,equity,,base.main_company,no,
account_account_reserve_e_d_b_grant,RESERVE-E.D.B GRANT,,RS013,equity,1,equity,,base.main_company,no,
account_account_staff_salaries_1306,STAFF - SALARIES,,SC001,expense,,expense,,base.main_company,no,
account_account_staff_e_p_f_1307,STAFF - E.P.F.,,SC002,expense,,expense,,base.main_company,no,
account_account_staff_e_t_f_1308,STAFF - E.T.F.,,SC003,expense,,expense,,base.main_company,no,
account_account_staff_ex_gratia_1309,STAFF - EX-GRATIA,,SC004,expense,,expense,,base.main_company,no,
account_account_staff_casual_salaries_1310,STAFF - CASUAL SALARIES,,SC005,expense,,expense,,base.main_company,no,
account_account_staff_bonus_1311,STAFF - BONUS,,SC006,expense,,expense,,base.main_company,no,
account_account_staff_gratuity_1312,STAFF - GRATUITY,,SC007,expense,,expense,,base.main_company,no,
account_account_staff_insurance_1313,STAFF - INSURANCE,,SC009,expense,,expense,,base.main_company,no,
account_account_staff_medical_1314,STAFF - MEDICAL,,SC010,expense,,expense,,base.main_company,no,
account_account_staff_pension_1315,STAFF - PENSION,,SC011,expense,,expense,,base.main_company,no,
account_account_staff_training_1316,STAFF - TRAINING,,SC012,expense,,expense,,base.main_company,no,
account_account_staff_travelling_and_bata,STAFF - TRAVELLING AND BATA,,SC013,expense,,expense,,base.main_company,no,
account_account_staff_welfare_expenses_1318,STAFF - WELFARE EXPENSES,,SC014,expense,,expense,,base.main_company,no,
account_account_staff_overtime_1319,STAFF - OVERTIME,,SC015,expense,,expense,,base.main_company,no,
account_account_staff_cost_psb_amortisation,STAFF COST - PSB AMORTISATION,,SC016,expense,,expense,,base.main_company,no,
account_account_staff_prject_overtime,STAFF - PRJECT OVERTIME,,SC017,expense,,expense,,base.main_company,no,
account_account_expenses_installations,EXPENSES - INSTALLATIONS,,SP002,expense,,expense,,base.main_company,no,
account_account_expenses_motor_cycle_divition,EXPENSES - MOTOR CYCLE DIVITION,,SP003,expense,,expense,,base.main_company,no,
account_account_expenses_water_filtering_and_purificatio,EXPENSES - WATER FILTERING AND PURIFICATION,,SP004,expense,,expense,,base.main_company,no,
account_account_expenses_tractor_division,EXPENSES - TRACTOR DIVISION,,SP005,expense,,expense,,base.main_company,no,
account_account_expenses_tea_cutter_project,EXPENSES - TEA CUTTER PROJECT,,SP006,expense,,expense,,base.main_company,no,
account_account_expenses_lanterns_project,EXPENSES - LANTERNS PROJECT,,SP007,expense,,expense,,base.main_company,no,
account_account_exppenses_new_products_services,EXPPENSES - NEW PRODUCTS & SERVICES,,SP008,expense,,expense,,base.main_company,no,
account_account_expenses_special_project_gnsp,EXPENSES - SPECIAL PROJECT-GNSP,,SP009,expense,,expense,1,base.main_company,no,
account_account_expenses_eicher_tractors,EXPENSES - EICHER TRACTORS,,SP010,expense,,expense,,base.main_company,no,
account_account_expenses_electrical_installations,EXPENSES - ELECTRICAL INSTALLATIONS,,SP011,expense,,expense,,base.main_company,no,
account_account_expenses_generator_promotion,EXPENSES - GENERATOR PROMOTION,,SP012,expense,,expense,,base.main_company,no,
account_account_expenses_solar_projects,EXPENSES - SOLAR PROJECTS,,SP013,expense,,expense,,base.main_company,no,
account_account_expenses_waste_management_projects,EXPENSES - WASTE MANAGEMENT PROJECTS,,SP014,expense,,expense,,base.main_company,no,
account_account_inventory_raw_materials_1012,INVENTORY - RAW MATERIALS,,ST001,asset_non_current,1,asset,1,base.main_company,no,
account_account_inventory_w_i_p_1013,INVENTORY - W I P,,ST002,asset_non_current,1,asset,,base.main_company,no,
account_account_inventory_finished_goods_1014,INVENTORY - FINISHED GOODS,,ST003,asset_non_current,1,asset,,base.main_company,no,
account_account_inventory_stationery_1015,INVENTORY - STATIONERY,,ST004,asset_non_current,1,asset,,base.main_company,no,
account_account_inventory_tools_1016,INVENTORY - TOOLS,,ST005,asset_non_current,1,asset,,base.main_company,no,
account_account_inventory_non_stock_items_1017,INVENTORY - NON STOCK ITEMS,,ST006,asset_non_current,1,asset,,base.main_company,no,
account_account_interim_a_c_for_local_purchases,INTERIM A/C FOR LOCAL PURCHASES,,ST007,asset_non_current,1,asset,,base.main_company,no,
account_account_material_consumption_projects_1231,MATERIAL CONSUMPTION - PROJECTS,,ST008,expense_direct_cost,,expense,,base.main_company,no,
account_account_inventory_wip_fixed_assets,INVENTORY - WIP - FIXED ASSETS,,ST009,asset_non_current,1,asset,,base.main_company,no,
account_account_inventory_wip_plastics,INVENTORY - WIP - PLASTICS,,ST010,asset_non_current,1,asset,,base.main_company,no,
account_account_inventory_finish_goods_overheads_1021,INVENTORY - FINISH GOODS OVERHEADS,,ST011,asset_non_current,1,asset,,base.main_company,no,
account_account_inventory_welfare_shop_stock,INVENTORY - WELFARE SHOP STOCK,,ST012,asset_non_current,1,asset,,base.main_company,no,
account_account_inventory_wip_factory_oh_cost,INVENTORY - WIP FACTORY OH COST,,ST013,asset_non_current,1,asset,,base.main_company,no,
account_account_inventory_wip_labour_cost,INVENTORY - WIP LABOUR COST,,ST014,asset_non_current,1,asset,,base.main_company,no,
account_account_inventory_assets_adjustment,INVENTORY - ASSETS ADJUSTMENT,,ST015,asset_non_current,1,asset,,base.main_company,no,
account_account_turnover_tax,TURNOVER TAX,,TT001,expense,,expense,,base.main_company,no,
account_account_value_added_tax_1425,VALUE ADDED TAX,,VT001,expense,,expense,,base.main_company,no,
account_account_tax_written_off_1406,TAX WRITTEN OFF,,VT002,expense,,expense,,base.main_company,no,
